i1,i2,i3,i4,i5,i6,i7,i8,i9,i10
150,67,379,147,226,188,73,223,3012,227
815,2681,2644,2642,746,845,778,2940,780,2641
683,2697,1291,645,682,911,1289,1557,1595,1253
90,87,26,24,97,92,91,136,137,98
947,683,1252,872,682,1215,949,1289,911,1253
2773,2732,2735,2983,2766,2803,2772,2733,2771,2809
417,2810,645,339,455,492,340,2809,378,341
188,67,226,72,379,73,3012,36,227,341
1179,1445,1520,1406,1216,1482,1368,1483,1254,1444
31,68,33,67,72,35,37,34,73,36
2735,2641,2726,2733,2809,2803,2727,2771,2766,2763
1316,1151,2935,1203,1114,1126,1124,1072,1393,1149
1114,1072,1151,1108,1143,1107,1068,2935,1145,1149
2590,2592,2795,2554,2553,2552,2755,2513,912,2514
340,455,414,379,339,2811,2998,227,2810,341
2839,36,2842,2849,2884,2887,2885,2886,2880,2881
1327,949,1252,3037,1215,1291,1594,1595,1289,1253
990,1368,1064,1180,1028,1406,1216,1179,1254,1444
612,534,3025,571,532,912,573,608,609,611
570,608,609,2546,2394,874,913,950,951,912
1068,1107,1141,1102,1181,1218,1145,1180,1143,1179
949,1252,3037,1557,1594,1291,1595,1215,1289,1253
949,1252,3037,1557,1215,1291,1594,1595,1289,1253
3029,1595,911,949,1252,1291,1557,1215,1289,1253
113,68,33,67,37,35,34,73,72,36
323,173,119,136,152,98,137,91,92,324
160,197,3011,196,400,173,195,119,152,324
1252,1633,3037,1215,1594,1557,1291,1289,1595,1253
2476,2985,2513,2514,2546,874,913,950,951,912
1064,1181,1141,1028,1254,1218,1102,1143,1180,1179
1144,2935,1108,1180,1107,1179,1068,1143,1149,1145
2849,2622,2394,2886,2546,2839,2880,2842,2881,912
1203,1114,1048,1151,2935,1316,1393,1072,1124,1149
1218,1064,1140,1149,1068,1145,1180,1143,1179,1102
340,455,414,379,339,2811,2998,2810,227,341
535,3025,534,494,573,571,608,532,611,609
378,379,2998,340,414,455,227,339,2810,341
1633,1252,3037,1557,1215,1594,1291,1595,1289,1253
1252,1633,3037,1215,1557,1594,1291,1289,1595,1253
874,988,2470,2395,950,913,2394,951,912,2546
1252,1633,3037,1215,1557,1594,1291,1289,1595,1253
2604,2606,2602,2560,2643,2683,2646,2681,2642,2641
949,1252,3037,1557,1594,1215,1291,1595,1289,1253
2476,836,2513,2514,2985,874,951,913,950,912
990,1028,1180,1216,1102,950,1064,1444,1254,1179
1291,3029,1252,1557,947,949,1289,1215,911,1253
2940,1316,1088,1314,783,1203,1048,1279,778,1089
1088,1089,1114,1393,1151,1052,1149,1316,1048,1124
1126,1316,1203,1151,1124,1114,2935,1072,1393,1149
878,879,1179,952,953,951,1140,1064,950,1102
2770,2773,2845,2808,341,2848,2809,2811,2998,2810
113,68,33,67,37,34,35,73,72,36
845,815,844,878,880,2560,841,879,883,846
159,571,156,196,114,117,121,116,152,119
1252,1633,3037,1215,1557,1594,1291,1289,1595,1253
227,113,33,35,67,37,72,34,73,36
1218,1180,950,1145,1068,1179,1140,1064,1143,1102
1633,1252,3037,1215,1557,1594,1291,1595,1289,1253
1148,1068,1108,1072,1070,2935,1114,1145,1151,1149
158,3011,160,121,159,197,195,196,152,119
1101,1633,3037,1215,1594,1557,1291,1289,1595,1253
836,2985,988,2394,2546,874,913,950,951,912
116,160,197,159,195,121,196,324,152,119
1181,1028,1140,1216,1064,1218,1180,1102,1143,1179
608,119,494,534,152,532,571,609,611,573
2842,2806,2847,2849,2848,2845,2881,2810,2998,2811
1149,1068,1221,1144,1181,1107,1180,1179,1145,1143
2471,950,2432,2585,913,2470,951,2394,2546,912
1633,1252,3037,1557,1215,1594,1291,1595,1289,1253
2811,2733,2772,2803,2808,2998,2771,2773,2810,2809
188,223,72,67,379,3012,36,73,341,227
682,1252,3029,1215,1291,911,1289,1557,1595,1253
3009,190,191,196,116,194,119,153,195,152
2966,1429,1149,1355,1314,1126,1393,1203,1392,1391
949,1557,1252,3037,1215,1594,1291,1595,1289,1253
2585,2432,2395,2470,950,913,2394,951,912,2546
3037,1215,2734,1633,1594,1291,1289,1557,1595,1253
1406,1218,1216,1408,1028,1143,1180,1254,1444,1179
1557,1215,1289,872,835,683,607,911,682,1253
2806,2470,2886,2394,2880,2839,2881,2842,2546,912
1107,1108,1151,1148,1114,1110,1072,1145,2935,1149
1953,1393,1111,1148,1110,1151,1114,1072,2935,1149
836,2985,2394,2546,988,874,913,950,951,912
3025,571,534,611,494,532,608,570,304,609
1252,1633,3037,1215,1557,1594,1291,1289,1595,1253
1107,1108,1148,1151,1114,1110,1145,1072,2935,1149
87,92,97,35,136,26,91,24,137,98
874,2394,1026,952,2546,988,913,950,912,951
542,583,577,119,197,160,538,2964,576,3011
949,1327,1252,3037,1215,1291,1594,1595,1289,1253
99,63,97,91,136,24,26,35,137,98
113,265,379,2811,73,3012,72,36,227,341
1102,1254,1064,1026,952,913,988,912,950,951
1327,949,1252,3037,1215,1291,1594,1595,1289,1253
1633,1252,1557,3037,1215,1594,1291,1595,1289,1253
876,2600,2681,1102,2644,2640,950,2642,2641,2560
1327,1557,1252,3037,1215,1291,1594,1595,1289,1253
2585,2471,2432,950,2470,913,951,2394,2546,912
1182,1144,1408,1181,1107,1145,1221,1180,1143,1179
949,1252,1327,3037,1215,1291,1594,1595,1289,1253
2605,2604,2681,2641,2683,2603,2646,2645,2643,2606
1557,949,1252,3037,1215,1594,1291,1595,1289,1253
1633,1252,1557,3037,1215,1594,1291,1595,1289,1253
1252,3037,1215,1633,1557,1594,1291,1289,1595,1253
417,73,455,340,339,36,3012,379,227,341
1143,990,1028,1216,1102,1180,1064,1444,1254,1179
58,87,24,90,97,91,136,92,137,98
1101,1215,3037,1633,1557,1594,1291,1289,1253,1595
611,608,609,2546,2394,874,913,950,951,912
1633,1252,3037,1215,1557,1594,1291,1595,1289,1253
950,1028,1218,1140,1254,1064,1143,1180,1102,1179
990,988,1482,1368,1520,1216,950,951,1254,1444
1252,1215,3037,1633,1557,1594,1291,1289,1595,1253
190,191,3009,194,196,116,153,119,195,152
1355,1110,1316,1124,1151,1393,1114,2935,1072,1149
952,1218,953,1140,1179,1143,951,1064,950,1102
1148,1392,1111,1393,1110,1151,1114,2935,1072,1149
988,874,2395,2470,950,913,2394,951,912,2546
1145,1124,1148,1110,846,1072,2935,1114,1151,1149
1216,1520,1026,952,912,988,1254,950,1444,951
1110,1126,1114,1203,2935,1393,1072,1392,1391,1149
1633,1252,1557,3037,1215,1594,1291,1595,1289,1253
1355,1392,1151,1391,1110,1393,1114,2935,1072,1149
1521,1445,1406,1520,1482,1216,1368,1483,1254,1444
879,841,2639,2600,2681,2644,2640,2642,2560,2641
90,173,324,97,152,137,91,136,98,92
949,1557,1252,3037,1215,1291,1594,1595,1289,1253
1975,1633,2734,1594,1974,1291,1557,1289,1253,1595
2643,953,841,2606,1064,879,846,878,950,1102
1108,1143,1107,1072,1114,1068,1151,2935,1145,1149
1144,1221,1148,1110,1108,1072,1107,2935,1145,1149
113,68,33,37,35,67,34,73,72,36
1114,1124,1151,1149,2606,780,815,883,778,846
1252,1633,3037,1215,1594,1557,1291,1289,1595,1253
187,265,67,113,3012,73,72,36,341,227
1101,1252,1557,3037,1215,1594,1291,1595,1289,1253
1327,949,1252,3037,1215,1291,1594,1595,1289,1253
2433,988,2470,913,950,2395,2394,912,951,2546
1252,1633,3037,1215,1557,1594,1291,1289,1595,1253
1148,1107,1108,1072,1114,1068,1151,2935,1145,1149
949,1252,3037,1557,1594,1291,1215,1595,1289,1253
1126,1048,778,1316,1114,1151,1089,1393,1124,1149
2642,2641,841,883,917,878,880,950,2560,879
2644,846,778,808,841,2642,780,2641,883,845
1252,1633,3037,1215,1557,1594,1291,1289,1595,1253
2734,2011,1633,1594,1557,1291,1289,1974,1253,1595
1110,1148,1070,1108,1145,1072,1114,2935,1151,1149
2595,912,2719,2640,2515,2553,2554,2720,2556,2514
1316,1124,1355,1151,1203,1114,2935,1393,1072,1149
1252,1633,3037,1215,1594,1291,1557,1289,1595,1253
35,68,37,113,33,34,67,73,72,36
1633,1252,3037,1557,1215,1594,1291,1289,1595,1253
2734,3037,1215,1633,1594,1291,1557,1289,1595,1253
1145,1064,1068,1072,2935,1114,1151,1102,846,1149
1151,1048,1126,1114,1203,1316,1072,1124,1393,1149
1252,1633,3037,1215,1557,1594,1291,1289,1595,1253
1252,1633,3037,1215,1557,1594,1291,1289,1595,1253
1252,1633,3037,1215,1557,1594,1291,1289,1595,1253
949,1252,1557,3037,1215,1291,1594,1595,1289,1253
2639,2606,841,845,2604,2646,2644,2681,2642,2641
949,1327,1252,3037,1215,1291,1594,1595,1289,1253
1316,1048,1088,2966,1391,1126,1393,1089,1314,1203
911,3037,1215,1633,1594,1291,1557,1289,1595,1253
949,1327,1252,3037,1215,1291,1594,1595,1289,1253
1327,949,1252,3037,1215,1291,1594,1595,1289,1253
153,116,194,191,159,197,196,119,195,152
1557,949,1252,3037,1595,1291,1594,1215,1289,1253
1520,1064,1026,952,912,988,1254,950,1444,951
571,304,534,494,532,3025,611,608,570,609
1252,1633,3037,1215,1557,1594,1291,1289,1595,1253
2884,2834,2885,2887,2839,2842,2886,2880,912,2881
2811,340,379,455,414,2998,339,227,2810,341
1124,1148,1393,1111,1110,1151,1114,1072,2935,1149
1215,3037,1633,2734,1594,1291,1289,1557,1253,1595
156,121,116,160,159,197,196,195,119,152
2395,2470,874,988,2394,913,950,2546,912,951
1289,835,949,1215,1287,2645,948,1253,911,947
1216,2471,914,2985,1102,2546,913,950,912,951
911,3037,1633,1215,1594,1291,1289,1557,1595,1253
68,37,33,227,113,34,67,73,72,36
37,3012,33,34,113,67,73,227,72,36
1406,1292,1482,1368,1520,1216,951,950,1254,1444
1392,1355,1151,1203,1391,1114,2935,1393,1072,1149
1101,1252,1557,3037,1215,1594,1291,1595,1289,1253
3037,1215,911,1633,1594,1291,1557,1289,1595,1253
1111,1110,1393,846,1124,2935,1072,1114,1151,1149
1145,1393,1148,1111,1110,1151,1114,1072,2935,1149
1108,1111,1145,1148,1110,1072,1114,2935,1151,1149
1520,1216,1026,952,912,988,1254,950,1444,951
1316,1355,2935,1392,1072,1126,1203,1393,1391,1149
1633,1252,3037,1215,1557,1594,1291,1595,1289,1253
455,340,2811,378,2808,339,2809,2998,341,2810
949,1252,1557,3037,1215,1291,1594,1595,1289,1253
1049,1355,1052,1088,1124,1393,1089,1316,1048,1203
1143,1254,1026,1216,952,1179,1064,1102,951,950
1068,1064,1141,1140,1145,1218,1102,1143,1180,1179
1355,1392,1114,1126,2935,1391,1203,1072,1393,1149
164,196,195,438,119,400,324,197,160,3011
2585,2471,2432,2470,950,913,2394,951,2546,912
2395,874,2470,988,2394,913,950,2546,912,951
1126,1151,1391,1355,1114,1203,2935,1393,1072,1149
1026,952,1216,1368,1520,988,950,1254,951,1444
72,36,2842,2884,2887,2849,2885,2886,2880,2881
1633,1252,3037,1557,1215,1594,1291,1595,1289,1253
1355,1114,1126,1203,2935,1072,1393,1392,1391,1149
2395,608,609,874,2546,2394,913,950,951,912
846,880,950,841,2642,878,879,1102,2641,2560
2998,265,414,339,2811,3012,36,379,227,341
1144,2935,1102,1107,1180,1068,1143,1179,1145,1149
2834,36,2842,2849,2884,2885,2887,2886,2880,2881
2508,2432,2395,950,913,2470,951,2394,912,2546
187,226,265,379,73,72,3012,36,227,341
577,536,583,119,574,538,612,611,573,576
3012,36,414,339,379,2998,2811,2810,227,341
1048,1124,1314,1316,1149,1089,1391,1126,1393,1203
1102,2513,874,2514,2476,2985,913,950,951,912
880,2639,841,879,2681,2640,2644,2642,2560,2641
1327,949,1252,3037,1215,1291,1594,1595,1289,1253
1355,1088,1149,1126,1089,1048,1124,1316,1393,1203
233,116,196,191,119,194,3009,153,195,152
949,1557,1252,3037,1594,1291,1215,1595,1289,1253
1595,949,1252,3029,1291,1557,1215,1289,911,1253
1393,1148,1124,1111,1110,1114,1072,2935,1151,1149
1252,1633,3037,1215,1557,1594,1291,1289,1595,1253
1144,1110,1148,1221,1072,1108,2935,1107,1145,1149
2471,2550,2509,951,2551,950,2513,913,2514,912
815,846,2966,1126,818,1203,1314,780,1089,778
1252,1633,3037,1215,1557,1594,1291,1289,1595,1253
1218,1179,951,878,953,1140,1143,1064,950,1102
1974,1633,2734,911,2697,1291,1289,1557,1595,1253
1124,1148,1111,1393,1110,1151,1114,1072,2935,1149
113,68,33,37,67,35,34,72,73,36
67,68,37,26,72,73,34,33,35,36
1180,1144,1179,1108,2935,1068,1143,1107,1145,1149
950,1180,1179,1140,1064,1068,1149,1145,1143,1102
1026,952,874,2394,988,2546,913,950,912,951
1445,1520,1216,1179,1482,1368,1406,1483,1254,1444
1292,1179,1483,1406,1482,1520,1216,1368,1254,1444
949,1252,1327,3037,1215,1291,1595,1594,1289,1253
187,265,67,113,3012,73,72,36,341,227
988,952,1216,1102,1064,1179,1444,1254,950,951
609,571,116,532,195,196,611,119,573,152
197,196,573,2964,3011,577,583,119,538,576
949,1252,3037,1557,1215,1291,1594,1595,1289,1253
1287,1250,1252,1289,911,948,947,949,1215,1253
2551,2432,2471,2470,950,2394,913,951,2546,912
949,1252,1557,3037,1215,1291,1594,1595,1289,1253
1633,1252,3037,1557,1215,1594,1291,1595,1289,1253
1103,1066,1181,1180,1216,1179,1102,1217,1218,1143
1179,1292,1483,1406,1482,1520,1368,1216,1254,1444
1124,1203,1151,1316,1114,1355,1393,2935,1072,1149
949,1252,1557,3037,1215,1291,1594,1595,1289,1253
1252,1633,3037,1215,1594,1557,1291,1289,1595,1253
1074,1111,1393,1110,1124,1114,2935,1072,1151,1149
1124,1355,1111,1110,1393,1151,1114,2935,1072,1149
1327,949,1252,3037,1215,1291,1594,1595,1289,1253
1254,990,1179,1026,952,1102,1064,988,951,950
1148,1124,1111,1393,1110,1151,1114,2935,1072,1149
949,1252,1557,3037,1215,1594,1291,1595,1289,1253
1108,1111,1145,1148,1110,1114,1151,1072,2935,1149
1026,1444,952,988,1254,1179,1102,1064,951,950
1124,1145,1111,1148,1110,1072,1114,2935,1151,1149
1520,1445,1216,1179,1482,1368,1406,1483,1254,1444
2735,2772,2733,2764,2727,2809,2766,2771,2763,2803
1393,1187,1148,1111,1151,1110,1114,1072,2935,1149
609,798,912,608,576,874,646,612,573,611
1215,3037,911,1633,1594,1557,1291,1289,1253,1595
33,34,3012,341,67,113,73,72,227,36
917,880,878,2644,879,2640,950,2642,2641,2560
1026,1254,952,913,1444,2546,988,950,912,951
1974,2808,2733,1557,2697,2734,1253,2810,1595,2809
1594,1633,2697,3029,1291,911,1289,1557,1595,1253
1114,1187,1108,1221,1148,1145,1072,1110,2935,1149
2771,2729,835,2689,2733,2766,683,682,2727,607
1216,1368,1255,1521,1482,1408,1445,1254,1483,1444
1521,1292,1406,1520,1482,1368,1483,1216,1254,1444
2804,341,2849,2806,2847,2848,2810,2845,2998,2811
606,455,492,340,645,682,378,683,643,607
2560,952,878,953,988,1064,879,951,1102,950
1203,1355,1429,1393,1110,2935,1072,1149,1391,1392
607,683,2771,378,682,2733,645,1253,1595,2809
1633,1252,3037,1215,1557,1594,1291,1289,1595,1253
3011,160,400,197,121,196,195,119,324,152
1429,1355,1114,1393,1110,2935,1072,1391,1392,1149
1291,911,2734,1289,2733,2697,1557,2809,1595,1253
1316,1111,1393,1074,1124,2935,1114,1072,1151,1149
1148,1144,1072,1143,1108,1068,2935,1107,1145,1149
3037,1974,911,1633,1594,1291,1557,1289,1253,1595
3025,534,571,494,611,608,532,304,570,609
1028,1406,1483,1292,1482,1520,1368,1216,1254,1444
1393,1148,1114,1379,1391,1072,1392,2935,1110,1149
1108,1148,1110,1068,1114,1072,1145,1151,2935,1149
1028,1140,1141,1181,1145,1218,1102,1180,1143,1179
1064,1216,952,1026,988,1254,912,1444,950,951
917,1064,953,2641,951,878,879,2560,1102,950
1147,1110,1148,1108,1144,1107,1146,1149,1145,1221
1216,1408,1445,1368,1482,1406,1483,1179,1254,1444
1252,1633,3037,1215,1557,1594,1291,1289,1595,1253
1124,1355,1314,1316,1089,1149,1126,1391,1203,1393
2697,1633,3029,1215,1291,911,1289,1557,1595,1253
1336,1183,1149,1107,1412,1379,1374,1145,1146,1221
1145,1374,1410,1371,1293,1412,1448,1408,1146,1221
1633,1252,3037,1557,1215,1594,1291,1289,1595,1253
2811,379,340,414,455,227,2998,339,2810,341
3029,1291,1289,2809,911,2733,2697,1595,1557,1253
1240,1089,1355,2966,1126,1393,1392,1314,1203,1391
1203,1316,1126,1124,1151,2935,1114,1072,1393,1149
187,226,265,379,72,73,3012,36,227,341
1101,1252,1557,3037,1215,1594,1291,1595,1289,1253
1337,1259,1448,1298,1145,1412,1379,1374,1146,1221
1521,1292,1406,1482,1520,1483,1368,1216,1254,1444
187,226,265,379,72,73,3012,36,227,341
1187,1108,1148,1145,1151,1114,1110,1072,2935,1149
1633,3029,1594,1215,911,1291,1289,1557,1595,1253
1594,1557,1291,645,1289,2810,1974,1253,2809,1595
1111,1151,1393,1114,1110,1391,1392,2935,1072,1149
990,952,1102,988,1064,1179,951,1254,1444,950
1088,1316,1149,1089,1392,1314,1126,1393,1203,1391
1108,1111,1145,1148,1110,1151,1114,1072,2935,1149
1252,1215,3037,1633,1557,1594,1291,1289,1253,1595
1298,1259,1371,1410,1412,1374,1448,1408,1146,1221
306,532,266,494,152,381,345,343,609,304
2395,2432,874,2470,950,913,2394,951,2546,912
1975,2011,1633,1557,1594,1974,1291,1289,1253,1595
1336,1183,1149,1107,1412,1379,1374,1145,1146,1221
1216,1368,1520,1026,952,988,950,1254,1444,951
1180,1368,1482,1406,1445,1408,1179,1483,1254,1444
1180,990,1028,1368,1064,1406,1216,1179,1254,1444
1146,1181,1144,1180,1149,1179,1221,1107,1143,1145
187,226,265,379,72,73,3012,36,227,341
949,1557,1252,3037,1215,1594,1291,1595,1289,1253
113,68,33,67,37,34,35,72,73,36
1088,1149,1316,1089,1392,1314,1126,1393,1203,1391
1316,1109,1052,1074,1124,1114,2935,1072,1151,1149
1393,1148,1114,1379,1391,1072,2935,1110,1392,1149
1203,1124,1151,1126,1391,2935,1114,1072,1393,1149
949,1327,1252,3037,1215,1291,1594,1595,1289,1253
1141,1029,1218,950,1140,1180,1143,1064,1179,1102
683,1974,911,1557,1291,682,645,1289,1253,1595
1252,1633,3037,1215,1557,1594,1291,1289,1595,1253
990,1482,1292,1368,1520,1216,951,950,1254,1444
835,2643,2602,2683,1102,2646,2681,2560,2642,2641
1144,1146,1181,1180,1107,1408,1145,1179,1143,1221
1252,1633,1215,3037,1557,1594,1291,1289,1595,1253
1393,1088,1048,1126,1240,2966,1391,1089,1203,1314
1252,1215,3037,1633,1557,1594,1291,1289,1253,1595
1149,1048,1124,1316,1314,1089,1126,1391,1393,1203
949,1252,1327,3037,1215,1291,1594,1595,1289,1253
339,226,265,72,379,73,3012,36,227,341
1108,1181,1144,1068,1107,1180,1149,1143,1145,1179
192,230,345,191,267,195,190,153,304,152
1111,1108,1148,1145,1110,1151,1114,1072,2935,1149
1279,778,1048,1088,1240,1126,2966,1203,1314,1089
1126,1392,1124,1110,1393,1151,1114,2935,1072,1149
2966,2940,1240,783,1279,1203,780,778,1314,1089
949,1252,1557,3037,1215,1594,1291,1595,1289,1253
949,1252,1327,3037,1215,1291,1595,1594,1289,1253
535,3025,494,571,534,532,608,573,609,611
815,2966,1279,783,818,1203,1314,1089,780,778
1108,1408,1412,1181,1144,1149,1107,1145,1146,1221
3025,535,494,571,534,532,608,609,573,611
2772,2848,2770,2811,2771,2773,2808,2998,2809,2810
187,226,265,379,72,73,3012,36,227,341
187,265,67,113,3012,73,72,36,341,227
2983,2773,2770,2697,2772,2808,2771,2810,2733,2809
2985,953,912,876,951,2642,2641,1102,950,2560
1148,1412,1110,1107,1374,1379,1145,1149,1146,1221
1374,1072,2935,1145,1148,1146,1110,1379,1221,1149
1974,1633,1594,2697,1291,1289,2734,1557,1253,1595
949,1557,1252,3037,1215,1291,1594,1595,1289,1253
339,226,265,379,72,73,3012,36,227,341
1292,1179,1406,1520,1482,1216,1368,1483,1254,1444
1111,1124,1148,1110,846,1072,2935,1114,1151,1149
2644,746,2642,815,883,845,2940,778,2641,780
1144,1254,1107,1141,1218,1181,1145,1180,1143,1179
492,414,340,455,378,339,2809,2998,341,2810
187,265,113,67,3012,72,73,36,341,227
191,190,196,194,3009,116,119,153,195,152
1147,1187,1379,1145,1148,1221,1072,2935,1110,1149
810,2940,2606,849,818,815,780,883,846,778
883,2935,1393,1072,1124,778,1114,1151,846,1149
68,37,33,227,113,34,67,73,72,36
1124,1148,1111,1393,1110,1151,1114,1072,2935,1149
1252,1633,1215,3037,1557,1594,1291,1289,1595,1253
3025,646,608,609,951,611,913,874,950,912
810,2940,783,1089,883,815,846,818,778,780
3037,911,1974,1633,1594,1557,1291,1289,1253,1595
1141,1102,1216,1218,1028,1444,1143,1254,1180,1179
187,226,265,379,73,72,3012,36,227,341
952,874,2470,988,2394,913,950,2546,912,951
949,1252,1557,3037,1215,1291,1594,1595,1289,1253
1279,846,783,1089,883,818,2940,815,778,780
1144,1254,1107,1141,1181,1218,1145,1180,1143,1179
1633,645,1594,2011,1291,1289,2809,1974,1253,1595
1252,1633,3037,1215,1557,1594,1291,1289,1595,1253
1252,3037,1633,1215,1594,1557,1291,1289,1595,1253
26,68,67,33,72,73,37,34,35,36
1633,1252,1557,3037,1215,1594,1291,1595,1289,1253
808,2940,810,818,846,815,883,845,778,780
1633,1252,3037,1557,1215,1594,1291,1595,1289,1253
1089,1355,1126,1048,1072,1316,1124,1203,1149,1393
1101,1252,1557,3037,1215,1594,1291,1595,1289,1253
912,988,917,913,880,878,951,2560,950,879
2834,2849,2839,2884,2842,2885,2887,2886,2880,2881
1646,1114,1148,1379,1391,1072,2935,1110,1392,1149
874,2470,988,2395,913,950,2394,2546,951,912
949,1252,1557,3037,1215,1291,1594,1595,1289,1253
91,63,29,136,37,24,26,137,98,35
2964,3016,400,444,480,438,443,364,481,324
1391,1111,1393,1392,1110,1151,1114,2935,1072,1149
1218,1181,1107,1149,1068,1102,1180,1145,1179,1143
1595,2998,340,455,492,339,378,2809,2810,341
1316,846,1126,1393,1124,2935,1072,1114,1151,1149
949,1252,1557,3037,1215,1291,1594,1595,1289,1253
2811,2839,2884,2887,2849,2842,2885,2886,2880,2881
228,343,230,267,153,266,190,345,152,304
1252,1633,1215,3037,1557,1594,1291,1289,1595,1253
1147,1187,1379,1145,1148,1221,1072,2935,1110,1149
113,68,33,67,37,34,35,72,73,36
952,2985,2394,874,2546,988,913,950,912,951
949,1252,1327,3037,1215,1291,1595,1594,1289,1253
443,550,324,508,160,542,400,438,2964,3011
187,113,34,67,3012,72,73,341,36,227
1215,911,3037,1633,1594,1557,1291,1289,1253,1595
571,381,534,611,494,532,608,304,570,609
2513,2394,2985,836,988,874,913,951,950,912
1064,1216,1026,952,912,988,1254,950,1444,951
778,1110,1393,1124,846,2935,1072,1114,1151,1149
949,1252,1557,3037,1215,1291,1594,1595,1289,1253
195,2964,583,538,196,160,197,576,3011,119
1594,1974,2697,1633,911,1291,1289,1557,1595,1253
748,2604,2643,2940,846,780,883,815,2606,778
1252,1633,3037,1215,1594,1557,1291,1289,1595,1253
1148,1124,1145,1110,846,1072,2935,1114,1151,1149
1279,818,783,846,1089,883,2940,815,780,778
1391,1124,778,1203,1149,846,1314,1393,1126,1089
1111,1108,1148,1145,1110,1114,1151,1072,2935,1149
1180,1108,1146,1179,1144,1143,1107,1221,1149,1145
1252,1215,3037,1633,1557,1594,1291,1289,1595,1253
339,226,265,73,72,379,3012,36,227,341
950,1483,1292,1406,1482,1520,1368,1216,1254,1444
1187,1108,1145,1148,1151,1114,1110,1072,2935,1149
1179,1292,1406,1483,1482,1520,1368,1216,1254,1444
949,1557,1252,3037,1215,1291,1594,1595,1289,1253
1203,1355,1316,1124,1151,1114,1393,2935,1072,1149
990,1026,1179,952,1064,988,1254,1444,950,951
226,187,379,265,72,73,3012,36,227,341
1252,1633,3037,1215,1557,1594,1291,1289,1595,1253
1218,1144,1181,1068,1149,1107,1145,1180,1143,1179
1141,1216,1444,1102,1028,1218,1254,1143,1180,1179
1368,990,1028,950,1216,1064,1406,1179,1254,1444
911,1215,3037,1633,1594,1557,1291,1289,1595,1253
1633,1252,3037,1557,1215,1594,1291,1595,1289,1253
1254,990,1026,1179,952,988,1064,1102,951,950
116,194,197,153,324,3009,196,119,195,152
911,3037,1974,1633,1594,1557,1291,1289,1253,1595
546,438,583,577,550,542,538,576,3011,2964
1292,1179,1406,1483,1520,1482,1216,1368,1254,1444
1124,1074,1111,1393,1110,1151,1114,2935,1072,1149
810,2606,845,746,2641,883,815,2940,778,780
1392,1391,1124,1110,1393,1151,1114,2935,1072,1149
87,92,97,35,91,136,26,24,137,98
1140,1216,1028,1218,1064,1254,1102,1143,1180,1179
2395,2508,2432,950,913,2470,951,2394,2546,912
29,63,91,136,37,26,24,98,137,35
2395,1026,952,2394,913,988,2546,950,912,951
949,1252,1557,3037,1215,1594,1291,1595,1289,1253
1521,1406,1292,1520,1482,1483,1368,1216,1254,1444
343,611,381,345,608,494,532,570,304,609
1521,1292,1406,1520,1482,1483,1368,1216,1254,1444
1110,2935,1148,1108,1144,1146,1107,1149,1145,1221
1148,1110,1144,1108,2935,1146,1107,1145,1221,1149
1107,1108,1148,1151,1114,1110,1145,1072,2935,1149
1327,949,1252,3037,1215,1291,1594,1595,1289,1253
990,953,1179,1026,952,988,1064,1102,951,950
1064,1368,1143,1028,1216,1406,1180,1254,1179,1444
1108,1145,1111,1148,1110,1072,1114,2935,1151,1149
1393,1111,1148,1124,1110,1072,2935,1114,1151,1149
1108,1148,846,1145,1110,1072,1114,2935,1151,1149
915,2560,798,836,879,951,874,913,912,950
1072,1393,1048,778,1316,1114,2606,1151,1124,1149
1252,1633,3037,1215,1557,1594,1291,1289,1595,1253
1974,911,2734,1633,1594,1291,1289,1557,1253,1595
1316,846,778,2935,1072,1124,2606,1114,1151,1149
1252,1215,3037,1633,1557,1594,1291,1289,1595,1253
1127,1126,1110,1124,1393,2935,1072,1151,1114,1149
1252,1633,3037,1215,1557,1594,1291,1289,1595,1253
1179,1108,1143,1181,1144,1149,1146,1107,1145,1221
949,1252,1557,3037,1215,1291,1594,1595,1289,1253
2432,2509,2513,2546,2394,874,951,950,913,912
2770,2808,2847,2773,2845,2809,2848,2811,2998,2810
226,187,379,265,72,73,3012,36,227,341
880,878,2604,2644,2681,841,879,2642,2641,2560
1028,1406,1143,1445,1483,1408,1180,1254,1179,1444
2935,1180,1108,1144,1179,1068,1143,1107,1149,1145
2719,614,845,2640,2646,2639,2681,2644,2642,2641
988,1406,990,1064,1216,1179,950,951,1254,1444
113,72,2849,36,2884,2887,2885,2886,2880,2881
1147,1107,1148,1110,1145,1374,1149,1379,1146,1221
1125,2966,1089,1149,1314,1393,1126,1392,1203,1391
1048,1074,1316,1393,1124,2935,1072,1114,1151,1149
35,68,37,113,33,67,34,73,72,36
194,153,119,190,191,196,611,195,573,152
949,1252,1327,3037,1215,1291,1595,1594,1289,1253
1111,1108,1148,1110,1145,1114,1151,1072,2935,1149
1252,1633,3037,1215,1557,1594,1291,1289,1595,1253
1182,1149,1143,1408,1181,1144,1107,1146,1145,1221
1148,1110,1102,1068,1145,1072,1114,2935,1151,1149
1408,1028,1216,1482,1483,1368,1406,1179,1254,1444
2684,2600,2640,2639,2560,2646,2644,2681,2642,2641
1124,1126,1391,1203,1151,1114,2935,1393,1072,1149
841,951,846,2641,917,880,878,950,2560,879
2508,608,609,2546,874,2394,913,950,951,912
1391,1124,1392,1110,1393,1151,1114,2935,1072,1149
2470,2433,2395,988,913,2394,950,912,2546,951
196,154,191,119,194,190,116,153,195,152
810,883,481,808,2641,746,2940,778,845,780
1252,1633,3037,1215,1557,1594,1291,1289,1595,1253
226,339,265,73,72,379,3012,36,227,341
571,494,534,532,3025,611,608,570,609,912
1072,1089,1124,1355,1316,1126,1149,1391,1393,1203
879,844,818,849,1149,815,780,778,883,846
194,155,196,154,190,153,195,116,119,152
1026,952,2395,988,2394,913,950,2546,912,951
1633,1252,1557,3037,1215,1594,1291,1595,1289,1253
1316,2935,1355,1126,1072,1392,1149,1203,1393,1391
1110,1148,1070,1108,1114,1072,1145,2935,1151,1149
340,455,414,339,379,227,2811,2998,2810,341
1110,1392,1114,1391,1355,1203,2935,1393,1072,1149
195,196,2964,119,438,324,400,197,160,3011
2935,1144,1108,1180,1179,1068,1107,1143,1149,1145
1108,1221,1068,1144,1180,1179,1107,1143,1149,1145
575,574,611,612,583,2964,577,538,573,576
1151,1108,1068,1114,1110,1107,1072,2935,1145,1149
1291,948,3029,1250,1252,911,949,1289,1215,1253
571,3025,534,494,532,611,608,304,570,609
1072,1316,1355,1314,1149,1392,1126,1393,1203,1391
1026,952,913,1254,2546,1444,988,912,950,951
1145,1068,1180,1149,1143,1140,950,1179,1064,1102
1091,2935,2645,1072,1115,1124,1151,1149,1052,1054
1521,1406,1445,1520,1482,1216,1368,1483,1254,1444
1521,1445,1406,1520,1482,1216,1368,1483,1254,1444
2811,2839,2884,2887,2885,2849,2842,2886,2880,2881
1064,1406,1520,988,1368,1216,950,951,1254,1444
73,72,3012,379,2810,36,2998,2811,227,341
1148,1143,2935,1146,1108,1144,1107,1221,1145,1149
345,192,230,191,190,267,195,153,304,152
949,1252,1327,3037,1215,1291,1594,1595,1289,1253
2842,2849,2881,2806,2847,2848,2845,2810,2998,2811
845,841,2560,2639,2604,2646,2644,2681,2642,2641
1110,1148,1144,1108,2935,1146,1107,1221,1145,1149
949,1557,1252,3037,1215,1594,1291,1595,1289,1253
1356,1051,1149,1393,1279,1091,1316,1048,1124,1052
949,1252,3029,1291,1595,911,1557,1215,1289,1253
1144,1108,1102,1107,1180,1179,1068,1149,1143,1145
1181,1140,1180,1064,1218,1145,1179,950,1143,1102
1316,2935,1355,1072,1126,1392,1203,1149,1393,1391
1108,1221,1068,1144,1180,1179,1143,1107,1149,1145
1110,1124,1316,1355,1151,1114,1393,2935,1072,1149
414,339,3012,379,36,2810,2998,227,2811,341
2834,36,2842,2849,2884,2887,2885,2886,2880,2881
1218,1144,1181,1068,1149,1107,1180,1145,1143,1179
1148,1393,1391,1392,1110,1151,1114,1072,2935,1149
1102,874,952,2985,988,2546,913,950,912,951
2732,682,911,2983,2809,1595,1557,2733,2697,1253
1633,2734,2011,1594,1557,1291,1289,1974,1253,1595
949,3029,1252,911,1595,1291,1557,1215,1289,1253
2806,2839,2887,2885,2811,2842,2849,2886,2880,2881
1292,1179,1406,1520,1216,1483,1482,1368,1254,1444
1252,1633,3037,1215,1557,1594,1291,1289,1595,1253
113,68,33,67,37,34,72,73,35,36
1074,1048,1393,1316,2935,1124,1072,1114,1151,1149
159,583,195,538,160,197,3011,196,576,119
1140,1216,1218,1028,1254,1064,1143,1102,1180,1179
782,783,2606,818,2940,846,883,815,780,778
911,3037,1633,1215,1594,1291,1557,1289,1595,1253
1114,879,815,778,1151,1149,2606,841,883,846
949,1327,1252,3037,1215,1291,1594,1595,1289,1253
2470,2395,874,988,2394,913,950,2546,951,912
1218,1180,952,1140,1143,951,1179,1064,950,1102
1203,1391,1124,1126,1151,1393,2935,1114,1072,1149
1111,1391,1392,1151,1393,1110,1114,2935,1072,1149
2549,2476,2471,2551,2513,950,951,913,2514,912
546,580,3011,550,577,542,583,538,576,2964
2964,651,119,577,574,612,583,573,538,576
223,33,3012,34,67,113,72,227,73,36
874,1102,988,2476,2985,2546,913,950,912,951
1126,1392,1114,1355,1391,1203,2935,1072,1393,1149
2834,2887,2394,2546,2839,2886,2842,2880,2881,912
1633,1252,3037,1557,1215,1594,1291,1289,1595,1253
2935,1108,1144,1068,1180,1179,1107,1143,1149,1145
1026,952,874,2394,988,2546,913,950,912,951
1140,990,1026,988,952,1179,1064,951,1102,950
872,1289,835,1215,949,1287,948,1253,911,947
883,2683,1149,1151,2646,2604,2603,2645,2643,2606
1292,1179,1483,1406,1482,1520,1216,1368,1254,1444
1316,1110,1074,1393,1124,1114,1151,2935,1072,1149
1141,950,1181,1140,1064,1218,1180,1143,1179,1102
1074,1111,1302,947,1115,1112,1149,1072,2935,948
1126,1110,1316,1124,1393,2935,1114,1151,1072,1149
1633,1252,3037,1557,1215,1594,1291,1595,1289,1253
1218,1216,1028,1064,1143,1444,1102,1180,1254,1179
1108,1074,1148,1111,1110,1114,1151,1072,2935,1149
1108,1145,1148,1111,1110,1072,1114,2935,1151,1149
1255,1181,1218,1445,1254,1444,1408,1143,1180,1179
414,265,339,2998,3012,379,36,2811,227,341
990,1482,1292,951,1368,1520,950,1216,1254,1444
2849,2884,912,2885,2839,2887,2842,2886,2880,2881
952,2395,874,2394,988,913,2546,950,912,951
583,2964,542,443,508,364,3011,438,400,324
3029,949,1595,1252,1291,1557,911,1215,1289,1253
953,2985,879,836,988,874,913,912,951,950
2847,2885,2998,2806,2886,2842,2811,2849,2880,2881
917,1064,880,2560,883,878,950,879,846,1102
2773,339,378,2811,2770,2808,2998,2809,341,2810
1074,1111,1110,2606,1124,1072,2935,1114,1151,1149
1148,1124,1111,1393,1110,1151,1114,2935,1072,1149
1141,1216,1102,1444,1028,1218,1254,1143,1180,1179
3037,911,1633,1215,1594,1291,1289,1557,1595,1253
1391,1151,1124,1126,1114,2935,1203,1072,1393,1149
1110,1391,1126,1124,1393,2935,1151,1072,1114,1149
949,1252,1557,3037,1215,1291,1594,1595,1289,1253
1141,1028,950,1140,1218,1064,1180,1143,1102,1179
2602,2723,2683,2684,2639,2644,2646,2681,2642,2641
2720,2640,2684,2646,2644,2719,2681,2639,2642,2641
1392,1145,1111,1148,1151,1110,1114,1072,2935,1149
1252,1633,3037,1215,1557,1594,1291,1289,1595,1253
1633,3037,1252,1215,1557,1594,1291,1289,1595,1253
948,3029,947,872,1252,949,1215,1289,911,1253
949,1252,1557,3037,1215,1594,1291,1595,1289,1253
1327,949,1252,3037,1215,1291,1594,1595,1289,1253
1145,1108,1148,1111,1110,1114,1151,1072,2935,1149
1445,1179,1520,1406,1216,1482,1368,1483,1254,1444
815,782,1089,1279,748,783,778,746,780,2940
195,3011,160,159,121,197,152,196,576,119
342,494,155,115,532,152,116,609,571,304
911,3037,1974,1633,1557,1594,1291,1289,1253,1595
3011,160,121,159,197,324,196,195,119,152
2983,2729,2642,2689,2766,2733,682,607,2641,2727
416,378,417,414,340,379,455,339,227,341
645,911,1289,682,2733,2697,1557,2809,1253,1595
949,1557,1252,3037,1215,1594,1291,1595,1289,1253
2643,2604,2606,2644,746,2940,2642,2646,2681,2641
1149,2607,2565,2605,2683,2603,2646,2643,2645,2606
3037,1633,3029,1215,1291,911,1289,1595,1557,1253
1144,1218,1182,1221,1107,1181,1145,1180,1179,1143
911,3037,1252,1215,1594,1557,1291,1289,1595,1253
2732,682,2983,1595,2771,1557,2697,1253,2733,2809
1327,949,1252,3037,1215,1291,1594,1595,1289,1253
1028,1029,1218,1140,1143,1180,950,1064,1179,1102
1633,1252,3037,1215,1557,1594,1291,1289,1595,1253
571,494,573,534,3025,532,570,608,611,609
949,1252,3037,1557,1215,1594,1291,1595,1289,1253
152,97,323,173,136,91,137,98,324,92
1143,1180,1254,1255,1179,1293,1444,1483,1445,1408
616,577,580,550,542,614,583,538,576,2964
1557,949,1252,3037,1215,1291,1594,1595,1289,1253
914,2985,1064,953,952,1102,913,912,951,950
31,33,29,34,37,98,137,24,26,35
608,573,798,913,646,874,612,611,950,912
783,849,818,2606,2940,815,883,846,780,778
1124,1048,1088,1316,1089,1314,1126,1393,1391,1203
1633,1252,3037,1557,1215,1594,1291,1289,1595,1253
456,343,381,571,608,494,532,570,304,609
1180,2935,1179,1144,1108,1068,1143,1107,1149,1145
949,1252,1327,3037,1595,1215,1291,1594,1289,1253
883,1102,917,951,846,880,878,2560,950,879
1252,3037,1633,1215,1594,1291,1557,1289,1595,1253
949,1252,1557,3037,1215,1291,1594,1595,1289,1253
1355,1088,1240,1048,1126,1393,1089,1391,1314,1203
949,1252,1557,3037,1215,1291,1594,1595,1289,1253
1633,1252,3037,1594,1215,1291,1557,1595,1289,1253
1368,952,1064,988,1216,1179,950,1254,951,1444
160,323,196,3011,173,400,121,152,119,324
1101,1215,3037,1633,1594,1557,1291,1289,1253,1595
949,1252,1327,3037,1215,1291,1595,1594,1289,1253
1406,1218,1216,1408,1028,1143,1180,1254,1444,1179
1974,1594,1633,1291,2697,1289,2734,1557,1253,1595
949,1252,3037,1594,1557,1291,1215,1595,1289,1253
1252,1633,3037,1215,1557,1594,1291,1289,1595,1253
1633,1252,3037,1215,1557,1594,1291,1289,1595,1253
846,879,953,1140,952,988,951,1064,950,1102
846,1140,950,1064,1151,1143,1068,1145,1149,1102
782,783,1279,815,748,780,746,2606,778,2940
2471,2432,2470,874,2394,950,913,2546,951,912
953,913,952,912,879,1064,988,1102,951,950
2966,1316,1088,1048,1391,1126,1393,1314,1089,1203
1124,1052,1074,1109,1114,1115,1151,1072,2935,1149
187,226,265,379,72,73,3012,36,227,341
1557,3037,949,1252,1594,1291,1215,1595,1289,1253
1288,949,1252,3037,1215,1327,1594,1291,1289,1253
949,1252,1557,3037,1215,1291,1594,1595,1289,1253
153,323,92,173,196,116,195,119,324,152
197,3011,323,400,286,173,195,119,152,324
1180,1140,1026,988,952,1179,951,1064,1102,950
35,68,37,33,113,67,34,73,72,36
1074,1393,1111,1124,1110,1114,1151,2935,1072,1149
2605,2603,2647,2683,2641,2681,2643,2606,2646,2645
190,194,324,3009,92,119,116,153,195,152
159,160,324,538,3011,583,196,121,576,119
1141,1028,1254,1140,1064,1218,1102,1143,1180,1179
1288,1252,949,3037,1327,1215,1291,1594,1289,1253
949,1252,1327,3037,1215,1595,1291,1594,1289,1253
1048,1074,1316,1393,1124,2935,1072,1114,1151,1149
1141,1408,1216,1218,1028,1444,1143,1254,1180,1179
1072,2643,1124,778,883,1114,846,2606,1149,1151
2470,2432,2394,988,874,2546,913,950,951,912
90,324,116,97,136,137,91,152,98,92
1048,1393,1074,1316,1124,2935,1072,1114,1151,1149
1520,1482,1216,1368,1406,1179,950,951,1254,1444
1633,3037,911,1594,1215,1291,1557,1289,1595,1253
949,1557,1252,3037,1215,1291,1594,1595,1289,1253
414,339,72,73,265,379,3012,36,227,341
113,68,67,33,37,72,34,73,35,36
35,37,68,113,33,67,34,73,72,36
1975,1633,1594,2734,1974,1291,1289,1557,1253,1595
1179,1482,1520,1406,1368,1216,950,951,1254,1444
534,381,3025,611,494,532,608,304,570,609
2639,438,444,2964,616,364,443,2642,614,2641
532,3025,951,913,608,950,611,609,874,912
113,68,37,33,35,67,34,73,72,36
1074,1124,1111,1393,1110,1151,1114,2935,1072,1149
535,571,534,494,304,608,532,573,611,609
2394,952,1254,913,1444,988,950,2546,912,951
949,1557,1252,3037,1215,1291,1594,1595,1289,1253
1107,1114,1108,1143,2935,1102,1151,1068,1145,1149
1179,1482,1406,1520,1368,1216,950,951,1254,1444
1252,1633,3037,1215,1557,1594,1291,1289,1595,1253
153,137,98,114,91,119,115,92,116,152
1221,1181,1144,1068,1107,1180,1149,1143,1179,1145
1633,1252,3037,1215,1557,1594,1291,1289,1595,1253
1557,949,1252,3037,1215,1291,1594,1595,1289,1253
952,846,988,953,878,951,1064,879,1102,950
1633,1252,3037,1215,1557,1594,1291,1595,1289,1253
1203,1355,1316,1124,1151,1114,1393,2935,1072,1149
2808,2773,2983,2735,2766,2772,2803,2733,2771,2809
1482,1028,1483,1180,1368,1216,1406,1179,1254,1444
1115,1124,1109,1111,1074,1114,1072,1151,2935,1149
535,534,494,532,3025,304,611,608,570,609
841,2641,917,846,880,878,2560,879,950,1102
68,37,33,227,113,67,34,72,73,36
1181,1108,1144,1107,1068,1180,1149,1179,1143,1145
187,226,265,379,73,72,3012,36,227,341
1149,1089,1124,849,818,815,780,883,778,846
119,229,115,154,153,155,190,304,116,152
136,29,63,34,37,24,98,26,137,35
1102,1064,1026,952,2546,913,988,912,950,951
1074,1048,1316,1393,1124,2935,1114,1072,1151,1149
1252,949,1327,1595,3037,1215,1291,1594,1289,1253
1252,1633,3037,1215,1557,1594,1291,1289,1595,1253
1218,1181,1107,1102,1149,1068,1180,1145,1179,1143
2643,880,2606,878,2560,841,879,883,1102,846
1124,1110,1109,1074,1111,1114,1151,1072,2935,1149
2470,988,2395,874,913,950,2394,2546,951,912
1126,2935,1048,1124,1072,1316,1355,1149,1203,1393
2640,2985,913,2553,951,2641,2642,2560,912,950
949,1252,1557,3037,1215,1291,1594,1595,1289,1253
911,3037,1633,1215,1594,1291,1557,1289,1595,1253
1252,3037,911,1594,1215,1291,1557,1289,1595,1253
1252,3037,1633,1215,1594,1291,1557,1289,1595,1253
1633,1252,3037,1215,1557,1594,1291,1595,1289,1253
2724,2683,2723,2639,2684,2644,2646,2681,2642,2641
1111,1316,1393,1355,1074,1114,1151,2935,1072,1149
3037,1291,3029,1252,949,1557,911,1289,1215,1253
1252,3037,1633,1215,1594,1291,1557,1289,1595,1253
1180,952,1140,1218,1143,1179,951,1064,950,1102
1393,1074,1148,1111,1110,1114,1151,1072,2935,1149
2605,2607,1072,2935,1114,1151,1149,2643,2645,2606
1218,1143,1064,1102,1028,1216,1180,1444,1254,1179
1406,988,1482,1520,1368,1216,950,951,1254,1444
1101,1252,3037,1557,1215,1291,1594,1595,1289,1253
1074,1111,1393,1110,1124,2935,1114,1072,1151,1149
1252,1633,3037,1215,1594,1291,1557,1289,1595,1253
950,874,573,3025,571,532,608,609,611,912
1252,1633,3037,1215,1557,1594,1291,1289,1595,1253
116,119,324,97,152,136,91,98,137,92
1633,1252,3037,1215,1557,1594,1291,1289,1595,1253
571,534,494,532,3025,611,608,570,609,912
1408,1483,1028,1180,1368,1216,1406,1179,1254,1444
1327,949,1252,3037,1215,1291,1595,1594,1289,1253
841,1140,883,953,1064,878,879,846,950,1102
1115,1110,1109,1074,1111,1114,1151,1072,2935,1149
2509,913,2622,2550,2552,2842,2551,2513,2514,912
1140,1028,1216,1064,1218,1254,1143,1102,1180,1179
265,73,379,72,2998,3012,2811,36,227,341
1064,1482,1216,1368,951,950,1406,1179,1254,1444
1070,1108,1072,1102,2935,1068,1114,1145,1151,1149
1288,1252,949,3037,1327,1215,1594,1291,1289,1253
33,34,3012,67,113,341,73,72,227,36
1109,1110,1074,1124,1111,1114,1072,1151,2935,1149
1557,949,1252,3037,1215,1291,1594,1595,1289,1253
1974,911,1633,1594,1291,1289,2734,1557,1253,1595
1406,1521,1445,1520,1482,1216,1368,1483,1254,1444
1074,1393,1124,1111,1110,1114,1151,2935,1072,1149
1148,1355,1111,1393,1151,1110,1114,2935,1072,1149
952,914,913,2560,1064,953,912,1102,951,950
949,1252,1557,3037,1215,1291,1594,1595,1289,1253
1633,1252,3037,1215,1557,1594,1291,1289,1595,1253
1179,1292,1483,1406,1482,1216,1520,1368,1254,1444
1216,1140,1028,1218,1254,1064,1143,1180,1102,1179
1393,1148,1111,1124,1110,1072,2935,1114,1151,1149
1252,1633,3037,1215,1594,1291,1557,1289,1595,1253
1393,778,2606,846,1124,2935,1072,1114,1151,1149
1252,1633,3037,1215,1557,1594,1291,1289,1595,1253
1953,1393,1111,1148,1110,1151,1114,1072,2935,1149
1252,1289,1287,911,1250,1253,1215,949,947,948
1074,1124,1111,1393,1110,1151,1114,2935,1072,1149
1252,1633,3037,1215,1594,1291,1557,1289,1595,1253
1252,1633,3037,1215,1557,1594,1291,1289,1595,1253
1444,1145,1141,1218,1254,1181,1408,1180,1143,1179
949,3029,1252,1291,1595,911,1557,1215,1289,1253
34,37,119,188,91,73,3012,227,223,324
1028,1216,1445,1483,1408,1406,1180,1179,1254,1444
1302,948,1072,1115,2935,1151,947,1149,2606,2645
1250,911,1289,1108,947,949,948,1215,1145,1253
2847,2848,2845,2849,2806,2842,2810,2881,2811,2998
1141,1028,1254,1140,1064,1218,1102,1143,1180,1179
1110,1316,1355,1124,1151,1393,1114,2935,1072,1149
1393,778,883,1124,2935,1072,846,1114,1151,1149
1316,1391,1110,1114,1203,1355,1393,2935,1072,1149
1112,1187,1151,1148,1111,1114,1110,1072,2935,1149
1633,1252,3037,1215,1557,1594,1291,1289,1595,1253
911,3037,1633,1215,1594,1291,1557,1289,1595,1253
494,534,570,532,571,3025,611,608,609,912
1252,1633,3037,1215,1557,1594,1291,1289,1595,1253
1111,1108,1148,1145,1110,1114,1151,1072,2935,1149
2546,1102,1026,1064,952,913,988,912,950,951
2734,1215,3037,1633,1594,1291,1557,1289,1595,1253
1074,1124,1111,1393,1110,1151,1114,2935,1072,1149
990,913,1026,912,988,952,1064,1102,950,951
1108,1148,1074,1111,1110,1114,1151,1072,2935,1149
1393,1148,1074,1111,1110,1151,1114,1072,2935,1149
1141,1140,1028,1216,1064,1218,1102,1180,1143,1179
1975,1633,2734,1974,1594,1291,1557,1289,1253,1595
1179,1216,1408,1406,1368,1482,1445,1483,1254,1444
951,1179,1406,950,1482,1520,1216,1368,1254,1444
748,2641,746,846,2606,883,2940,815,780,778
2604,2603,1149,883,1151,841,1102,846,2643,2606
2639,2683,2606,841,2604,2644,2646,2681,2642,2641
949,1252,3037,1557,1594,1291,1215,1595,1289,1253
2839,2834,2849,2842,2884,2885,2887,2886,2880,2881
1115,1109,1074,1110,1111,1114,1151,1072,2935,1149
949,1252,1557,3037,1215,1291,1594,1595,1289,1253
1074,1355,1316,1124,1151,1114,1393,2935,1072,1149
1218,1143,1406,1368,1028,1180,1216,1179,1254,1444
1070,1148,1110,1108,1145,1072,1114,2935,1151,1149
949,1252,1557,3037,1215,1291,1594,1595,1289,1253
1180,953,951,1179,1140,1218,1143,1064,950,1102
1148,1124,1111,1393,1110,1151,1114,2935,1072,1149
1393,1148,1074,1111,1110,1151,1114,1072,2935,1149
1148,1074,1393,1111,1110,1151,1114,1072,2935,1149
1252,1289,1287,1250,911,1253,1215,949,947,948
2585,2471,2432,2470,950,913,2394,951,2546,912
883,845,2604,2646,841,2560,2681,2644,2642,2641
990,1292,1406,950,1482,1520,1368,1216,1254,1444
949,3037,1252,1557,1594,1291,1215,1595,1289,1253
949,1252,1327,3037,1215,1595,1291,1594,1289,1253
1557,949,1252,3037,1215,1291,1594,1595,1289,1253
1289,1253,1215,1252,1250,911,949,1287,947,948
949,1252,1327,3037,1215,1595,1291,1594,1289,1253
1026,1102,952,874,2546,988,913,912,950,951
950,1483,1406,1292,1482,1520,1368,1216,1254,1444
535,534,3025,494,532,611,608,304,570,609
1327,949,1252,3037,1215,1595,1291,1594,1289,1253
304,571,534,494,532,611,3025,608,570,609
1252,949,1327,3037,1215,1595,1291,1594,1289,1253
949,1252,1327,3037,1215,1595,1291,1594,1289,1253
1412,1371,1107,1483,1145,1293,1445,1146,1408,1221
159,400,196,160,197,119,3011,195,324,152
1101,1252,3037,1557,1215,1594,1291,1595,1289,1253
949,1252,3037,1557,1215,1594,1291,1595,1289,1253
2809,1594,2011,2734,1557,1291,1289,1974,1253,1595
1068,1218,1141,1144,1181,1107,1145,1180,1143,1179
949,1252,1557,3037,1215,1291,1594,1595,1289,1253
1252,949,1595,1327,3037,1215,1291,1594,1289,1253
1557,2771,2810,2734,2808,1253,2697,1595,2733,2809
2810,378,417,340,379,414,455,339,227,341
1180,1028,1482,1483,1368,1216,1406,1179,1254,1444
164,438,152,160,286,119,173,3011,400,324
26,68,67,33,72,37,73,34,35,36
2641,917,841,950,880,878,883,846,2560,879
1595,1252,949,3037,1327,1215,1291,1594,1289,1253
191,196,194,154,190,153,119,116,195,152
399,361,286,438,2994,364,323,400,173,324
1633,1252,1557,3037,1215,1594,1291,1595,1289,1253
1288,1252,949,3037,1215,1327,1594,1291,1289,1253
1108,1111,1148,1145,1110,1072,2935,1114,1151,1149
1181,1108,1144,1068,1180,1107,1179,1149,1143,1145
197,160,286,3011,400,195,173,119,152,324
1327,3037,949,1252,1595,1291,1594,1215,1289,1253
2642,778,880,845,2641,879,2560,841,846,883
1288,1252,949,3037,1215,1327,1594,1291,1289,1253
1216,1408,1482,1445,1368,1179,1406,1483,1254,1444
68,37,33,113,34,227,67,73,72,36
417,414,492,2809,339,455,2810,340,378,341
1252,1633,3037,1215,1594,1291,1557,1289,1595,1253
265,379,73,2998,72,3012,2811,36,227,341
1026,953,988,952,1064,913,912,1102,951,950
2432,874,2395,2470,950,913,951,2394,2546,912
945,1091,1052,1281,1287,607,948,947,2645,1054
190,154,115,114,92,195,153,119,116,152
1048,1114,1124,1316,1355,2935,1203,1072,1393,1149
1187,1393,1148,1111,1151,1110,1114,1072,2935,1149
191,267,154,230,195,304,116,190,153,152
1252,1633,3037,1215,1594,1557,1291,1289,1595,1253
1252,949,1595,3037,1327,1215,1291,1594,1289,1253
949,1252,3029,1291,1595,1215,1557,911,1289,1253
1140,1064,1028,1141,1254,1218,1102,1143,1180,1179
113,72,2849,36,2884,2887,2885,2886,2880,2881
949,1252,1557,3037,1215,1291,1594,1595,1289,1253
2604,2603,2681,2641,2645,746,2643,2646,2940,2606
1148,1070,1108,1110,1145,1072,1114,2935,1151,1149
191,194,116,196,119,153,324,3009,195,152
191,116,193,160,159,197,196,119,195,152
1149,1181,1180,1146,1144,1179,1143,1107,1145,1221
1521,1406,1482,1255,1179,1408,1254,1445,1483,1444
911,1215,3037,1633,1594,1291,1557,1289,1595,1253
872,1287,948,1252,947,949,1289,1215,911,1253
535,534,304,494,532,3025,611,608,570,609
455,2811,265,414,339,3012,379,36,227,341
1187,1393,1148,1111,1110,1151,1114,1072,2935,1149
268,230,343,228,306,266,345,267,152,304
1187,1148,1108,1110,1145,1114,1072,1151,2935,1149
2839,2811,2884,2887,2842,2885,2849,2886,2880,2881
1252,1633,3037,1215,1557,1594,1291,1289,1595,1253
1975,2011,2697,1289,1291,2734,1557,1974,1253,1595
988,917,952,878,953,879,951,1064,1102,950
1048,1314,1391,1316,1124,1089,1126,1149,1203,1393
1595,1252,949,3037,1327,1215,1291,1594,1289,1253
68,35,113,33,37,67,34,73,72,36
1316,1111,1110,1124,1393,1151,1114,2935,1072,1149
1074,1111,1124,1393,1110,1151,1114,2935,1072,1149
3030,190,197,194,153,191,119,196,195,152
1111,1108,1148,1145,1151,1110,1114,1072,2935,1149
949,1252,1557,3037,1215,1291,1594,1595,1289,1253
113,68,37,33,67,34,35,73,72,36
1148,1144,1143,1072,1108,1068,2935,1107,1145,1149
1111,1393,1391,1392,1151,1110,1114,2935,1072,1149
949,1557,1252,3037,1215,1291,1594,1595,1289,1253
1355,1088,1316,1048,1126,1089,1314,1393,1391,1203
192,345,267,573,191,153,195,190,304,152
1633,1594,3029,1215,911,1291,1557,1289,1595,1253
949,1252,1327,3037,1215,1595,1291,1594,1289,1253
1149,1064,1218,1140,1180,1068,1179,1145,1143,1102
1146,1149,1181,1144,1180,1179,1107,1143,1221,1145
1252,1633,3037,1215,1557,1594,1291,1289,1595,1253
1327,949,1252,3037,1215,1291,1595,1594,1289,1253
1252,949,1327,3037,1215,1595,1291,1594,1289,1253
1144,1108,1218,1107,1181,1068,1180,1179,1145,1143
1111,1108,1148,1145,1110,1114,1151,1072,2935,1149
913,1026,2546,952,1254,988,912,1444,950,951
1316,1314,1072,1149,1126,1355,1392,1393,1203,1391
949,1327,1252,3037,1215,1291,1595,1594,1289,1253
1108,1145,1148,1111,1110,1114,1151,1072,2935,1149
2804,2998,2839,2886,2811,2806,2849,2880,2842,2881
1316,1203,1126,1124,1151,2935,1114,1072,1393,1149
917,841,880,1102,950,878,883,2560,846,879
1633,1252,3037,1215,1557,1594,1291,1595,1289,1253
874,1026,952,2394,2546,913,988,950,912,951
1179,1482,1406,1520,1368,1216,950,951,1254,1444
1252,1633,3037,1215,1557,1594,1291,1289,1595,1253
782,1240,748,1279,1089,783,746,778,2940,780
1111,1108,1148,1145,1110,1114,1151,1072,2935,1149
1074,1111,1110,1124,1393,1151,1114,2935,1072,1149
1101,1633,3037,1215,1594,1557,1291,1289,1595,1253
913,2552,950,2515,2554,2513,2556,2553,2514,912
2394,2513,2471,2551,2514,2546,950,913,951,912
1187,1148,1108,1110,1114,1151,1145,1072,2935,1149
1292,1064,1180,1028,1368,1406,1216,1179,1254,1444
953,1026,1064,952,1102,988,913,912,950,951
949,1252,3037,1557,1594,1215,1291,1595,1289,1253
1252,1633,3037,1215,1594,1557,1291,1289,1595,1253
949,1252,1557,3037,1215,1291,1594,1595,1289,1253
1149,2643,1151,815,778,879,2606,841,883,846
1327,949,1252,3037,1215,1291,1594,1595,1289,1253
1557,949,1252,3037,1215,1594,1291,1595,1289,1253
1327,949,1252,3037,1215,1594,1291,1595,1289,1253
949,1252,1327,3037,1215,1595,1291,1594,1289,1253
949,1252,1327,3037,1215,1595,1291,1594,1289,1253
1047,1051,1316,1124,1091,1054,1048,2606,2645,1052
1255,1181,1483,1254,1444,1445,1180,1143,1408,1179
3037,911,1252,1633,1557,1594,1291,1289,1253,1595
1179,1182,1408,1144,1181,1143,1107,1146,1145,1221
1410,1334,1259,1260,1337,1298,1374,1379,1146,1221
1091,1053,1281,1014,1287,1047,1052,947,1054,948
911,2697,1557,2771,645,682,2733,1595,1253,2809
571,534,611,494,3025,532,304,608,609,570
194,191,230,154,195,304,116,190,153,152
1146,1182,1144,1221,1181,1107,1180,1179,1145,1143
361,121,400,92,286,323,173,152,119,324
1252,1633,3037,1215,1557,1594,1291,1289,1595,1253
747,1281,2647,2646,2643,2606,2940,746,1054,2645
63,91,33,34,37,98,137,24,26,35
1327,949,1252,3037,1215,1291,1594,1595,1289,1253
1240,1279,1314,1316,1088,1047,1052,1089,1203,1048
1216,1368,1482,1406,1408,1445,1179,1483,1254,1444
1179,1445,1520,1406,1216,1482,1368,1483,1254,1444
1406,1180,1293,1255,1179,1254,1445,1408,1483,1444
1114,1187,1379,1221,1145,1148,1072,1110,2935,1149
1327,1252,949,3037,1215,1595,1291,1594,1289,1253
571,534,494,611,532,304,3025,608,609,570
265,34,113,67,3012,72,73,36,341,227
1482,990,1292,1368,1520,951,1216,950,1254,1444
1368,1293,1482,1521,1255,1408,1445,1254,1483,1444
3037,1633,911,1594,1215,1291,1289,1557,1595,1253
573,608,152,345,611,532,570,494,609,304
947,3029,1291,872,1252,1215,949,1289,911,1253
990,1179,1026,1064,952,988,1254,950,1444,951
1187,1107,1148,1110,1374,1145,1379,1149,1146,1221
2508,2470,874,2395,913,950,2394,2546,951,912
35,68,33,113,37,67,34,73,72,36
1144,1148,1110,1108,1221,1072,1107,2935,1145,1149
1181,2935,1146,1108,1143,1144,1107,1221,1149,1145
914,988,913,953,912,952,1064,1102,951,950
1557,949,1252,3037,1215,1594,1291,1595,1289,1253
345,306,381,611,532,494,608,304,570,609
1149,1316,1089,1355,1392,1314,1126,1393,1203,1391
1179,912,1026,1254,1102,952,1064,988,950,951
1521,1292,1406,1483,1482,1520,1368,1216,1254,1444
1633,1252,3037,1215,1557,1594,1291,1595,1289,1253
534,3025,381,611,532,494,608,304,570,609
1252,1633,3037,1215,1594,1291,1557,1289,1595,1253
1393,1110,1111,1074,1124,1114,2935,1151,1072,1149
1143,1293,1180,1255,1254,1179,1445,1483,1408,1444
1314,1355,2935,1072,1126,1203,1393,1149,1392,1391
1633,1252,3037,1557,1215,1594,1291,1595,1289,1253
1633,1252,3037,1215,1557,1594,1291,1289,1595,1253
1355,1110,1203,1114,1393,2935,1072,1392,1391,1149
2645,1316,1074,1124,2606,2935,1072,1114,1151,1149
187,226,265,379,73,72,3012,36,227,341
304,571,534,494,532,3025,611,608,570,609
339,340,378,2773,2808,2811,2809,2998,341,2810
3012,378,417,340,455,414,379,339,227,341
2810,2880,2847,2806,2848,2842,2849,2998,2811,2881
949,1252,3037,1557,1215,1594,1291,1595,1289,1253
2770,2697,2771,2733,1974,2808,1253,1595,2810,2809
1026,874,952,2394,988,2546,913,950,912,951
2940,2607,2604,2683,2605,2603,2646,2643,2645,2606
3037,911,1633,1215,1594,1291,1557,1289,1595,1253
911,835,947,2645,683,2641,2681,682,2646,607
2645,1070,1108,2606,1145,1114,1072,2935,1151,1149
1327,949,1252,3037,1215,1291,1594,1595,1289,1253
1337,1148,1412,1107,1149,1379,1374,1145,1146,1221
949,1252,1327,3037,1215,1595,1291,1594,1289,1253
1074,1048,1316,1393,1114,1124,1151,2935,1072,1149
848,844,849,879,841,780,815,778,883,846
952,1102,2546,874,988,2985,913,950,912,951
949,1252,3037,1557,1215,1594,1291,1595,1289,1253
1181,1068,1145,1140,1218,1064,1180,1179,1143,1102
1556,911,1252,1250,1289,947,948,949,1215,1253
196,583,532,611,612,574,573,571,576,119
1218,1255,1143,1180,1483,1445,1254,1408,1444,1179
2734,1291,2733,1289,1974,2697,1557,2809,1253,1595
1252,1633,3037,1215,1557,1594,1291,1289,1595,1253
2935,1393,1114,1072,1151,1316,1149,1048,1052,1124
455,340,378,339,2808,2811,2809,2998,341,2810
1406,1292,1482,951,1368,1520,950,1216,1254,1444
1102,1145,1072,2935,883,2606,1114,1151,846,1149
73,2811,339,72,265,379,3012,36,227,341
1633,1252,3037,1215,1557,1594,1291,1595,1289,1253
492,683,2639,455,2681,340,2641,643,378,607
3012,33,37,113,34,67,227,72,73,36
1074,1111,1124,1110,1393,1114,1151,2935,1072,1149
2683,2600,2723,2684,2639,2644,2646,2681,2642,2641
1316,1089,1126,2935,1393,1072,1124,1151,1114,1149
1633,1252,3037,1557,1215,1594,1291,1289,1595,1253
1520,1216,1026,952,988,912,1254,950,1444,951
1203,1088,1279,1149,1048,1393,1316,1089,1124,778
612,580,616,651,577,614,2964,583,538,576
1252,1633,3037,1215,1557,1594,1291,1289,1595,1253
1218,951,1216,1254,1143,1180,1064,950,1102,1179
1107,1148,1108,1151,1114,1110,1072,1145,2935,1149
949,1252,3037,1557,1215,1291,1594,1595,1289,1253
988,1140,952,878,953,879,951,1064,950,1102
1181,1144,1108,1180,1179,1068,1107,1143,1149,1145
68,37,227,33,113,34,67,73,72,36
1633,1252,3037,1215,1557,1594,1291,1289,1595,1253
2998,414,2811,2810,340,455,379,339,227,341
949,1252,1557,3037,1215,1594,1291,1595,1289,1253
2806,2811,2887,2885,2839,2849,2842,2886,2880,2881
1215,1252,3037,1633,1557,1594,1291,1289,1595,1253
1074,1124,1048,1052,2935,1316,1393,1355,1149,1072
1298,1110,1299,1145,1149,1337,1374,1379,1146,1221
1048,1051,1281,2940,1091,746,1052,2645,1047,1054
456,534,3025,611,494,532,304,608,609,570
1252,949,1327,3037,1215,1595,1291,1594,1289,1253
1107,1148,1108,1110,1114,1151,1145,1072,2935,1149
880,841,1114,878,879,1151,1102,1149,883,846
1292,1179,1406,1520,1482,1483,1216,1368,1254,1444
35,68,37,33,113,34,67,73,72,36
1088,1203,1355,1049,1091,1051,1316,1047,1048,1052
913,2432,2471,2842,2585,951,2470,2394,912,2546
570,608,609,2546,874,2394,913,950,951,912
417,2809,339,645,607,492,341,455,340,378
949,1252,3037,1327,1215,1595,1291,1594,1289,1253
1252,1633,3037,1215,1557,1594,1291,1289,1595,1253
2935,1181,1143,1144,1108,1146,1149,1107,1221,1145
1327,949,1252,3037,1215,1594,1291,1595,1289,1253
37,3012,113,34,67,341,72,73,227,36
1111,1316,1110,1124,1393,1151,1114,2935,1072,1149
2433,2470,988,2395,913,950,2394,912,951,2546
1371,1412,1107,1483,1145,1293,1445,1146,1408,1221
1327,949,1252,3037,1215,1291,1594,1595,1289,1253
1110,1148,1108,1068,1072,1114,2935,1145,1151,1149
1110,1114,1203,1392,1355,1391,1393,2935,1072,1149
1070,1102,1108,1072,1114,2935,1068,1151,1145,1149
2849,2887,2394,2546,2886,2839,2842,2880,2881,912
645,2733,2727,872,1253,911,835,683,607,682
1147,1148,1181,1108,1144,1149,1107,1146,1145,1221
1288,949,1252,3037,1215,1327,1594,1291,1289,1253
1355,1048,1316,1151,1124,1114,1393,2935,1072,1149
1179,1107,2935,1108,1151,1143,1068,1149,1145,1102
874,2470,988,2395,913,950,2394,2546,951,912
950,494,571,532,611,3025,608,570,609,912
990,1026,1254,952,988,1179,1064,1102,951,950
1074,1393,1111,1110,1124,1114,2935,1072,1151,1149
196,191,190,3009,194,119,116,153,195,152
949,1252,1557,3037,1215,1594,1291,1595,1289,1253
949,1252,1327,3037,1215,1291,1594,1595,1289,1253
911,1633,1594,2697,1291,1289,2734,1557,1595,1253
1145,1070,2643,2645,1072,1114,2935,2606,1151,1149
1521,1292,1406,1483,1482,1520,1368,1216,1254,1444
1327,949,1252,3037,1215,1291,1595,1594,1289,1253
948,949,872,1215,607,682,835,947,1253,911
187,34,67,113,3012,73,72,341,36,227
1633,1252,3037,1215,1594,1557,1291,1289,1595,1253
917,2560,953,846,951,878,1064,879,1102,950
949,1252,1557,3037,1215,1291,1594,1595,1289,1253
1218,1141,1144,1221,1181,1107,1145,1180,1143,1179
3009,116,160,159,197,324,196,119,195,152
87,97,77,136,35,91,24,98,26,137
1216,1218,1028,950,1143,1254,1180,1064,1102,1179
1110,1148,2935,1108,1144,1146,1107,1149,1145,1221
3025,951,570,913,950,611,608,874,609,912
836,952,2394,2546,874,988,913,950,912,951
3030,194,197,324,153,196,3009,119,195,152
187,265,113,67,3012,73,72,36,341,227
945,2606,949,607,911,1054,1287,948,2645,947
1074,1111,1110,2606,1124,1072,2935,1114,1151,1149
2848,2847,2998,2806,2886,2842,2849,2880,2811,2881
1215,911,3037,1633,1594,1557,1291,1289,1253,1595
154,190,194,153,191,116,196,119,195,152
778,1047,2940,1088,1124,1316,1089,1279,1052,1048
1144,1068,1107,1141,1181,1218,1145,1180,1143,1179
1048,2935,1203,1151,1316,1114,1072,1124,1393,1149
1327,1252,949,1595,3037,1291,1215,1594,1289,1253
1252,1633,3037,1215,1594,1557,1291,1289,1595,1253
1255,1406,1143,1483,1445,1180,1408,1254,1179,1444
949,1557,1252,3037,1215,1291,1594,1595,1289,1253
1316,1114,2935,1124,1072,1126,1203,1391,1393,1149
949,1252,1557,3037,1215,1291,1594,1595,1289,1253
1633,1252,3037,1557,1215,1594,1291,1595,1289,1253
949,1557,1252,3037,1215,1594,1291,1595,1289,1253
1327,949,1252,3037,1215,1291,1594,1595,1289,1253
949,1557,1252,3037,1215,1594,1291,1595,1289,1253
571,534,494,611,532,3025,304,608,609,570
1126,1110,1151,1393,1392,1391,1114,2935,1072,1149
67,187,379,265,72,73,3012,36,227,341
2809,2734,1633,2697,1291,1974,1289,1557,1253,1595
1218,1216,1028,1143,1444,1064,1102,1180,1254,1179
1292,1179,1483,1406,1216,1482,1520,1368,1254,1444
949,1252,1557,3037,1215,1291,1594,1595,1289,1253
1252,1633,3037,1215,1594,1557,1291,1289,1595,1253
2602,2639,2600,2646,2640,2681,2644,2560,2642,2641
949,3037,1252,1594,1291,1557,1215,1595,1289,1253
3037,911,1633,1974,1594,1557,1291,1289,1253,1595
1140,878,953,952,879,988,951,1064,1102,950
535,608,534,494,532,304,609,611,573,152
1288,949,1252,3037,1215,1327,1594,1291,1289,1253
3011,3009,159,160,197,196,324,119,195,152
345,153,494,195,611,190,609,573,304,152
1124,1111,1148,846,1110,1072,2935,1114,1151,1149
990,1216,1064,1026,952,988,1254,950,1444,951
1216,1141,1408,1028,1218,1444,1143,1254,1180,1179
1557,949,1252,3037,1215,1291,1594,1595,1289,1253
1101,3037,1215,1633,1594,1291,1557,1289,1595,1253
949,1557,1252,3037,1215,1291,1594,1595,1289,1253
911,1974,1633,2734,1594,1291,1289,1557,1253,1595
911,3037,1215,1633,1594,1557,1291,1289,1595,1253
1140,1216,1028,1218,1064,1254,1102,1143,1180,1179
187,226,265,379,72,73,3012,36,227,341
113,68,33,67,37,72,34,73,35,36
286,173,164,197,438,160,119,400,3011,324
949,1252,3037,1557,1215,1594,1291,1595,1289,1253
952,1029,1218,1143,1140,1180,950,1064,1179,1102
190,156,154,114,196,153,195,116,119,152
911,1974,2734,1633,1594,1291,1289,1557,1253,1595
1250,948,3029,1291,911,1252,949,1215,1289,1253
911,3037,1215,1633,1594,1291,1557,1289,1595,1253
1557,949,1252,3037,1215,1291,1594,1595,1289,1253
911,1974,2734,1633,1594,1291,1557,1289,1253,1595
1521,1445,1406,1520,1482,1216,1368,1483,1254,1444
990,1254,1179,1026,952,988,1064,1102,950,951
340,455,414,339,379,2998,2811,2810,227,341
1316,2935,1072,1355,1126,1392,1149,1393,1203,1391
3037,2734,1215,1633,1594,1291,1289,1557,1595,1253
1292,1483,950,1406,1482,1216,1520,1368,1254,1444
1391,1088,1314,1124,1316,1048,1126,1089,1393,1203
2770,2847,2845,2773,2808,2848,2809,2811,2998,2810
2886,913,951,2839,2842,2880,2881,2394,2546,912
2585,2432,2470,950,2395,913,2394,951,912,2546
1254,1143,1180,1255,1293,1179,1444,1483,1445,1408
1127,1316,1088,1048,1124,1314,1126,1393,1089,1203
1203,1151,1126,1114,1393,2935,1392,1072,1391,1149
1149,748,1316,1279,780,2940,815,1124,2606,778
2808,1557,2772,1253,2732,2983,2697,2771,2733,2809
1048,1052,1316,1074,1124,2935,1072,1114,1151,1149
1074,1110,1316,1393,1124,1114,2935,1151,1072,1149
2647,2604,2641,2603,2681,2683,2646,2643,2645,2606
990,1064,951,1368,1406,950,1216,1179,1254,1444
1068,1181,1144,1221,1180,1179,1149,1107,1143,1145
949,1252,1557,3037,1215,1291,1594,1595,1289,1253
949,1252,1557,3037,1215,1594,1291,1595,1289,1253
1252,1633,3037,1215,1594,1557,1291,1289,1595,1253
340,455,414,339,379,227,2811,2998,2810,341
1049,1126,1355,1088,1316,1314,1393,1048,1089,1203
345,190,534,532,494,611,573,609,152,304
340,455,414,379,339,227,2811,2998,2810,341
1252,1633,3037,1215,1594,1291,1557,1289,1595,1253
1052,2935,1114,1151,1072,1048,1316,1393,1124,1149
1252,3037,1633,1215,1594,1291,1557,1289,1595,1253
1148,1124,1111,1393,1110,1151,1114,2935,1072,1149
952,2470,874,2394,988,2546,913,950,912,951
917,841,878,2640,880,950,2642,2641,879,2560
1355,1203,1316,1124,1151,1114,2935,1393,1072,1149
1482,990,1064,1368,1406,1216,950,1179,1254,1444
1074,1355,1111,1151,1393,1110,1114,2935,1072,1149
911,1974,1633,2734,1594,1291,1289,1557,1253,1595
119,137,153,136,115,91,98,116,92,152
1179,1292,1406,1483,1482,1520,1216,1368,1254,1444
414,378,455,340,339,2811,2809,2998,341,2810
379,340,455,414,227,339,2811,2998,341,2810
1314,1392,1072,1316,1126,1355,1149,1391,1393,1203
1483,950,1520,1482,1406,1216,1179,1368,1254,1444
1111,1108,1148,1145,1110,1114,1072,1151,2935,1149
160,196,538,400,3011,583,121,576,324,119
68,33,37,113,34,67,227,73,72,36
949,3037,1594,1252,1291,1595,1557,1215,1289,1253
949,1252,3037,1594,1557,1215,1291,1595,1289,1253
2734,911,3037,1633,1594,1291,1557,1289,1253,1595
953,1064,2985,952,1102,988,913,912,950,951
361,286,121,438,125,323,119,173,400,324
1292,1406,951,1482,950,1368,1520,1216,1254,1444
1218,951,952,1143,1140,1180,1179,1064,950,1102
228,192,230,191,190,267,153,195,304,152
3029,1633,1594,1215,911,1291,1289,1557,1595,1253
414,339,379,2848,2845,227,2811,2998,341,2810
535,571,534,494,532,611,3025,608,570,609
912,651,2640,687,646,950,879,576,798,612
1252,1633,3037,1215,1594,1291,1557,1289,1595,1253
949,1557,1252,3037,1215,1291,1594,1595,1289,1253
1111,1108,1148,1145,1151,1110,1114,1072,2935,1149
1072,1114,1107,1143,1108,1151,2935,1068,1145,1149
92,154,190,114,115,195,153,119,116,152
1391,1392,1111,1393,1110,1151,1114,2935,1072,1149
535,3025,534,532,494,611,608,304,570,609
1101,1633,3037,1215,1594,1291,1557,1289,1595,1253
912,990,1179,1026,952,988,1064,1102,951,950
1028,990,951,1216,1102,1064,950,1444,1179,1254
1088,1126,1316,1048,1355,1391,1089,1314,1393,1203
1144,1182,1107,1141,1145,1181,1218,1180,1143,1179
947,1072,1115,1114,2935,1109,2606,1149,1151,2645
1633,1252,3037,1215,1557,1594,1291,1289,1595,1253
2734,911,3037,1633,1594,1291,1557,1289,1253,1595
1252,1633,3037,1215,1557,1594,1291,1289,1595,1253
2641,953,917,880,951,1102,878,2560,879,950
874,2470,2395,988,2394,913,950,2546,912,951
1557,949,1252,3037,1215,1291,1594,1595,1289,1253
1187,1393,1148,1111,1151,1114,1110,1072,2935,1149
2603,1108,1070,1114,2645,1145,1151,1149,2643,2606
1252,1633,3037,1215,1557,1594,1291,1289,1595,1253
542,164,2964,119,508,160,438,400,3011,324
949,1252,3037,1557,1215,1291,1594,1595,1289,1253
583,542,508,160,119,2964,438,400,324,3011
1112,949,1151,1109,1072,1115,2935,1149,947,948
1107,1108,1148,1151,1114,1110,1145,1072,2935,1149
3012,36,414,339,379,227,2998,2811,2810,341
1145,1393,1148,1111,1110,1151,1114,1072,2935,1149
1141,1408,1216,1028,1444,1218,1254,1143,1180,1179
1068,1181,1221,1144,1180,1179,1149,1107,1143,1145
1072,1108,1148,2935,1107,1110,1146,1145,1221,1149
1107,1140,1181,1068,1218,1145,1180,1179,1102,1143
911,3037,1633,1215,1594,1291,1557,1289,1595,1253
1187,1108,1148,1111,1110,1151,1114,1072,2935,1149
1114,1031,1070,1108,1151,1143,1149,1068,1145,1102
1252,1633,3037,1215,1557,1594,1291,1289,1595,1253
1252,835,1291,3029,949,1289,1557,1215,911,1253
1074,1151,1355,1111,1393,1114,1110,2935,1072,1149
1074,1355,1111,1393,1110,1151,1114,2935,1072,1149
1149,1068,1108,1144,1179,1180,1181,1107,1143,1145
1074,1393,1148,1111,1110,1114,1151,1072,2935,1149
950,2471,2585,2432,913,2470,951,2394,2546,912
1151,1114,1124,1316,1203,1355,2935,1393,1072,1149
3037,1215,1633,2734,1594,1291,1289,1557,1595,1253
949,1252,1557,3037,1215,1291,1594,1595,1289,1253
90,35,26,97,24,92,91,136,137,98
3029,1252,3037,1594,1215,1291,1557,1289,1595,1253
