,Genes,converted,url
18,aay,39085,http://www.gene2function.org/search/get_ortholog/7227/39085/best_match
126,Ama,40831,http://www.gene2function.org/search/get_ortholog/7227/40831/best_match
140,Ance,34805,http://www.gene2function.org/search/get_ortholog/7227/34805/best_match
148,Antp,40835,http://www.gene2function.org/search/get_ortholog/7227/40835/best_match
179,apt,37734,http://www.gene2function.org/search/get_ortholog/7227/37734/best_match
375,Blimp-1,38638,http://www.gene2function.org/search/get_ortholog/7227/38638/best_match
385,bmm,39611,http://www.gene2function.org/search/get_ortholog/7227/39611/best_match
401,bowl,33602,http://www.gene2function.org/search/get_ortholog/7227/33602/best_match
411,brk,31665,http://www.gene2function.org/search/get_ortholog/7227/31665/best_match
430,Btk29A,34132,http://www.gene2function.org/search/get_ortholog/7227/34132/best_match
441,bun,34665,http://www.gene2function.org/search/get_ortholog/7227/34665/best_match
468,cad,35341,http://www.gene2function.org/search/get_ortholog/7227/35341/best_match
565,CenG1A,34803,http://www.gene2function.org/search/get_ortholog/7227/34803/best_match
671,CG10479,38674,http://www.gene2function.org/search/get_ortholog/7227/38674/best_match
783,CG11208,37285,http://www.gene2function.org/search/get_ortholog/7227/37285/best_match
1335,CG14427,31651,http://www.gene2function.org/search/get_ortholog/7227/31651/best_match
1755,CG17724,246682,http://www.gene2function.org/search/get_ortholog/7227/246682/best_match
1766,CG17786,42879,http://www.gene2function.org/search/get_ortholog/7227/42879/best_match
2831,CG43394,318843,http://www.gene2function.org/search/get_ortholog/7227/318843/best_match
3958,cnc,42743,http://www.gene2function.org/search/get_ortholog/7227/42743/best_match
4034,croc,40374,http://www.gene2function.org/search/get_ortholog/7227/40374/best_match
4104,Cyp310a1,35115,http://www.gene2function.org/search/get_ortholog/7227/35115/best_match
4137,D,34179,http://www.gene2function.org/search/get_ortholog/7227/34179/best_match
4151,dan,43023,http://www.gene2function.org/search/get_ortholog/7227/43023/best_match
4152,danr,43020,http://www.gene2function.org/search/get_ortholog/7227/43020/best_match
4190,Dfd,40832,http://www.gene2function.org/search/get_ortholog/7227/40832/best_match
4232,disco,32579,http://www.gene2function.org/search/get_ortholog/7227/32579/best_match
4274,Doc2,39038,http://www.gene2function.org/search/get_ortholog/7227/39038/best_match
4275,Doc3,39036,http://www.gene2function.org/search/get_ortholog/7227/39036/best_match
4294,dpn,35800,http://www.gene2function.org/search/get_ortholog/7227/35800/best_match
4379,edl,37149,http://www.gene2function.org/search/get_ortholog/7227/37149/best_match
4421,ems,41697,http://www.gene2function.org/search/get_ortholog/7227/41697/best_match
4447,erm,326152,http://www.gene2function.org/search/get_ortholog/7227/326152/best_match
4455,Esp,42962,http://www.gene2function.org/search/get_ortholog/7227/42962/best_match
4459,E(spl)m5-HLH,43158,http://www.gene2function.org/search/get_ortholog/7227/43158/best_match
4474,eve,36039,http://www.gene2function.org/search/get_ortholog/7227/36039/best_match
4479,exex,38884,http://www.gene2function.org/search/get_ortholog/7227/38884/best_match
4548,fj,37089,http://www.gene2function.org/search/get_ortholog/7227/37089/best_match
4553,fkh,43383,http://www.gene2function.org/search/get_ortholog/7227/43383/best_match
4594,ftz,40834,http://www.gene2function.org/search/get_ortholog/7227/40834/best_match
4701,gk,35738,http://www.gene2function.org/search/get_ortholog/7227/35738/best_match
4814,gt,31227,http://www.gene2function.org/search/get_ortholog/7227/31227/best_match
4824,h,38995,http://www.gene2function.org/search/get_ortholog/7227/38995/best_match
4834,hb,41032,http://www.gene2function.org/search/get_ortholog/7227/41032/best_match
4890,hkb,40549,http://www.gene2function.org/search/get_ortholog/7227/40549/best_match
4961,htl,42160,http://www.gene2function.org/search/get_ortholog/7227/42160/best_match
4994,Ilp4,39152,http://www.gene2function.org/search/get_ortholog/7227/39152/best_match
5002,ImpE2,38432,http://www.gene2function.org/search/get_ortholog/7227/38432/best_match
5004,ImpL2,38513,http://www.gene2function.org/search/get_ortholog/7227/38513/best_match
5125,ken,37785,http://www.gene2function.org/search/get_ortholog/7227/37785/best_match
5154,kni,40287,http://www.gene2function.org/search/get_ortholog/7227/40287/best_match
5156,knrl,40285,http://www.gene2function.org/search/get_ortholog/7227/40285/best_match
5160,Kr,38012,http://www.gene2function.org/search/get_ortholog/7227/38012/best_match
5307,lok,35288,http://www.gene2function.org/search/get_ortholog/7227/35288/best_match
5401,Mdr49,36428,http://www.gene2function.org/search/get_ortholog/7227/36428/best_match
5447,Mes2,40514,http://www.gene2function.org/search/get_ortholog/7227/40514/best_match
5453,MESR3,35116,http://www.gene2function.org/search/get_ortholog/7227/35116/best_match
5463,mfas,41455,http://www.gene2function.org/search/get_ortholog/7227/41455/best_match
5772,Nek2,31696,http://www.gene2function.org/search/get_ortholog/7227/31696/best_match
5784,NetA,32398,http://www.gene2function.org/search/get_ortholog/7227/32398/best_match
5832,noc,34847,http://www.gene2function.org/search/get_ortholog/7227/34847/best_match
5895,nub,34669,http://www.gene2function.org/search/get_ortholog/7227/34669/best_match
5903,numb,34263,http://www.gene2function.org/search/get_ortholog/7227/34263/best_match
5945,oc,31802,http://www.gene2function.org/search/get_ortholog/7227/31802/best_match
5952,odd,33583,http://www.gene2function.org/search/get_ortholog/7227/33583/best_match
6096,peb,31391,http://www.gene2function.org/search/get_ortholog/7227/31391/best_match
6278,prd,34629,http://www.gene2function.org/search/get_ortholog/7227/34629/best_match
6357,pxb,41899,http://www.gene2function.org/search/get_ortholog/7227/41899/best_match
6441,rau,33814,http://www.gene2function.org/search/get_ortholog/7227/33814/best_match
6512,rho,38168,http://www.gene2function.org/search/get_ortholog/7227/38168/best_match
6749,run,33059,http://www.gene2function.org/search/get_ortholog/7227/33059/best_match
7004,sna,34908,http://www.gene2function.org/search/get_ortholog/7227/34908/best_match
7129,srp,41944,http://www.gene2function.org/search/get_ortholog/7227/41944/best_match
7365,tkv,33753,http://www.gene2function.org/search/get_ortholog/7227/33753/best_match
7369,tll,43656,http://www.gene2function.org/search/get_ortholog/7227/43656/best_match
7380,toc,33526,http://www.gene2function.org/search/get_ortholog/7227/33526/best_match
7413,Traf4,33638,http://www.gene2function.org/search/get_ortholog/7227/33638/best_match
7437,trn,39491,http://www.gene2function.org/search/get_ortholog/7227/39491/best_match
7460,tsh,35430,http://www.gene2function.org/search/get_ortholog/7227/35430/best_match
7499,twi,37655,http://www.gene2function.org/search/get_ortholog/7227/37655/best_match
7752,zen,40828,http://www.gene2function.org/search/get_ortholog/7227/40828/best_match
7753,zen2,40827,http://www.gene2function.org/search/get_ortholog/7227/40827/best_match
7756,zfh1,43650,http://www.gene2function.org/search/get_ortholog/7227/43650/best_match
