,1,2,3,4,5,6,7,8,9,10
0,119,122,130,132,133,161,167,169,205,163
1,780,781,782,783,784,2940,778,815,849,853
2,1060,1096,1666,1704,1742,2123,1024,1061,1743,2162
3,52,60,84,88,90,117,161,163,119,121
4,1166,1363,1367,1400,1440,1737,1743,1404,1441,1739
5,888,983,2507,2542,2543,2693,810,848,883,1113
6,10,15,17,19,23,31,65,2936,13,16
7,17,23,29,31,34,36,67,113,2936,2932
8,950,952,1026,1027,1254,1938,2204,2206,2243,953
9,11,12,14,31,33,34,37,67,2936,13
10,10,15,795,831,846,871,13,730,796,835
11,1088,1124,1125,1198,1200,1202,1203,1239,1241,895
12,1038,1072,1073,1114,1147,1149,1150,1151,1152,1154
13,1244,2192,2531,2533,2753,2755,2759,2796,2797,2495
14,184,186,221,223,224,225,301,2936,14,19
15,2889,2890,2893,2909,2910,2919,3002,2853,2888,2891
16,1212,1249,1253,1287,1324,2943,1174,1175,1211,1252
17,1179,1180,1182,1183,1221,1406,1410,1191,1219,1370
18,1111,1112,1113,1115,1150,1152,1153,1154,1080,1110
19,78,115,124,458,571,684,688,695,155,611
20,1066,1068,1069,1070,1072,1075,1113,1145,1334,1143
21,1288,1291,1324,1327,1329,1362,1363,2942,3037,1290
22,1063,1329,1405,1441,1743,2047,1062,1404,1443,1708
23,830,869,2196,2234,2270,2271,2574,2649,831,2272
24,10,15,31,33,37,73,17,23,29,34
25,18,59,62,135,137,213,402,403,53,87
26,132,171,209,214,236,286,363,212,285,287
27,487,488,490,1058,1096,1098,1328,831,1059,1097
28,2640,2672,2718,2749,2755,3027,2676,2722,2758,2759
29,954,955,1152,1190,1221,1222,1225,1227,1688,1220
30,812,932,957,967,971,1009,899,928,955,1227
31,2673,2676,2750,2814,2872,2874,2875,2925,2920,2923
32,290,598,633,735,765,767,975,2268,1244,2186
33,882,917,921,1105,1145,1146,1147,2218,2256,2298
34,31,35,37,65,413,416,451,453,2936,19
35,342,420,457,463,464,499,574,575,2977,536
36,378,413,416,451,453,454,492,493,531,455
37,1025,1062,1138,1176,1215,3013,1063,1099,1100,1101
38,830,1212,1214,1253,1328,1363,1401,1021,1291,1362
39,1977,2091,2166,2242,2395,2399,2547,2282,2319,2432
40,678,2463,2544,2653,2690,2691,2692,679,718,2695
41,808,1114,2478,2513,2516,2559,2599,2602,805,2522
42,945,1247,1285,1287,1592,1625,1627,2988,1252,1591
43,762,799,800,836,837,838,839,840,875,1064
44,1028,1102,1105,1106,1141,1647,1648,1104,1143,1180
45,987,1154,1291,1329,1399,2003,2946,3007,1290,1361
46,674,711,978,1016,1052,1053,1054,1092,1129,1015
47,780,782,783,784,821,918,1124,2940,746,747
48,588,628,777,780,1682,1694,1734,1771,2070,519
49,770,1088,1120,1124,1125,1127,1199,890,1122,1126
50,17,19,23,2803,2806,2808,2810,2936,2998,13
51,31,33,34,36,37,67,71,73,113,30
52,824,1012,1085,1156,773,890,891,1086,1126,1151
53,129,165,196,203,307,436,577,162,205,270
54,340,602,604,606,607,639,643,645,681,186
55,18,26,31,34,53,59,67,399,11,110
56,1046,1129,1357,1393,1737,1082,1118,1119,1195,1660
57,987,1250,1251,1139,1177,1291,2010,2012,2047,2051
58,1036,1872,1883,1915,1955,1958,1986,1997,2945,2101
59,246,284,285,323,324,361,436,437,439,318
60,2279,2350,2389,2653,2695,2697,2731,2734,2983,948
61,571,688,692,695,725,761,646,684,691,723
62,171,172,173,237,239,240,241,251,279,200
63,1582,1618,1649,1656,1696,1884,2187,2188,1617,2623
64,124,318,396,433,434,435,464,466,468,78
65,2844,2846,2879,2880,2883,2884,2885,2886,2967,73
66,921,1682,1684,1685,1723,1727,1953,2255,2951,882
67,2547,2588,2624,2625,2626,2713,2938,2546,2586,2587
68,987,1024,1061,1062,1290,1291,1328,1329,1097,1366
69,980,2462,2564,2602,2686,2690,2691,2723,2641,2642
70,262,263,264,265,300,301,341,302,338,2934
71,1328,1401,1742,1743,1744,1745,1746,1783,1097,1366
72,133,163,167,209,236,286,437,162,170,171
73,1242,1244,1279,1281,1282,1320,1357,1662,1130,1660
74,1250,1251,1290,1633,1667,1291,1481,1669,1670,1671
75,2477,2513,2520,2554,2556,2593,2597,2599,2559,2592
76,2468,2653,2654,2690,2691,2692,2695,2697,2731,2616
77,767,955,1000,1031,1036,1039,1074,2778,2935,1953
78,753,981,1019,1322,1360,1628,1664,1702,676,1666
79,2778,2866,2869,2871,2872,2874,2875,2909,2903,2904
80,1152,1154,1451,1644,1738,1776,2218,1076,1128,1643
81,553,588,730,732,769,552,555,556,589,591
82,806,1054,1070,1109,1111,1113,1114,1151,1075,1077
83,152,153,154,193,498,536,539,571,609,190
84,1024,1061,1098,1291,1328,1401,1743,1060,1062,1096
85,1109,1344,1350,1385,1389,1390,1391,1775,1074,1076
86,84,90,115,117,161,78,119,121,155,768
87,115,838,878,879,914,915,951,953,880,952
88,197,236,237,238,239,240,241,279,436,200
89,871,909,1214,1249,1250,1251,1252,1253,2942,1138
90,42,43,45,52,57,84,86,87,88,54
91,30,106,184,262,339,186,225,264,301,303
92,988,991,992,2590,2626,2627,2667,1026,1027,1029
93,2276,2277,2278,2279,2314,2317,2355,1974,2315,2316
94,681,683,721,759,1023,1061,1063,1705,642,718
95,711,2559,2600,2602,2639,2522,2523,2558,2561,2596
96,1630,1631,1633,1667,1742,2995,1291,1628,1669,1670
97,2556,2593,2596,2599,2635,2637,2938,2597,2636,2638
98,956,960,997,1223,1225,2292,2329,2371,957,1226
99,1630,1631,1633,1667,1669,1670,1671,2955,2995,1705
100,2566,2604,2605,2606,2607,2608,2646,2647,2648,2524
101,1212,1249,1250,1251,1288,1290,1326,1327,1329,1291
102,1060,1061,1062,1096,1098,1252,1291,1328,1329,1097
103,413,450,452,493,527,528,1518,1782,414,415
104,37,72,73,113,149,188,31,70,74,148
105,1147,1148,1180,1183,1184,1188,1191,1223,1225,1182
106,93,128,133,162,163,164,238,3011,129,130
107,1631,1667,2988,3015,3029,378,1556,1595,1934,1936
108,1030,1064,1102,1141,1146,1180,1377,1415,2948,1031
109,1290,1633,1667,1291,1669,1670,1671,2010,2012,2047
110,1074,1076,1114,1149,1152,1154,1644,2935,888,1112
111,874,877,912,950,952,1902,2168,2959,875,915
112,1213,1250,1251,1288,1289,1325,1327,1631,1290,1326
113,171,209,212,236,237,290,363,364,200,206
114,978,1092,1624,1662,1964,2381,2997,713,2344,2383
115,1182,1370,1409,2131,2168,2950,1372,1407,1411,2170
116,1010,1012,1048,1128,1129,1166,1167,1314,1042,1073
117,2515,2555,2556,2592,2593,2634,2514,2552,2591,2595
118,1120,1155,1156,1157,1161,1162,1163,1115,1122,1160
119,2242,2243,2280,2282,2319,2321,2358,2359,2958,2397
120,1114,1123,1124,1154,1159,1195,1198,1200,1149,1158
121,1328,1366,1401,1404,1405,1782,1139,1177,1291,1481
122,1090,1127,1412,1699,2080,2118,2119,2158,1126,1162
123,836,874,1105,1179,1180,1217,1368,1371,1141,1187
124,1124,1159,1238,1277,1586,1658,1661,1699,1737,1082
125,129,133,135,162,165,441,3011,164,203,405
126,376,1250,1251,1592,1629,2047,2988,3029,417,1213
127,606,642,644,681,682,683,755,759,679,718
128,1066,1068,1102,1103,1142,1178,1318,1064,1065,1330
129,1070,1072,1075,1111,1113,1114,1151,1074,1076,1079
130,957,959,961,1006,1036,1037,1039,1154,968,997
131,31,34,37,67,75,110,143,149,30,65
132,779,781,783,818,820,1010,1277,1318,972,973
133,911,2657,2658,2659,2692,2695,2697,2734,2615,2616
134,188,224,262,264,303,339,341,374,377,302
135,985,1213,1249,1250,1251,1252,1253,1289,3037,1595
136,1401,1480,1822,340,493,1519,1557,1856,1858,1860
137,2166,2206,2432,2470,2509,2510,2511,2546,2549,2282
138,2240,2277,2314,2315,2316,2353,2657,2695,2275,2658
139,443,444,1994,1995,2071,2072,2113,2964,616,3032
140,602,606,641,642,645,681,683,639,682,948
141,1124,1200,1201,1202,1203,1237,1238,1239,1277,1240
142,406,477,478,513,804,807,3032,445,473,474
143,899,900,936,937,938,972,973,974,668,743
144,797,1822,1858,1860,1861,1937,1138,1139,1177,1481
145,340,488,490,528,568,639,3015,606,681,683
146,1088,1090,1124,1125,1127,1128,1161,1162,2976,1163
147,2556,2593,2594,2596,2640,2672,2677,2938,2636,2638
148,674,710,746,747,748,1662,2940,711,1737,2419
149,987,1024,1061,1290,1291,1328,1329,1366,1062,1404
150,31,36,37,70,72,73,75,113,111,149
151,719,756,759,1024,1061,1098,1405,1060,1062,1096
152,644,679,680,681,682,719,1024,1061,642,678
153,768,806,887,2558,2596,2597,2598,2635,2938,847
154,1165,1200,1201,1202,1203,1204,1237,1239,1241,1238
155,1291,1328,1329,1366,1401,1404,1405,1782,1061,1743
156,948,984,987,1024,1291,1366,3037,681,683,1290
157,340,379,797,1249,1250,1251,1593,2969,3029,490
158,1213,1214,1250,1251,1252,1289,3037,1212,1249,1253
159,672,675,708,710,738,746,747,2564,2940,745
160,1591,1592,1595,1629,2943,2969,2988,984,1666,1667
161,132,171,326,364,365,366,368,477,1320,174
162,1443,1667,1703,1705,1709,1743,1747,1784,1785,1442
163,1212,1213,1249,1250,1251,1252,1253,1289,1290,1214
164,340,379,1557,1633,1667,1742,3029,1669,1670,1671
165,120,159,160,162,205,230,232,267,3011,158
166,376,416,448,451,486,487,488,489,567,446
167,988,992,1028,1029,1066,1068,1105,1145,2358,990
168,457,468,470,471,507,537,610,536,571,609
169,1250,1251,1289,1631,2988,3029,1556,1595,1934,1936
170,10,2673,2750,2836,2872,2873,2874,2875,3027,2903
171,413,416,417,453,454,492,493,452,528,569
172,926,964,965,1006,1166,1194,1204,1231,895,963
173,2556,2592,2593,2730,2764,2766,2767,2771,2805,2694
174,325,326,327,361,363,364,365,399,290,439
175,2477,2484,2519,2521,2522,2523,2597,2603,2686,2560
176,900,937,938,977,2571,2611,2647,2649,2687,1320
177,2650,2651,2686,2688,2690,2694,2728,2732,2597,2603
178,340,987,1023,1025,1062,1097,1100,1101,1138,985
179,75,107,110,143,146,149,70,74,108,151
180,27,30,31,36,37,70,74,106,108,33
181,1902,1938,1976,2014,2052,2053,2128,2168,2205,1674
182,619,1124,1129,1662,1682,1696,1737,1775,2946,444
183,1249,1250,1251,1593,2969,3029,378,453,1252,1554
184,642,681,984,985,986,987,1023,606,644,683
185,598,740,1010,1048,1051,1127,1279,1314,1624,632
186,674,1054,1089,1124,1660,1163,1389,1390,1391,1393
187,158,400,402,474,475,509,162,471,507,510
188,990,1026,1027,1029,1066,1067,1294,1297,992,1028
189,674,1129,1130,1281,1282,1320,1435,1699,1814,1279
190,1290,1479,1570,1603,1607,1626,1633,1666,1667,1629
191,340,378,453,493,527,529,530,531,414,415
192,987,1021,1023,1024,1061,1062,1290,1291,1366,985
193,1083,1084,1085,1102,1142,1699,1054,1090,1700,1775
194,1036,1074,1107,1145,1149,1269,1297,1301,2935,1069
195,1112,1147,1149,1153,1225,1226,1228,1265,1070,1151
196,1119,1124,1158,1350,1354,1389,1390,1391,1393,1387
197,444,480,481,555,628,660,3016,519,553,651
198,2584,2588,2591,2625,2629,2586,2587,2590,2627,2667
199,2484,2522,2523,2559,2560,2566,2597,2605,2524,2565
200,1242,1279,1280,1318,1355,1357,1393,1624,1699,1660
201,2280,2282,2319,2359,2571,2953,1027,2358,2408,2446
202,2882,2883,2884,2885,2918,2920,2921,2923,2967,2925
203,987,1252,1290,1291,1328,1329,1366,3037,1024,1061
204,1048,1124,1314,1354,1389,1390,1391,1393,1658,1050
205,613,646,647,649,650,687,611,648,651,655
206,1964,2677,2678,2680,2752,2754,2756,2757,2640,2679
207,376,413,414,415,416,417,451,452,453,447
208,1166,1229,1231,1457,2113,2946,1190,1192,1225,1420
209,2853,2854,2888,2891,2901,2907,2910,2919,2852,2892
210,4,40,55,76,77,2676,2677,2758,56,57
211,302,303,413,2934,376,414,415,416,417,451
212,400,402,437,474,475,478,540,399,438,441
213,188,224,262,264,302,303,338,339,377,186
214,1242,1275,1276,1277,1278,1309,1315,1240,1279,1280
215,2564,2604,2646,2647,2683,2686,2603,2642,2643,2644
216,616,617,618,619,653,655,731,3032,654,657
217,1213,1250,1251,1252,1287,2942,2988,1214,1288,3037
218,938,1052,1242,1244,1279,1281,1318,1622,1660,1320
219,171,172,177,206,212,213,214,243,437,254
220,1060,1061,1062,1096,1097,1098,1328,1366,1367,1291
221,297,601,639,645,677,678,679,682,715,188
222,584,1122,1805,1809,1810,1846,1690,2071,2072,2113
223,1934,1936,1971,1975,2616,2618,2658,2659,2696,1214
224,1839,1879,2060,2101,2143,2146,2181,2182,1837,2102
225,11,12,2636,2637,2638,2677,2738,2748,2938,2596
226,558,594,595,895,926,965,1039,1238,1277,1003
227,340,378,379,987,1214,1290,1291,1327,1249,1250
228,1055,1092,1095,1144,1147,1153,2420,2459,1150,1182
229,755,793,987,1023,1058,1061,1062,1096,1366,754
230,888,889,1190,1192,1225,1229,1231,1269,3034,926
231,31,33,34,37,67,73,2936,13,16,27
232,1,41,59,2927,2973,2980,6,9,20,2975
233,839,1872,1915,1917,1918,733,1954,2219,2255,2945
234,864,978,1015,1964,2003,2290,2378,2411,2482,2487
235,762,800,802,808,838,839,874,875,912,799
236,950,1254,1444,1715,1750,1751,1938,1027,1029,1484
237,988,989,990,1030,1105,1178,1264,1107,1109,1901
238,1097,1366,1405,1443,1480,1481,1556,1557,1742,1062
239,188,262,339,341,377,150,226,264,299,303
240,1102,1865,1866,2128,2168,2205,1104,1142,1143,1179
241,1028,1064,1065,1068,1102,1103,1105,1140,1141,1104
242,406,407,445,482,543,546,548,585,456,506
243,987,1023,1097,1290,1291,1328,1329,1366,1404,949
244,712,751,753,1129,2080,2118,2120,2157,2197,749
245,2624,2625,2854,2889,2893,2919,2586,2634,2850,2890
246,1630,1633,2428,2465,2466,2995,3037,2388,2426,2427
247,493,527,528,1404,3013,454,489,491,492,531
248,1186,1190,1192,1217,1218,1455,1459,2215,2974,1102
249,950,1254,1255,1293,1295,1976,2014,2243,1217,1368
250,1624,1641,1661,1738,1776,2003,2946,1662,1964,3038
251,1214,1288,1327,1592,1629,2988,1212,1250,1251,1253
252,987,1062,1097,1290,1291,1327,1328,1329,1366,1024
253,972,1008,1009,1236,1272,1276,1277,1238,1275,1278
254,1737,1738,1739,1740,1815,1853,2080,2118,2946,2119
255,376,563,602,639,645,1252,606,607,643,681
256,1070,1073,2522,2523,2566,2605,2606,2608,2647,1075
257,1013,1014,1050,2221,739,970,1009,1389,1390,1391
258,985,1252,1290,1291,1327,2047,2049,606,681,1326
259,806,843,881,1694,1731,1911,1961,1996,2947,1741
260,803,1105,1342,1344,1345,1383,2259,1320,1346,1348
261,1109,1649,1915,1958,1997,2219,2945,2948,1920,1960
262,950,952,1187,1228,1229,1776,2167,2255,1180,1189
263,31,35,1099,1290,1367,1063,1100,1101,1329,2932
264,730,731,767,966,2112,2113,2114,2187,2188,2153
265,620,623,656,657,659,692,695,809,888,658
266,564,606,640,641,642,645,681,683,3015,602
267,37,70,74,75,108,109,113,146,151,110
268,2563,2564,2565,2601,2602,2643,2645,2646,2683,2486
269,646,763,950,952,992,1027,1029,1030,2359,990
270,2727,2728,2729,2766,2767,2768,2803,2805,2688,2765
271,2010,2012,2046,2047,2049,2050,2051,2929,2009,2352
272,1884,1885,1921,1922,1961,1964,2003,2997,1920,1960
273,617,618,681,1054,1056,1114,653,655,1151,2964
274,1904,1942,1944,1981,2130,2168,2169,1938,1978,1979
275,874,912,953,1942,2130,2167,2168,2169,1904,1940
276,221,2672,2750,2789,2790,2801,2830,2881,3027,2846
277,494,579,598,617,635,708,711,803,456,746
278,710,727,746,747,821,823,882,921,699,785
279,231,577,730,767,972,1009,1039,2526,2957,532
280,753,758,1063,1096,1098,1135,1290,1363,680,682
281,1592,1629,1631,1896,2047,2943,2969,2988,3029,1556
282,132,171,209,214,236,286,363,212,285,287
283,477,516,587,1090,1124,1127,1242,3028,1204,1243
284,679,946,947,948,983,984,986,1021,2388,2430
285,1242,1244,1279,1280,1281,1585,2961,1243,1282,2993
286,1042,1074,1076,1080,1082,1111,1114,1115,2935,1048
287,987,1024,1061,1062,1138,1139,1177,1213,1291,949
288,129,152,165,494,498,507,534,539,571,304
289,874,950,1179,1180,1676,1902,1904,1942,2168,1140
290,1682,1694,1732,1733,1771,2951,1154,1770,1775,2979
291,238,1127,1128,1129,1159,1424,1083,1084,1109,1122
292,1000,1032,1034,1036,1037,2365,2368,2405,2408,1035
293,950,952,988,990,991,992,1027,1030,686,912
294,730,767,846,847,1073,1132,1214,2029,810,845
295,1042,1076,1111,1342,1612,1657,1697,2948,1044,1080
296,1130,1180,1221,1394,1396,1140,1144,1145,1183,1184
297,1443,1667,1669,1670,1671,1705,2955,1633,1668,2009
298,1351,1352,1355,1357,1624,1318,1389,1390,1391,1393
299,2047,2506,2616,2653,2656,2731,2388,2430,2542,2543
300,958,994,996,1032,1036,1074,1149,1684,2935,995
301,846,882,883,920,2218,2255,2256,2298,921,2216
302,831,1138,1139,1173,1177,3013,796,1136,1215,1822
303,566,569,605,607,643,3015,414,415,454,491
304,872,2615,2618,2619,2658,2659,2693,2696,2276,2580
305,477,586,1124,1198,1200,1204,1240,1276,2966,3016
306,555,708,780,784,785,815,823,1127,2940,522
307,340,377,378,379,493,341,376,413,414,415
308,1213,1250,1251,1252,1288,1290,1327,1629,3037,1291
309,1192,1225,1227,1228,1229,1230,1265,1267,1224,1231
310,1938,1977,2166,2168,2205,2206,1978,1979,2128,2243
311,340,376,377,378,379,413,416,451,453,339
312,1010,1038,1042,1046,1070,1077,1082,1109,1113,1090
313,1062,1097,1098,1132,1133,1135,1291,1441,2199,379
314,642,645,679,681,682,948,984,606,644,683
315,557,703,969,1166,1202,1203,1204,1239,1241,558
316,684,688,689,723,763,2954,3022,648,652,767
317,1008,1244,1272,1274,1276,1278,1308,1315,1279,1313
318,1920,1921,1922,1960,1962,1964,1999,2148,2997,1884
319,721,984,987,1023,1062,1063,1096,1290,985,986
320,955,1192,1221,1227,1228,1229,1231,1265,1230,1267
321,154,155,190,192,228,230,231,268,269,463
322,2514,2550,2590,2591,2592,2629,2630,2631,2671,2632
323,642,681,682,683,1099,2691,2692,2695,3037,2653
324,1149,1187,1189,1193,1225,1227,1228,1229,1152,1154
325,2166,2204,2206,2207,2208,2243,2245,2397,2989,2322
326,1149,1682,1684,1685,1686,1723,2946,2951,2979,1953
327,1026,1027,1028,1030,1064,1065,1069,1102,1141,1180
328,843,1076,1344,1607,1650,1652,1689,3019,808,1109
329,37,377,378,453,413,414,415,416,417,491
330,1212,1214,1249,1250,1251,1253,1289,1327,2942,2618
331,10,15,31,33,71,17,23,26,29,34
332,1081,1082,1119,1121,1158,1342,1349,1122,1385,1387
333,710,711,712,713,2083,3028,746,747,748,2003
334,1993,1994,2035,2075,2298,2300,2337,2558,2600,2602
335,86,272,305,584,732,887,928,1006,126,310
336,985,1252,1290,1327,1592,1629,1249,1250,1251,1253
337,2172,2178,2213,2255,2259,1950,1987,2214,2251,2253
338,602,640,641,642,645,678,681,683,639,682
339,1062,1063,1100,1101,1139,1177,1405,1860,1937,1138
340,950,990,991,1026,1027,1254,1976,2014,2280,2243
341,1412,1643,1644,1667,1669,1670,1671,2080,2955,2004
342,1074,1076,1643,1689,2220,2259,2935,806,1570,1607
343,1097,1328,1366,1401,1404,1405,1062,1441,1443,1747
344,83,84,117,119,121,122,123,192,516,480
345,1021,1253,1287,1324,1327,1362,1363,982,983,984
346,1008,1010,1046,1047,1048,1054,1082,1277,1238,1278
347,1061,1062,1366,1404,1439,1063,1100,1101,1328,1401
348,371,373,377,409,410,412,449,478,3036,333
349,1034,1074,1149,1152,1154,1189,1192,2935,1036,1073
350,205,290,352,361,383,421,423,2977,2994,133
351,1129,1182,1190,1194,1358,1394,1395,1396,1124,1191
352,444,519,823,895,899,928,929,968,1011,513
353,668,670,708,743,976,1311,1314,1316,1353,632
354,132,171,674,675,708,1054,1320,173,788,1092
355,1060,1061,1062,1096,1097,1098,1328,1366,1367,1291
356,987,1249,1250,1251,1252,1290,1291,1366,2942,1327
357,442,445,477,513,515,516,551,620,521,557
358,1010,1053,1054,1082,1089,1244,1699,2940,171,399
359,1039,1074,1076,1077,1113,1152,1154,2935,1114,1118
360,516,517,576,611,613,614,615,571,580,616
361,2464,2467,2468,2504,2507,2545,2692,2694,2695,2086
362,35,74,416,453,2936,19,37,113,340,493
363,262,264,302,339,341,375,377,378,2934,338
364,2171,2172,2209,2211,2212,2251,2253,2501,2160,2161
365,36,104,1215,1288,2846,15,33,37,71,73
366,1872,1915,1917,1963,2002,2098,2945,1964,1987,2003
367,1606,1607,1643,1644,1681,1684,1771,1953,888,1114
368,2507,2542,2543,2544,2545,2583,2617,1025,2468,2582
369,453,835,1138,1139,1172,1174,1177,1211,1249,1137
370,339,340,378,379,413,453,493,341,376,414
371,1026,1027,1028,1064,1065,1102,1141,1180,990,1067
372,1082,1158,1159,1386,1422,1423,1424,1461,1122,1385
373,596,598,632,633,635,669,671,768,803,668
374,1944,2018,2020,2029,2063,2101,2103,2021,2022,2061
375,563,602,604,606,607,639,643,681,564,565
376,378,413,416,451,453,455,493,414,415,417
377,133,157,162,163,167,205,424,3011,160,161
378,1010,1048,1078,1080,1083,1084,1113,1119,1124,1008
379,783,785,787,823,825,2602,2639,2641,3028,782
380,668,743,744,783,969,974,1005,1006,936,1009
381,31,35,36,37,70,72,73,74,113,75
382,733,1000,1038,1039,1041,1042,1077,1080,2948,1114
383,1138,1212,1213,1215,1249,1250,1251,1291,3013,378
384,9,728,765,766,767,768,773,2940,2986,735
385,706,708,748,776,779,783,2940,670,740,782
386,379,642,681,683,1062,1291,413,416,451,641
387,1074,1108,1117,1145,1146,1147,1149,2935,1152,1154
388,188,262,302,150,186,225,226,264,299,303
389,1144,1150,1152,1154,1182,1372,1409,1411,2170,1112
390,1667,2048,2087,2123,1669,1670,1671,2010,2012,2047
391,710,748,785,787,788,2940,3028,783,786,818
392,1148,1188,1189,1225,1228,1229,1304,1031,1166,1303
393,602,641,642,645,681,683,3015,639,682,721
394,1556,1934,1936,1971,1975,2969,3029,1935,1972,3026
395,606,644,681,682,758,797,1249,1252,2693,1592
396,13,21,22,27,31,32,35,51,2936,10
397,987,1062,1063,1097,1100,1101,1290,1291,1366,1024
398,399,477,635,666,708,710,748,2940,776,779
399,987,1024,1061,1062,1097,1290,1291,1328,1366,1063
400,1168,1242,1243,1244,1282,1320,2531,1586,2533,2572
401,1138,1139,1177,1860,1898,1937,2239,1822,1896,1974
402,740,765,768,773,803,804,806,808,843,732
403,2789,2790,2792,2814,2829,2920,2923,2925,2780,2867
404,1682,1690,1730,1732,1733,1771,1805,1809,2951,1198
405,646,686,724,760,761,762,912,916,3025,722
406,987,1023,1061,1062,1366,759,1063,1100,1101,1328
407,53,60,90,129,137,399,402,441,477,135
408,442,484,519,520,522,588,750,789,441,443
409,1166,1200,1694,1766,1805,1808,1809,2113,2114,1770
410,2179,2180,2187,2188,2226,2228,883,2104,2145,2227
411,340,488,490,491,493,528,454,489,492,567
412,899,924,928,929,961,966,1003,1031,1039,964
413,1630,1631,1633,1667,2995,1669,1670,1671,2010,2012
414,2846,2879,2881,2884,2886,2967,2842,2880,2882,2883
415,155,156,157,195,196,571,611,614,615,152
416,835,1174,1211,1215,1478,1515,1517,1822,1896,1175
417,767,994,1031,1036,1037,2146,2444,2445,996,2101
418,13,22,53,2936,3018,14,15,19,20,33
419,1071,1072,1111,1112,1113,1114,1120,1151,1381,1150
420,1062,1097,1139,1177,1366,1063,1100,1101,1328,1405
421,442,558,587,595,550,552,555,586,589,591
422,262,303,339,340,341,377,378,413,452,302
423,1363,1366,1367,1404,1557,2942,3037,759,1099,1328
424,114,152,154,157,190,191,267,269,228,229
425,776,800,801,804,806,811,839,843,1119,805
426,724,763,938,1027,1030,1064,1292,2242,2359,975
427,1204,1234,1236,1240,1808,1889,2966,1766,1807,1809
428,1667,1669,1670,1671,2010,2012,2047,2051,2955,1705
429,85,442,480,514,517,551,48,441,443,512
430,871,872,911,1214,2618,2619,2658,2659,2693,2615
431,788,827,828,863,1166,1167,1205,899,929,1168
432,1404,1405,1441,1443,1743,1747,1782,1784,1785,1366
433,1204,1430,1432,1433,1469,1471,1809,1810,1887,1394
434,1124,1127,1200,1201,1202,1203,1237,1239,1241,1199
435,208,247,248,284,285,323,1006,1007,1008,970
436,1158,1195,1202,1203,1204,1239,1241,934,1165,1199
437,1033,1034,1036,1071,1072,1114,1149,1074,1228,2935
438,871,872,985,1214,1250,1251,1327,909,911,1290
439,262,264,302,338,339,377,263,265,298,300
440,950,1180,2166,2204,2205,2206,2207,2243,952,2281
441,805,1010,1082,1624,1657,1659,1660,1964,2997,1046
442,1027,1254,1332,1444,1446,1447,1448,1521,990,1331
443,681,948,1213,1290,1291,1633,1667,2047,2049,1250
444,1054,1244,1662,1699,1700,1737,2381,1130,1660,1698
445,2370,2406,2408,2446,2447,2492,2610,2611,2953,2441
446,340,453,486,376,413,414,415,416,417,491
447,1252,1290,1291,1327,1592,1629,1249,1250,1251,1253
448,1011,1041,1042,1045,1114,1117,1274,1383,1316,1353
449,991,1029,1244,1281,1926,2491,2531,2953,955,2183
450,1034,1071,1107,1339,1343,1532,1030,1064,1069,2948
451,1062,1063,1097,1100,1101,1212,1249,1328,1174,1211
452,871,1060,1291,1327,2942,1249,1250,1251,1253,1289
453,998,2327,2328,2365,2368,2369,2407,2254,2290,2291
454,325,326,361,362,363,364,2994,327,360,401
455,489,491,527,528,531,565,567,490,566,569
456,480,481,516,517,554,555,589,406,513,560
457,1976,2014,2053,2054,2093,2129,2130,2167,2128,2168
458,789,1019,1053,1090,1129,1660,1662,1737,3007,1016
459,441,442,477,708,782,783,1124,2940,748,823
460,674,708,713,746,747,748,781,785,2940,1012
461,18,45,48,52,60,79,90,91,161,40
462,808,843,919,1051,1090,1128,1660,1661,838,842
463,2588,2591,2592,2628,2629,2630,2631,2632,2671,2665
464,30,106,177,227,138,176,183,214,222,252
465,646,684,685,688,689,692,695,954,3022,652
466,1249,1250,1251,1252,1253,1287,2693,2942,3037,2616
467,950,1027,1254,1293,1976,2014,2242,2321,2359,953
468,305,477,495,496,497,498,532,539,342,381
469,950,952,1027,1065,1067,1216,1217,1330,2959,1293
470,1150,1152,1154,1193,1420,1644,1682,1689,2951,888
471,730,767,1000,1001,1039,2103,2181,2218,765,2444
472,1008,1114,1122,1149,1152,1158,1159,1195,1384,1344
473,1058,1287,1361,1362,1363,1364,1367,1400,2942,1247
474,707,709,770,774,803,806,839,842,843,618
475,922,955,957,959,961,996,997,998,1265,921
476,674,777,788,888,1010,1048,1082,3028,891,1126
477,966,1307,1837,1844,1879,1886,1802,1804,1839,1846
478,2564,2604,2642,2643,2646,2647,2683,2686,2606,2723
479,616,842,876,913,2964,576,617,803,841,878
480,787,819,825,1124,1128,1159,1161,1162,1092,3028
481,1250,1251,1595,1633,1667,3037,1630,1631,2353,2988
482,377,378,416,453,455,642,644,681,682,376
483,1012,1053,1089,1244,1389,1390,1391,1393,1008,1351
484,1291,1667,1669,1670,1671,1743,2955,1404,1443,1747
485,744,782,783,819,895,897,927,1238,1277,892
486,871,909,1214,1249,1250,1251,1252,1253,870,872
487,1114,1120,1151,1191,1193,1225,1226,1227,846,925
488,1514,1554,1555,1556,1590,1593,2123,2969,3029,1481
489,494,534,536,571,608,609,610,611,613,456
490,17,23,29,1023,1061,1063,2726,2936,15,19
491,221,227,262,302,338,339,377,378,2934,341
492,534,536,570,571,574,575,610,806,2479,533
493,1144,1145,1182,1410,1451,1102,1141,1372,1415,1417
494,1451,1681,1682,1719,1953,2029,1683,1684,1685,1721
495,523,524,525,560,561,599,600,601,563,789
496,1752,1789,1976,2014,2016,2284,2321,2322,1521,2018
497,2793,2794,2833,2837,2844,2872,2874,2875,2836,2873
498,805,807,1308,1310,1342,1388,1612,1653,2220,2260
499,477,972,1276,1278,1311,1313,1315,1316,1353,1277
500,313,1008,1124,1128,1166,1198,1114,1130,1158,1195
501,30,31,36,37,74,106,148,33,71,73
502,363,364,365,366,399,424,477,511,547,2994
503,379,487,488,490,491,1291,1328,340,493,1290
504,786,1129,1130,2342,2381,2419,2457,674,2337,2340
505,1290,1363,1366,1367,1667,1668,1705,3037,1063,1328
506,762,838,839,1108,800,841,875,878,879,1145
507,463,477,480,513,767,835,968,1000,1199,832
508,955,990,991,992,993,995,1029,1221,954,988
509,553,1152,1154,552,555,556,589,591,626,703
510,787,892,895,929,931,1124,784,785,819,861
511,773,805,806,807,808,843,845,770,842,882
512,456,496,497,498,534,570,722,724,761,610
513,1010,1012,1124,1161,1162,1238,1426,1082,1119,1158
514,2166,2206,2207,2394,2433,2434,2511,1102,1141,2432
515,119,122,124,133,156,161,163,167,162,205
516,751,1010,1012,1048,1082,1124,2940,783,890,1126
517,414,415,491,641,645,3015,606,607,643,681
518,74,339,340,341,377,379,413,414,415,149
519,152,163,164,571,576,611,613,124,191,577
520,1036,1053,1054,1073,1092,1129,1130,1244,1738,1072
521,620,738,770,807,848,849,152,494,617,708
522,157,160,161,162,167,237,502,3011,164,204
523,608,611,646,762,2470,2624,799,837,2511,2598
524,1555,1595,1629,1630,1631,1632,1667,1705,2995,1633
525,782,784,785,786,815,1127,1128,2940,2976,1092
526,623,997,1149,1154,1187,1189,1228,1229,1682,2991
527,188,262,300,302,338,568,2934,3015,150,186
528,1054,1660,1662,1699,1700,1736,1737,1775,1624,1661
529,133,161,365,366,368,403,477,363,404,406
530,1043,1070,1072,1075,1113,1314,1340,1074,1108,1347
531,964,1194,1225,1227,1230,1265,1267,2991,962,1226
532,366,399,400,402,437,474,475,477,543,403
533,738,743,1077,1377,1379,1618,2297,2948,1039,1074
534,449,486,1062,1063,1096,1098,1360,721,1097,1367
535,170,171,248,289,313,383,436,467,381,879
536,201,202,546,1089,1124,1127,1129,158,1162,1622
537,874,875,876,877,912,913,915,950,952,2985
538,383,386,761,763,764,878,953,955,2444,192
539,1016,1243,1244,1279,1281,1282,1357,3003,1054,1322
540,1596,1598,1634,1635,1638,1864,1903,2959,1179,1180
541,798,800,836,837,838,874,875,877,2168,1027
542,2736,2780,2814,2816,2829,2909,2910,2952,3017,2859
543,1079,1089,1111,1113,1118,1119,1156,1180,1195,1080
544,37,74,75,105,109,110,146,149,30,70
545,1814,2029,2060,2061,2063,2104,2105,2226,2268,2101
546,171,198,200,209,236,237,238,311,212,239
547,1288,1591,1592,1593,1595,1629,1631,2988,3029,1633
548,2660,2662,2698,2703,2704,2736,2737,2738,2739,2672
549,120,122,156,400,403,708,710,748,365,675
550,1149,1187,1189,1193,1225,1227,1228,1229,1265,998
551,602,641,642,645,681,683,805,1630,2995,1667
552,676,750,751,753,788,789,790,3028,714,752
553,869,1133,1286,1894,1932,1970,1973,2007,2008,1895
554,1113,1114,1150,1151,1344,1650,1689,1382,1383,1384
555,1055,1092,1130,1397,1435,1701,1737,1738,1700,1735
556,1202,1203,1207,1239,1241,1242,1851,1887,2931,899
557,1491,1493,1494,1722,1762,1763,3020,653,655,1454
558,1010,1052,1054,1090,1318,1321,1323,1359,1626,981
559,150,186,188,225,226,227,299,303,148,224
560,2812,2851,2862,2899,2901,2910,2919,2921,2925,2825
561,1074,1108,1643,1872,2935,1036,1070,1073,1109,1645
562,634,672,864,900,937,976,978,1013,1015,670
563,2597,2600,2601,2602,2603,2640,2641,2677,2680,2562
564,13,16,19,21,25,32,37,2936,12,17
565,150,188,226,227,299,303,414,415,641,645
566,1062,1097,1098,1441,3013,1063,1099,1100,1101,1328
567,2778,2844,2880,2882,2883,2885,2887,2923,2925,2884
568,1140,1178,1179,1180,1182,1217,1368,1407,1408,1254
569,1404,1439,2085,2126,2164,2202,759,1401,1405,1782
570,10,27,31,33,37,13,21,25,32,68
571,577,579,596,598,599,635,2957,538,542,578
572,441,442,445,476,477,512,513,515,549,516
573,958,962,991,996,1031,1032,1033,1035,1037,1029
574,1320,2564,2566,2604,2605,2606,2607,2608,2647,2375
575,336,447,489,528,567,797,1138,1249,488,1137
576,552,591,854,856,857,890,891,892,1123,893
577,1062,1096,1097,1098,1137,1139,1177,1366,1063,1099
578,686,762,763,799,800,802,838,839,875,836
579,882,1149,1152,1154,2255,2256,2257,2378,1644,2218
580,1008,1276,1277,1278,1313,1315,1316,1353,1049,1050
581,674,1014,1051,1052,1127,1130,1357,1660,711,1129
582,2636,2637,2672,2673,2674,2677,2715,2716,2981,2675
583,398,461,462,540,578,171,285,323,324,361
584,158,203,436,508,511,540,578,579,61,200
585,60,90,98,137,148,48,52,112,162,477
586,1678,1945,2558,2600,2602,2641,1680,2170,2596,2938
587,672,978,1016,1051,1092,1355,1624,1659,2940,711
588,2660,2662,2699,2791,2814,2889,2909,3017,2903,2952
589,758,795,797,1174,1211,1212,1249,1253,1515,2200
590,948,949,986,1042,2255,2425,2426,946,947,2298
591,685,686,724,836,874,875,877,912,953,838
592,2484,2522,2523,2560,2597,2600,2603,2647,2686,2599
593,714,750,752,753,755,788,789,790,827,751
594,961,963,1054,1114,1166,1167,1228,1265,1269,960
595,1102,1141,1143,1372,1406,1407,1408,1411,1445,1369
596,1131,2497,2499,2531,2532,2533,2534,2535,2574,750
597,1027,1337,1773,1775,1827,1877,1976,2014,2039,1028
598,895,1512,1552,1854,2192,2196,2234,2272,2926,897
599,1014,1052,1053,1054,1244,1276,1277,746,747,748
600,641,642,681,683,1252,1628,1630,2995,3037,2929
601,1074,1114,1143,1144,1145,1149,1189,2935,1110,1147
602,1124,1200,1201,1202,1203,1237,1238,1239,1241,1195
603,1031,1033,1037,1039,1567,2150,2189,2227,1009,1034
604,1190,1192,1194,1221,1225,1227,1459,2257,955,1107
605,19,35,37,61,72,73,75,113,2936,31
606,1938,2166,2204,2206,2243,2245,2280,2321,2359,950
607,2708,2751,2789,2790,2791,2668,2669,2710,2747,2792
608,646,762,764,800,802,838,839,912,916,763
609,84,87,481,554,555,620,621,553,625,655
610,831,868,869,1138,1174,1176,1211,835,873,908
611,763,764,773,799,801,802,837,2986,706,762
612,37,2846,2847,2848,2925,2936,2849,2879,2884,2886
613,2484,2524,2565,2566,2605,2563,2564,2601,2645,2646
614,340,378,453,493,414,415,454,491,492,531
615,1002,1004,1038,1039,1077,1571,1041,1244,1536,1573
616,1204,1240,1314,1316,1353,2966,1238,1275,1278,1315
617,1184,1186,1191,1223,2177,2178,2215,2216,1185,1187
618,758,1025,1061,1062,1439,759,1063,1099,1100,1101
619,1124,1242,1244,1302,1304,1334,1335,1660,1737,1297
620,83,116,121,123,124,667,2566,2605,2965,700
621,1291,1328,1329,1366,1401,1404,1405,1782,1061,1743
622,882,884,886,922,1092,1129,2156,923,960,2175
623,642,681,946,947,948,980,987,2430,1024,2466
624,135,378,453,598,669,674,1054,1244,2710,2747
625,553,621,1126,1430,2976,554,620,622,623,1158
626,31,148,338,1249,1250,1251,1252,1253,491,645
627,1024,1060,1061,1062,1096,1098,1291,1063,1099,1100
628,1288,1290,1291,1324,1325,1329,1628,1286,1327,3037
629,870,946,947,984,985,986,1022,1024,910,948
630,1291,1667,1669,1670,1671,1743,2955,1404,1443,1747
631,1012,1048,1124,1126,1127,1238,1277,1278,1315,1010
632,1030,1064,1068,1069,1070,1103,1145,1178,1066,1102
633,522,557,594,669,671,702,785,826,861,899
634,158,474,477,513,546,577,615,2964,270,441
635,0,40,43,45,49,52,57,79,4,55
636,491,1139,1177,1213,1291,1328,1366,1481,1024,1061
637,400,402,404,437,441,442,474,475,511,366
638,948,1010,1013,1036,1042,1046,1071,1076,1077,1012
639,340,378,416,453,455,486,491,493,413,414
640,2657,2695,2697,2731,985,986,1063,2616,2618,2656
641,1061,1062,1097,1328,1366,1063,1100,1101,1329,1401
642,939,1242,1244,1279,1281,1282,1357,3003,1624,1661
643,980,1053,1054,1091,1660,2347,2382,2421,2997,2080
644,1867,2010,2012,2046,2050,2051,2085,2162,2202,1677
645,1877,1878,1880,1917,1919,1999,1612,1657,1915,1924
646,1213,1252,1290,1327,1592,1629,1249,1250,1251,1253
647,948,983,984,986,1021,1022,2653,946,947,2047
648,340,1249,1291,1329,1404,1441,2047,2942,2988,1252
649,1070,1071,1072,1077,1109,1111,1113,1120,1340,1012
650,909,1213,1249,1250,1251,1252,1253,1290,2942,1287
651,424,457,460,461,471,499,502,505,541,434
652,758,794,795,797,831,1136,1137,1176,1025,1818
653,292,294,295,329,330,365,366,369,403,331
654,1069,1074,1113,1145,1149,1152,1344,2935,1070,1073
655,558,595,629,663,665,667,700,701,594,596
656,1213,1249,1250,1251,1252,1253,1592,1629,2988,1591
657,823,824,2520,2559,2564,2565,2597,2600,787,825
658,48,52,54,83,88,90,123,161,57,128
659,674,710,711,1238,1240,1275,1278,1315,2966,1389
660,1010,1046,1047,1048,1314,1316,1353,1012,1049,1050
661,1010,1012,1047,1048,1277,1278,1311,1315,972,1008
662,1062,1063,1096,1098,1290,1291,3037,721,984,1097
663,154,155,192,532,571,609,610,611,762,608
664,1112,1114,1149,1150,1152,1153,1682,1688,1151,1419
665,949,985,1213,1214,1250,1251,1288,1290,1327,946
666,477,823,842,886,1128,1129,2940,782,815,858
667,1212,1214,1250,1251,1253,1289,1327,872,873,908
668,987,1023,1062,1063,1096,1098,1290,1291,3037,721
669,1010,1012,1082,1083,1084,1085,1119,1046,1048,1081
670,717,1061,1062,1096,1366,1404,2084,2122,2937,987
671,910,946,947,948,1214,1248,1288,1327,872,873
672,950,952,988,990,991,992,995,1027,1029,1180
673,120,132,158,171,173,200,169,172,211,330
674,642,644,679,681,682,683,718,759,413,416
675,1250,1251,2988,3029,1556,1595,1934,1936,1971,1975
676,995,996,1228,1410,1448,1485,1681,1684,2946,1149
677,985,986,987,1023,2468,2507,2545,2602,2690,2464
678,455,491,493,759,1099,1249,452,490,528,1098
679,378,985,1250,1251,1290,1291,1327,2047,987,1023
680,1025,1098,1099,1174,1175,1211,1215,1362,3013,1440
681,862,924,955,956,957,997,1227,2991,882,922
682,1036,1074,1109,1149,1344,1419,2935,2946,2948,2377
683,975,976,1014,1052,1240,1276,1277,2966,3003,1167
684,2598,2601,2640,2677,2679,2680,2681,2603,2636,2638
685,812,816,846,849,853,885,886,890,923,884
686,1008,1012,1244,1277,1278,1281,1282,1315,1279,1313
687,1131,1168,1207,1208,1244,1246,1360,1512,2931,1740
688,303,377,378,416,453,455,491,565,262,340
689,1212,1215,1822,1896,2200,2237,2239,2276,3000,1174
690,1138,1174,1176,1211,1212,1213,1215,1249,3013,1172
691,835,1138,1139,1173,1176,1177,1213,1215,3013,1172
692,119,121,122,124,135,161,162,163,3011,164
693,405,406,440,441,442,445,476,513,522,480
694,1036,1227,1229,1567,1793,1839,2365,2368,996,2101
695,31,33,35,36,37,73,74,113,144,149
696,1656,1694,1695,1696,1962,2000,2003,2997,1655,2001
697,598,599,713,1051,1091,1661,1662,3003,636,1053
698,133,162,163,171,250,361,437,3011,161,290
699,399,710,746,747,748,749,783,708,784,785
700,1405,1681,1685,1686,1723,1724,1725,2951,1404,1441
701,1213,1290,1326,1366,1367,1404,1555,1328,1405,1707
702,1250,1251,1289,1290,1327,2123,2469,3029,1291,1669
703,900,935,936,937,938,939,973,974,1244,708
704,958,994,995,996,1033,1263,2063,2024,2025,2026
705,708,782,784,785,815,822,861,2940,746,747
706,2558,2597,2599,2602,2641,2642,2681,2564,2600,2601
707,119,163,516,517,518,580,614,162,441,477
708,1054,1129,1130,1244,1393,1660,1662,1700,1737,3003
709,2132,2133,2169,2170,2171,2172,2209,2216,2218,2253
710,678,1018,1020,1021,1058,2085,2123,2159,2162,1401
711,1097,1441,1443,1742,1744,1745,1746,1783,1100,1101
712,262,339,340,377,378,379,413,414,415,338
713,20,33,34,36,59,67,73,99,30,31
714,10,13,16,68,2936,3018,30,31,35,106
715,602,606,639,641,642,645,681,683,3015,607
716,842,962,1070,1225,1226,1254,1260,1267,1444,1222
717,228,420,494,495,532,533,577,611,613,344
718,750,751,788,826,863,865,895,3028,749,787
719,629,646,661,663,684,685,693,723,558,595
720,10,11,15,31,33,37,51,73,17,23
721,1432,1662,1699,1700,1735,1736,1775,2003,1737,2944
722,159,160,197,198,199,235,3030,163,168,200
723,800,2394,2433,2477,2560,2566,2605,2471,2522,2523
724,340,341,414,415,796,835,1249,1250,1251,378
725,928,969,1194,1227,1236,1268,1307,964,968,1000
726,990,991,1026,1027,1976,2014,1029,1788,1789,2052
727,1707,1782,1669,1670,1671,1709,2010,2012,2047,2051
728,52,78,79,90,94,115,116,117,129,56
729,994,996,1684,2218,2255,2257,2259,1032,1492,1762
730,340,341,378,379,452,491,797,1138,1249,453
731,1593,1934,1936,1971,1975,2314,2315,2316,2353,1935
732,916,918,955,962,1000,1031,1039,845,880,883
733,1328,1366,1401,1404,1405,1782,1139,1177,1291,1481
734,928,929,1200,1201,1202,1203,1237,1239,1241,1503
735,2753,2792,2795,2828,2829,2831,2752,2754,2756,2838
736,1949,1989,2078,2117,2177,2216,1947,1950,1951,1987
737,752,753,789,826,828,829,863,895,1205,864
738,458,496,534,570,610,722,495,497,532,533
739,2564,2604,2606,2608,2642,2644,2647,2683,2566,2605
740,18,45,50,60,61,9,14,28,37,99
741,1036,1839,1926,1928,1964,2187,2188,2408,1850,2104
742,30,74,106,262,264,338,339,377,2803,341
743,668,738,743,936,974,1010,704,705,934,935
744,40,52,56,57,58,79,80,87,97,88
745,62,100,161,203,213,251,163,200,201,202
746,991,2446,2460,2484,2608,1144,1147,2566,2605,2607
747,976,978,1015,1016,1052,1053,1092,1129,1131,1055
748,795,1174,1211,1249,1823,2942,2969,831,1820,2658
749,1290,1630,1631,1633,1667,2995,1291,1669,1670,1671
750,707,708,710,736,744,745,779,806,936,706
751,1149,1152,1189,1190,1191,1192,1228,1229,1187,1193
752,1090,1700,1737,1775,2940,2946,2979,823,1662,1736
753,608,646,684,686,724,762,799,1710,3025,802
754,62,135,136,174,175,213,1129,1168,2972,84
755,2598,2641,2642,2644,2679,2681,2758,2600,2601,2602
756,607,643,1252,1253,1591,1592,1595,2942,2988,1248
757,1287,1595,2085,2468,2943,2969,1327,1590,1592,1629
758,1212,1590,1823,1970,2200,2236,2240,2241,3029,1478
759,1250,1251,1252,1253,1289,1595,2729,2942,871,1214
760,2123,2126,2162,2164,2202,2468,2929,3005,2048,2087
761,251,329,330,362,369,370,399,439,365,437
762,1244,1297,1886,1964,2154,2192,2492,2532,1073,1888
763,717,781,782,980,984,1048,1088,1125,1360,783
764,1401,1633,1667,1669,1670,1671,1743,2955,1630,1631
765,825,1149,1187,1189,1191,1193,1228,1229,1186,1224
766,50,749,786,787,825,881,1159,784,785,863
767,1130,1242,1281,1282,1318,1320,1357,1359,3003,1167
768,1533,1793,1799,1830,1832,1865,1901,1913,1754,1794
769,1459,1723,1724,1725,1902,2178,2215,1726,1727,1763
770,1174,1175,1211,1366,1440,1442,2942,1328,1329,1477
771,740,782,815,849,1050,1124,1430,2940,746,747
772,946,947,948,949,985,986,987,1023,1024,983
773,512,551,576,587,614,615,649,651,2960,516
774,2048,2085,2086,2087,2123,2162,2046,2088,2125,2929
775,83,84,119,121,124,129,161,163,165,87
776,948,987,1023,1667,2468,2929,3005,681,683,1290
777,762,802,838,877,912,2168,684,800,875,878
778,990,1027,1938,2243,1026,1029,1788,1789,1976,2014
779,1212,1213,1214,1250,1251,1556,1249,1253,1289,3029
780,1917,2003,2214,2219,2253,2254,2255,2560,2218,2259
781,596,616,617,1129,2964,156,193,598,633,803
782,11,14,2678,2709,2715,2757,2981,12,17,23
783,954,955,1031,1070,1220,950,952,992,1030,1069
784,113,188,376,378,413,414,415,417,453,75
785,994,1000,1030,1031,1032,1036,1037,1069,1105,998
786,846,1088,1108,1110,1125,1147,1151,3006,1112,1114
787,1062,1096,1098,1099,1329,1404,1405,1441,1443,1097
788,70,74,112,148,149,151,224,37,72,105
789,1010,1012,1048,1054,1092,1570,1607,1624,1662,1129
790,1061,1062,1096,1139,1177,1366,1404,1857,1860,1058
791,36,73,113,717,2764,2768,2805,2808,2809,2773
792,950,1217,1255,1293,1938,2015,2016,2930,1027,1788
793,1013,1014,1925,1961,1962,2436,2437,2473,2647,2479
794,1049,1344,1347,1350,1351,1352,1389,1390,1391,1658
795,836,838,840,875,877,878,879,880,916,839
796,2008,2009,2010,2012,2046,2047,2049,2051,984,1666
797,1213,1249,1250,1251,1252,1253,1289,3037,909,1290
798,1904,1938,1942,1977,1978,1979,1980,2166,2206,950
799,1488,1536,1540,1573,1577,1579,1586,1541,1548,1575
800,1112,1113,1114,1123,1151,1154,1157,1116,1120,1150
801,487,488,1061,1062,1096,1097,1328,1366,1404,1058
802,780,823,895,2448,2449,2454,2460,2489,2490,786
803,604,606,607,642,643,645,681,683,758,566
804,1276,1278,1313,1314,1315,1316,1353,1658,702,1049
805,716,754,757,790,1095,1399,1778,2080,2082,750
806,823,895,969,1124,1127,1128,1241,2940,708,744
807,1025,1095,2542,2543,2544,2937,679,718,756,2727
808,1213,1250,1251,1290,1631,1633,1288,1327,1629,1935
809,1566,1570,1607,1609,1647,1648,1610,1643,1646,3019
810,948,1288,1633,1667,2046,2047,2049,2430,2507,1439
811,62,129,213,330,365,366,403,437,438,133
812,229,840,878,879,1029,2117,2446,2474,915,953
813,712,828,2079,2118,2155,2192,2232,1980,1983,2154
814,962,996,998,1000,1031,1035,1038,1039,1264,955
815,2559,2624,2663,2664,2666,2869,2909,2910,3017,2791
816,882,993,998,1191,1229,1267,2218,1147,1148,1188
817,710,746,747,748,1276,1582,2186,2940,120,782
818,668,732,741,771,809,1048,1080,1082,1119,739
819,231,924,954,956,957,1198,156,159,863,925
820,780,1010,1657,1694,1695,1696,1961,1962,2303,1046
821,606,640,641,642,645,681,682,683,3015,602
822,830,1021,1401,2046,2047,2085,2123,2162,3000,2124
823,344,381,383,386,420,421,461,463,3023,496
824,945,1252,1289,1325,946,947,1021,2010,2012,2047
825,1109,1147,1148,1188,1225,1451,1074,1108,1124,1191
826,864,901,902,1016,1031,1039,1074,1244,2935,900
827,946,947,948,1214,1288,1323,1327,1626,1629,985
828,557,594,632,671,704,705,823,897,1507,708
829,684,723,1026,1180,1192,1216,1218,1221,2661,1295
830,1776,1868,1907,1945,1946,2118,2946,1943,1950,2251
831,477,776,781,2940,3028,668,670,743,778,815
832,1566,1570,1607,1642,2043,2155,1068,1074,1103,1412
833,378,568,604,606,607,643,645,681,528,566
834,1179,1180,1217,1218,1368,1444,1977,2130,2169,1369
835,1179,1180,1217,1672,1711,1902,2959,950,952,988
836,636,672,675,708,1010,1334,1335,1620,2940,674
837,519,672,736,737,2411,2412,2960,557,559,661
838,680,714,749,750,751,785,789,823,787,825
839,1174,1211,1215,1552,1591,1823,1894,2942,1820,2313
840,2778,2780,2789,2790,2792,2829,2830,2917,3027,2925
841,752,753,786,789,790,791,823,825,827,750
842,1290,1291,1667,1669,1670,1671,2955,1250,1251,1289
843,596,598,632,633,635,674,711,1244,1279,671
844,1752,1789,1790,1938,1978,1979,2245,2246,1977,2055
845,842,846,880,882,885,886,1114,884,888,921
846,1214,1249,1250,1251,1291,1329,2942,3037,1176,1290
847,837,839,840,874,877,912,913,914,2985,838
848,1274,1314,1316,1353,1540,1619,1620,1010,1579,1621
849,924,999,1053,1166,1167,1231,1238,826,1054,1090
850,443,444,515,519,520,588,619,623,1775,516
851,750,789,828,1854,2118,2120,2192,2196,2462,753
852,2780,2814,2819,2824,2825,2859,2919,2922,2952,2699
853,518,616,653,655,701,732,885,550,552,555
854,950,1217,1218,1938,1942,1977,1978,1979,952,1254
855,1629,1665,1666,1667,1668,1703,1704,1705,1741,1742
856,1100,1101,1138,1176,1212,1214,1249,1250,1251,1139
857,378,645,1213,1288,1325,1327,606,607,643,681
858,980,1053,1054,1056,1090,1091,1114,1130,1660,1777
859,831,868,907,1247,1285,1595,2942,2969,871,1214
860,2484,2522,2523,2561,2566,2605,2606,2647,2524,2565
861,990,1216,1217,1255,1710,1712,1938,2959,1027,1788
862,534,535,536,571,573,574,575,609,610,570
863,681,683,987,1290,1291,1328,1329,1366,3037,642
864,342,380,381,419,420,874,950,1217,2053,912
865,1822,1857,1860,2198,2200,2238,3000,1138,1139,1177
866,1288,1327,1592,1629,1631,1633,1667,2988,3029,2943
867,1074,1103,1105,1107,1145,1178,1183,2935,1340,1342
868,171,206,209,236,363,402,170,212,243,285
869,1822,1823,2239,2276,2277,2278,2279,1820,2238,2274
870,1252,1291,1366,1404,1630,1667,1705,2995,3037,681
871,563,564,566,602,604,607,639,643,641,645
872,806,843,845,1113,1644,1683,1684,1685,2951,1412
873,871,909,985,987,1214,1249,1252,2942,1250,1251
874,1287,1288,1326,1327,1591,2942,1365,1367,1402,1403
875,2688,2727,2728,2730,2766,2767,2771,2805,2809,2694
876,37,413,450,493,527,528,568,683,3015,108
877,1111,1143,1302,1334,1342,1344,1346,1383,1105,1145
878,406,444,445,480,481,519,618,619,405,513
879,8,9,13,16,18,37,53,2936,31,35
880,618,653,842,882,885,886,619,845,880,956
881,1592,1629,1631,1896,2047,2988,3029,1556,1591,1595
882,132,138,169,176,177,214,258,2755,2797,212
883,484,524,525,661,750,789,790,827,485,486
884,1174,1211,1212,1249,1250,1251,1253,868,1098,1138
885,493,527,797,1860,1935,1937,2278,528,1138,1139
886,669,727,728,730,1167,1204,733,767,1036,1073
887,1000,1077,1109,2218,962,1074,1079,1108,1383,2935
888,45,516,587,655,659,661,2960,153,550,586
889,717,1742,1892,2272,2313,2317,755,1401,2123,2200
890,444,480,481,519,555,588,619,1128,1129,516
891,450,493,527,797,1062,1097,1139,1177,1366,759
892,952,991,992,1487,1714,1759,1799,1760,1795,1796
893,31,35,36,37,70,74,113,149,2936,19
894,340,453,455,488,493,524,525,527,528,452
895,340,764,802,838,839,841,878,880,1667,1401
896,183,186,188,225,226,299,302,303,224,2956
897,821,822,823,824,858,859,882,886,891,893
898,2546,2547,2549,2550,2585,2586,2587,2588,2625,2508
899,1168,1205,1208,1244,1246,1474,1512,1587,2931,1360
900,117,119,121,124,125,161,163,692,695,129
901,781,782,783,812,818,819,820,849,890,780
902,957,1238,1277,1582,1584,1585,1925,1033,1579,1583
903,83,115,116,117,121,124,128,161,436,163
904,831,835,869,906,1134,1171,1209,1247,1285,1210
905,1213,1249,1250,1251,1252,1253,1289,3037,1595,2942
906,721,982,983,984,987,1024,1060,1061,642,679
907,1681,1738,1775,1776,1814,1853,2944,2946,1229,1686
908,2778,2846,2884,2910,2918,2920,2967,2871,2880,2882
909,946,947,1933,1935,2010,2012,2047,2051,1631,1896
910,1131,1167,1244,1280,1281,1357,1585,1622,3003,1038
911,866,940,978,1015,1927,2266,634,635,900,2002
912,132,133,169,171,205,211,212,363,364,134
913,480,516,521,550,555,587,589,2960,560,631
914,1412,1642,1684,1685,1686,1723,1727,2253,1184,1451
915,950,952,1222,1227,1455,1459,1495,1712,1799,1260
916,449,568,606,642,681,683,759,797,528,566
917,676,753,980,1053,1055,1093,3024,714,752,981
918,471,472,498,535,536,541,573,574,575,534
919,340,377,378,413,414,415,453,341,416,417
920,1081,1657,1694,1695,1696,1699,2260,1121,1652,1656
921,159,160,162,167,200,205,238,239,3011,198
922,674,711,839,883,746,747,748,770,842,882
923,2844,2846,2847,2848,2880,2887,2916,2918,2967,2925
924,1363,1364,1366,1400,1401,1404,1405,1667,1441,1443
925,527,758,797,454,489,491,492,531,567,719
926,1148,1149,1156,1164,1165,1188,1189,1225,1227,1124
927,782,784,817,936,971,974,1009,1277,2940,533
928,987,1024,1061,1062,1291,1329,1366,1404,1667,1290
929,13,15,29,31,33,35,36,73,17,23
930,521,555,823,1127,1166,1195,1696,1737,2940,1088
931,1851,1994,2075,2112,2113,2114,2153,2187,2188,732
932,157,167,173,200,213,239,251,367,424,124
933,738,1080,1605,1606,1608,1644,1681,2951,736,836
934,1858,1859,1861,1899,1935,1481,1823,1898,2239,2240
935,10,15,29,31,33,35,73,144,17,23
936,1048,1053,1054,1091,1320,1357,1393,1660,1282,1314
937,740,743,1047,1048,1696,2000,1082,1694,1695,1962
938,1252,1290,1630,1667,1668,1705,2995,3037,1291,1669
939,1008,1010,1124,1238,1276,1277,1278,1311,1315,1240
940,239,240,241,238,272,277,305,309,311,3031
941,416,451,452,528,569,605,1743,2127,2506,449
942,1291,1329,1366,1367,1404,1667,1705,3037,1290,1363
943,1304,1884,2061,2256,2294,2332,2371,2408,1811,2113
944,1074,1076,1191,1570,1605,1607,1608,1649,2935,1118
945,946,947,948,949,983,985,986,1021,987,1023
946,338,341,414,415,985,1062,1063,1250,1251,377
947,795,797,956,993,1135,1139,1177,2936,21,25
948,1187,1189,1684,2116,2131,2132,2169,2218,2979,1182
949,1074,1076,1080,1118,1149,1153,1156,1195,2935,1111
950,2280,2318,2357,2358,2394,2395,2433,2282,2319,2320
951,899,933,969,1166,1204,1238,1241,1202,1203,1239
952,1667,2046,2050,2085,1669,1670,1671,2010,2012,2051
953,814,1124,1126,1156,1158,1162,1195,1430,1120,1155
954,5,10,11,12,50,59,2780,2789,2790,7
955,1051,1355,1356,1049,1050,1088,1089,1124,1125,1620
956,733,734,769,812,1070,1072,1073,1109,1111,883
957,1555,1556,1822,1896,1519,1858,1860,1861,1899,1937
958,879,950,952,953,954,955,956,957,917,991
959,1599,1635,1864,1865,1866,1900,1901,1941,2959,1862
960,1213,1250,1251,1252,1288,1290,1327,1629,3037,1249
961,214,252,286,287,326,363,364,288,329,362
962,9,1031,1531,1792,1793,1830,1832,1896,1933,955
963,1054,1124,1163,1165,1199,1277,1357,2976,2993,1242
964,1290,1626,1633,1667,2123,1291,1669,1670,1671,2010
965,751,840,878,879,883,2764,2807,10,445,656
966,2640,2677,2680,2682,2748,2758,2792,2981,2556,2593
967,1147,1185,1186,1187,1190,1191,1382,1421,2215,882
968,1074,1108,1146,1147,1149,1182,1187,2935,1145,1184
969,800,836,837,838,839,875,878,879,913,810
970,1061,1062,1097,1290,1291,1328,1329,1366,987,1023
971,910,985,987,1024,1291,1327,2619,2653,2693,1290
972,948,1667,2010,2012,2049,2050,2051,2087,2088,683
973,708,738,740,743,745,770,777,815,632,702
974,1630,1631,1633,1667,1669,1670,1671,2955,2995,1705
975,1061,1366,1743,1782,2050,2089,2162,1062,1404,1443
976,1667,2010,2012,2046,2047,2049,2050,2051,2929,1633
977,985,1214,1250,1251,1289,1290,1291,1327,872,873
978,1556,1822,1823,1896,3029,1554,1555,1934,1936,1971
979,789,827,1092,1129,1166,1167,1168,1737,1738,1130
980,1609,1684,1878,1912,1949,1951,1990,2970,2996,921
981,491,528,604,797,493,568,606,607,643,681
982,1612,1872,1915,1964,1999,2219,2220,2255,2945,1878
983,767,1000,1036,1839,1846,1031,1032,1037,1837,1838
984,976,1010,1014,1015,1052,1053,1054,1090,1092,977
985,2123,2124,2127,2161,2162,2949,2126,2164,2202,2507
986,314,342,346,381,383,421,424,2977,304,313
987,133,162,167,171,205,436,441,477,3011,158
988,842,846,879,880,882,885,886,841,878,915
989,365,366,368,402,403,404,405,441,442,369
990,873,908,2538,2578,2580,2615,2618,2619,2693,2540
991,900,941,977,1015,1244,1281,1282,937,938,939
992,4,43,47,48,52,54,85,90,2927,82
993,987,1062,1290,1291,2046,2047,2049,2123,1024,1061
994,674,1054,1130,1244,1279,1281,1282,3003,1320,1357
995,1149,1180,1182,1187,1189,1191,1145,1148,1183,1188
996,1444,1448,1484,1485,1521,1752,1789,1790,1942,1446
997,1938,1978,1979,2022,2029,2063,2103,2245,2246,2016
998,1682,1690,1719,1732,1733,1771,1993,2035,2074,1154
999,1820,1822,1823,1974,3029,1556,1934,1936,1971,1975
1000,532,686,762,800,836,839,874,875,912,608
1001,36,37,70,74,108,110,113,143,149,146
1002,1027,2015,2016,2017,2018,2053,2243,990,2280,2930
1003,1521,1938,1978,1979,2018,2019,2243,2015,2016,2017
1004,758,797,830,835,1024,1060,1061,1172,3000,795
1005,290,327,632,3008,171,212,287,291,292,326
1006,753,791,792,793,797,828,829,831,2962,525
1007,990,991,993,994,1031,1037,2280,2447,1027,1029
1008,1684,1761,1762,1764,1990,2218,1647,1648,1685,1686
1009,722,762,912,950,952,989,990,1027,1029,724
1010,29,31,35,36,65,73,10,15,33,37
1011,740,773,808,839,841,843,1113,2940,2951,838
1012,1301,1374,1453,1458,1459,1682,1227,1336,1415,1417
1013,825,2256,2337,2377,2380,2564,2601,2602,2641,2215
1014,1329,1366,1404,1405,1667,1705,1782,1441,1443,1747
1015,382,421,424,3023,418,423,457,459,2977,3010
1016,1242,1275,1276,1278,1315,1580,1582,1617,1621,1277
1017,1223,1225,1412,1444,1446,1447,1448,1449,1944,2974
1018,1938,1977,1978,1979,1980,2015,2016,2053,2930,1941
1019,1400,1628,1630,1666,1667,1705,2085,2995,1401,1704
1020,349,350,351,352,386,387,421,425,3031,461
1021,1024,1060,1061,2085,2123,2124,2162,2949,1401,1704
1022,1054,1129,1130,1434,1622,1660,1698,1700,1737,1091
1023,2060,2061,2104,2192,2227,2228,2229,2268,2154,2181
1024,1006,1014,1088,1089,1124,1125,1277,1278,1315,286
1025,794,795,797,1820,1857,1860,2658,2659,2734,1214
1026,795,1060,1097,1098,1135,1137,1328,1366,1367,1404
1027,934,1011,1012,1014,1047,1048,1049,1050,1087,1013
1028,1242,1279,1281,1356,1357,1358,1396,1661,3003,1278
1029,262,263,264,265,300,301,302,303,2934,413
1030,2699,2896,2915,2919,2922,2924,3002,2665,2738,2893
1031,262,336,338,339,373,377,410,1934,1936,1971
1032,303,340,379,487,490,528,569,605,262,339
1033,36,73,113,2846,2881,2916,2923,2925,2879,2884
1034,527,758,797,1061,1062,1366,1404,1857,1860,1439
1035,340,379,450,490,491,493,527,528,378,453
1036,2522,2523,2559,2597,2599,2600,2603,2641,2723,2601
1037,830,975,977,1014,1206,1282,2192,2344,2346,976
1038,678,679,717,718,2160,2165,2949,2126,2159,2164
1039,897,1206,1208,1242,1243,1281,1282,1512,2993,1245
1040,827,2542,2543,2578,2581,2583,2617,2731,2539,2540
1041,488,758,794,797,1138,1174,1175,1211,3013,489
1042,772,1643,1872,1915,1917,1955,1958,1997,2945,806
1043,1556,1592,1595,1629,1631,1633,2969,2988,3029,1250
1044,1054,1090,1244,1279,1281,1662,1699,1700,1775,1092
1045,484,555,623,732,804,519,520,553,653,655
1046,1026,1065,1066,1073,1102,1106,1144,2597,1068,1331
1047,873,908,1174,1211,1212,1215,2578,2617,794,911
1048,1910,1945,1947,1949,1951,1991,2172,2251,2996,1685
1049,863,981,1018,1019,1056,1057,1091,3024,675,1094
1050,327,342,361,381,436,437,461,290,380,383
1051,957,1189,2215,925,1148,1188,1190,1192,1223,1225
1052,377,1212,1214,1288,1327,341,872,873,908,1213
1053,1705,1709,1782,2010,2012,2047,2051,2126,2164,2202
1054,1129,1130,1166,1168,1360,1394,1435,1737,1054,1090
1055,493,528,529,530,565,568,569,605,797,755
1056,760,990,991,1026,1027,1029,1030,1067,988,992
1057,674,1054,2486,2566,2605,2607,2608,2647,2484,2524
1058,36,74,111,113,143,149,70,147,223,224
1059,758,871,909,1060,1061,1253,796,870,872,1213
1060,484,524,562,828,2232,525,563,714,750,789
1061,8,9,13,16,31,35,37,2936,3018,10
1062,746,747,748,780,781,782,895,2232,2940,663
1063,839,2360,2396,2434,2436,2437,2438,2440,2479,762
1064,895,899,933,934,969,971,1011,2940,896,897
1065,2464,2467,2502,2504,2505,2507,2541,2544,2933,948
1066,2166,2204,2206,2208,2243,2358,2321,2359,2403,2958
1067,1008,1088,1125,1351,1352,1389,1390,1391,1392,1313
1068,555,558,589,595,660,663,665,521,557,629
1069,1138,1172,1174,1175,1211,1515,1856,3013,1401,1477
1070,1989,1990,2027,2029,2031,2066,2103,2105,1036,1988
1071,1128,1164,1165,1166,1167,1204,1269,1126,1162,1227
1072,37,1062,1063,1100,1101,2047,2123,2936,378,453
1073,2522,2523,2561,2601,2602,2641,2642,2647,2686,2484
1074,1036,1120,1122,1154,1304,2948,1071,1072,1389,1390
1075,2,13,29,31,35,2936,10,14,15,19
1076,681,683,1290,1363,1366,1367,3037,949,1063,1328
1077,110,112,143,144,145,148,30,74,106,108
1078,1138,1174,1175,1211,3013,1173,1213,1215,1478,1822
1079,10,15,53,2711,2750,2751,3027,17,23,29
1080,340,453,486,487,488,490,491,493,797,454
1081,789,1010,1015,1053,1054,1090,1092,1129,1624,978
1082,732,765,767,1000,1036,1039,2408,733,768,2183
1083,132,171,938,976,977,1014,1052,212,326,1054
1084,314,342,346,381,383,421,424,2977,304,313
1085,1250,1251,1252,1253,1289,1327,1595,2942,1290,1326
1086,1154,1682,1690,1694,1735,1736,2979,1696,1732,1733
1087,823,882,890,918,821,884,921,1114,1149,1195
1088,1030,1067,1068,1292,1293,1294,1296,1297,1028,1064
1089,36,37,73,74,113,144,149,30,31,35
1090,1622,1623,1624,1659,1660,1662,1700,1701,1775,1698
1091,11,20,2789,2790,2834,2838,2874,2877,2952,53
1092,874,879,882,912,915,1904,1941,1942,840,877
1093,601,639,644,676,681,682,717,642,678,679
1094,1290,1291,1633,1667,1669,1670,1671,2955,1630,1631
1095,872,873,908,911,1176,1214,1248,2942,2615,2618
1096,957,996,1147,1149,1192,1225,1227,1228,1229,1265
1097,1213,1366,1404,1481,1667,2050,450,681,683,1290
1098,31,33,36,37,73,113,144,149,29,34
1099,1165,1238,1240,1275,1277,2966,1202,1203,1239,1242
1100,2166,2206,2242,2243,2282,2319,2359,2471,2958,2397
1101,1114,1147,1149,1151,1152,1154,1187,1193,1112,1153
1102,1404,1443,1743,1747,1782,1784,1785,1366,1667,1705
1103,730,767,808,1114,1149,1152,1336,2178,1034,1038
1104,1196,1197,1198,1234,1235,1242,1394,1699,1204,1273
1105,1204,1240,1244,1276,1280,1313,1586,1661,2966,1164
1106,2665,2699,2738,2778,2780,2781,2825,2775,2903,2952
1107,2080,2124,2127,2160,2161,2162,2463,2505,2541,2933
1108,1070,1072,1074,1076,1108,1109,1111,1113,2935,1112
1109,1633,1667,1668,1669,1670,1671,1705,1707,2955,1709
1110,1166,1244,1472,1586,1775,1814,1853,1966,1129,1737
1111,1000,1039,2104,2218,2227,2298,2148,2149,2150,2189
1112,646,874,878,912,915,2130,2167,2168,687,877
1113,608,646,647,650,685,687,3022,3025,611,648
1114,2067,2328,2330,2332,2369,2407,2290,2291,2293,2333
1115,1123,1126,1159,1162,1200,1202,1203,1238,1239,1088
1116,135,171,203,236,237,238,239,240,241,197
1117,1592,1595,1629,2969,1250,1251,1253,1289,1593,3029
1118,1556,1557,1820,1822,1823,1858,1860,1861,1937,1212
1119,949,1100,1101,1328,2501,2506,2539,2507,2542,2543
1120,1052,1053,1624,1660,1699,1737,746,747,748,1662
1121,950,952,1254,1482,1483,1485,1521,1710,1712,1446
1122,1174,1176,1211,1212,1214,1215,1249,1253,1175,1556
1123,1818,2046,2047,2085,2123,2127,2162,2202,493,758
1124,188,262,302,340,378,453,455,150,226,264
1125,1324,1552,1590,1591,1595,1628,1666,1704,2988,1667
1126,1953,2103,2114,2151,2187,2188,2218,2255,2259,1994
1127,794,1822,1858,1860,1861,2200,2238,1138,1139,1177
1128,1074,1076,1111,1115,1344,1383,2935,2948,1113,1356
1129,365,366,400,402,403,437,442,475,477,158
1130,43,48,80,87,124,129,161,40,116,118
1131,1108,1112,1147,1149,1151,1152,1153,1154,1191,1146
1132,998,1034,1074,1149,1152,1264,1269,2935,3034,1036
1133,724,727,760,761,762,763,764,799,722,725
1134,800,801,836,837,838,839,840,875,806,843
1135,290,361,399,437,439,2957,2994,209,325,327
1136,338,374,377,413,414,415,2934,262,339,375
1137,750,789,828,1244,2192,2232,2268,2270,2531,2196
1138,895,930,931,933,1202,1203,1238,1239,1241,898
1139,2835,2844,2846,2847,2848,2886,2925,2709,2713,2714
1140,602,641,642,645,678,679,681,682,683,2692
1141,246,285,286,287,323,326,361,364,288,322
1142,481,522,926,1127,1128,1164,1199,928,929,2490
1143,1690,1771,1953,1993,1994,2036,2073,2218,1682,1996
1144,672,708,710,744,776,779,780,2940,820,2606
1145,1289,1327,1401,1592,1629,1667,1668,1705,1291,1669
1146,528,755,756,759,795,797,1062,1096,1098,489
1147,1451,1642,1681,1685,1686,1949,1147,1184,1644,1906
1148,1138,1139,1177,1213,1214,1250,1251,796,872,873
1149,1048,1204,1240,1276,1279,1280,1393,1661,2966,1242
1150,1213,1250,1251,1252,1290,1291,1326,1327,985,1328
1151,681,682,683,987,1290,1291,1366,1328,1329,2123
1152,985,986,987,1023,1062,1063,1100,1101,1290,1021
1153,987,1024,1061,1062,1096,1097,1098,1291,1366,1290
1154,1250,1251,1289,2657,2658,2659,2695,2697,2734,2616
1155,190,228,230,266,267,269,532,570,572,268
1156,1236,1240,1273,1276,1277,1307,2966,1238,1275,1278
1157,74,224,262,264,303,339,341,377,378,37
1158,987,1290,1291,1366,1404,1667,1328,1329,1401,1405
1159,1123,1151,1431,1432,1690,1736,1737,2944,1700,1735
1160,1865,1900,1902,1904,1939,1940,1941,1977,2959,1938
1161,1250,1251,1252,1289,1290,1291,1630,2995,3037,948
1162,1174,1211,1249,1252,1253,1287,2942,871,1214,1288
1163,895,897,899,934,935,936,973,974,1241,971
1164,795,1062,1096,1097,1098,1441,759,1063,1099,1100
1165,564,604,606,607,639,643,681,566,602,642
1166,707,708,741,742,745,777,739,776,779,898
1167,632,635,670,706,707,708,709,776,1052,160
1168,984,987,1290,1291,1363,1366,1667,1668,1705,1327
1169,158,365,400,402,437,475,361,364,366,399
1170,160,408,440,477,513,515,516,706,1052,442
1171,1000,1038,1070,1071,1072,1077,1109,1113,1114,728
1172,2322,2325,2326,2363,2365,2368,3014,1031,2321,2361
1173,917,955,991,993,1031,1033,1221,1258,1267,912
1174,1820,1822,1857,1860,1898,2238,2239,794,1858,1861
1175,987,1290,1291,1366,1404,1667,1668,1705,1328,1329
1176,1250,1251,1629,1631,1633,1667,3029,1481,1669,1670
1177,756,796,797,831,833,834,835,1210,1136,1173
1178,491,493,797,830,1174,1211,1213,1328,1249,1253
1179,846,850,883,884,885,920,921,923,2174,1948
1180,262,264,302,339,377,413,414,415,150,263
1181,22,24,27,31,33,37,53,34,67,2936
1182,171,290,327,361,363,364,365,2994,209,311
1183,948,981,983,1021,1248,1288,1325,1363,1399,986
1184,924,957,959,997,1225,1227,1265,920,955,960
1185,116,119,133,153,156,161,162,163,3011,164
1186,340,2317,2771,378,1934,1936,1971,1975,2808,2843
1187,563,829,905,907,980,981,1019,1248,1626,871
1188,871,909,985,1214,1247,1252,1285,1249,1250,1251
1189,340,378,1100,1101,1176,1214,1327,2618,1138,1291
1190,1062,1097,1401,1441,1743,2046,2123,2162,2542,2543
1191,950,990,1026,1027,1180,1216,1217,1254,1255,1140
1192,808,882,888,918,919,921,1114,1149,2294,920
1193,224,226,262,264,265,302,303,341,188,339
1194,1236,1238,1240,1275,1276,1277,1278,1315,2966,1307
1195,2542,2543,2544,2545,2583,2688,2727,2766,2463,2541
1196,912,950,952,1027,1217,1976,2014,2959,951,990
1197,966,1766,1770,1771,1808,2075,2112,2113,2979,2109
1198,31,65,340,1249,1250,1251,2734,17,23,34
1199,2432,2470,2508,2547,2548,2585,2624,2889,2546,2586
1200,2432,2470,2509,2510,2511,2512,2546,2549,2587,2471
1201,955,991,992,993,1030,1187,1221,1229,995,1264
1202,972,1010,1011,1277,1278,1313,1315,1316,1353,1047
1203,744,748,781,1012,1048,1085,1087,2940,1049,1050
1204,171,405,782,784,785,823,1051,1124,2940,1050
1205,2518,2596,2597,2641,2727,2766,2767,2771,2592,2688
1206,901,902,1168,1205,1244,1281,1585,2961,2993,1280
1207,481,519,555,895,1198,1200,1734,444,480,554
1208,1149,1166,1189,1228,1642,1682,2979,3028,1187,1229
1209,1036,1890,1928,1966,2154,2192,2268,2269,991,1245
1210,844,846,1912,1949,1951,1953,1990,2996,921,1114
1211,1097,1366,1405,1443,1062,1404,1441,1747,1784,1785
1212,338,679,682,717,718,719,720,756,759,793
1213,340,376,378,379,981,1018,1094,1212,1248,339
1214,262,264,302,339,377,378,413,607,643,338
1215,1046,1081,1082,1242,1357,1622,1624,1660,1699,1314
1216,305,460,498,499,502,503,538,541,2957,1292
1217,30,106,144,301,338,339,379,262,340,375
1218,1214,1248,1286,1287,1291,1327,1894,2618,2942,1212
1219,1124,1158,1159,1195,1424,1426,1771,1160,1162,1430
1220,1024,1060,1061,1062,1096,1099,1137,1367,1176,1363
1221,1008,1076,1111,1115,1122,1304,1305,1309,1342,1071
1222,2596,2635,2637,2678,2680,2938,2636,2638,2641,2677
1223,768,803,806,807,808,839,841,842,843,770
1224,1202,1203,1238,1239,1240,1241,2966,1200,1201,1237
1225,1038,1070,1331,1028,1030,1064,1065,1077,1113,1330
1226,746,747,748,782,784,1089,1124,1127,2940,780
1227,1556,1934,1936,1971,1975,2969,3029,1935,1972,2314
1228,115,117,119,152,153,155,156,655,154,157
1229,1332,1444,1521,1789,1790,2131,2132,1331,1866,2093
1230,33,36,37,73,109,113,144,31,35,70
1231,262,264,300,303,338,339,375,377,2934,341
1232,555,708,740,805,1010,1048,1314,632,669,741
1233,1182,1219,1370,1407,1408,1409,2950,1254,1256,1369
1234,740,1050,1051,1088,1089,1124,1125,777,1350,1389
1235,159,160,167,200,436,437,162,205,275,438
1236,13,15,19,31,33,35,37,339,2936,22
1237,718,719,755,756,759,1401,1439,2047,1061,1743
1238,830,906,907,1973,2943,871,1247,1285,1514,1590
1239,1212,1250,1251,1289,3029,378,1556,1934,1936,1971
1240,2564,2565,2603,2604,2606,2641,2642,2643,2601,2602
1241,132,172,211,402,171,212,366,407,441,477
1242,950,952,953,988,989,991,992,1029,951,990
1243,767,2066,2067,2068,2069,2147,2183,2185,2191,1000
1244,274,310,311,349,350,421,423,424,309,386
1245,413,416,450,451,454,492,493,531,2583,487
1246,147,223,261,301,2956,188,262,339,340,375
1247,342,381,458,459,496,497,3023,343,380,418
1248,620,656,657,658,659,660,661,690,693,650
1249,759,1025,1099,1362,1363,1400,1401,1405,1782,1098
1250,795,1061,1062,1097,1098,1139,1177,1366,759,1063
1251,1070,1109,1113,1279,1308,1357,1548,1661,3003,803
1252,1042,1074,1077,1092,1111,1113,1114,2935,1044,1078
1253,83,84,115,119,121,123,124,161,436,91
1254,1108,1109,1336,1383,1384,1417,1738,2946,2948,1110
1255,342,381,420,421,496,3023,380,383,418,419
1256,2463,2507,2541,2542,2543,2544,2545,2583,2933,2691
1257,950,952,954,955,992,1030,1069,1714,2243,1145
1258,1146,1147,1179,1180,1182,1408,912,1406,1407,1411
1259,1124,1197,1204,1234,1235,1242,1273,1394,2993,1206
1260,1451,1678,1680,1682,1684,1685,1723,1953,3021,1681
1261,828,1212,1249,1890,1892,2271,525,563,866,1132
1262,1250,1251,2312,2314,2315,2316,2353,1934,1936,1971
1263,1556,1934,1936,1971,1973,1975,2008,2009,3029,1669
1264,607,643,1593,1595,1667,1668,1705,3015,566,1669
1265,806,843,887,2564,2566,2601,2602,2605,776,2603
1266,2090,2128,2394,2433,2470,2471,2474,2511,2597,1864
1267,2086,2089,2126,2162,2164,2165,2202,2203,2949,2124
1268,1451,1681,2002,2040,2080,2117,2420,2459,3028,2419
1269,2559,2642,2644,2683,2685,2686,2723,2725,2600,2646
1270,1250,1251,1252,1289,1290,1291,1366,1667,3037,1327
1271,552,555,587,589,591,517,549,558,595,3016
1272,1250,1251,1288,1289,1631,1667,2988,378,1325,1595
1273,442,462,477,482,549,672,814,887,383,823
1274,940,978,1016,1017,1092,1129,1244,2003,787,1015
1275,1532,1571,1610,1643,1493,1536,1566,1570,1573,1607
1276,36,37,73,113,302,29,303,718,2355,2936
1277,1092,1128,1129,1167,1195,1420,1737,2946,1193,1419
1278,958,990,994,995,996,1031,1215,1269,1032,1301
1279,1108,1147,1149,1152,1187,1382,1184,1374,1420,1644
1280,1918,1920,1955,1958,1960,1961,1962,1997,1924,2001
1281,2260,2564,2604,2606,2647,2218,2263,2301,2566,2605
1282,413,416,450,451,681,683,1022,1253,1363,455
1283,2114,2148,2149,2150,2187,2188,2189,2226,2227,1846
1284,958,994,996,1192,1225,1227,1229,1269,1298,1031
1285,1405,1443,1743,1782,1062,1404,1441,1747,1784,1785
1286,1323,1336,1369,1407,1445,1598,1628,1329,1398,1437
1287,1046,1048,1082,1119,1158,1195,1660,1737,2602,1388
1288,1166,1202,1203,1204,1207,1238,1239,1241,1200,1201
1289,1147,1149,1191,1420,1439,1738,1776,2218,1404,1441
1290,1690,1993,1994,2035,2075,2113,1696,1732,1733,1771
1291,2750,2837,2838,2873,2874,2877,2911,3027,2792,2794
1292,521,557,559,659,664,823,895,897,933,552
1293,340,378,379,681,682,987,1024,2937,642,678
1294,1212,1250,1251,1289,3029,1556,1934,1936,1971,1975
1295,129,130,131,133,161,165,167,169,162,205
1296,757,1441,1708,1743,1821,1859,2084,2127,1365,1399
