0,1,2,3,4,5,6,7,8,9
134,170,131,132,135,133,168,169,130,206
783,784,745,779,2941,782,816,781,821,785
1705,1743,1744,1669,1667,1292,1704,2124,1099,1097
85,164,88,53,91,120,118,163,165,166
1175,1212,1364,2943,1368,1401,760,1216,1518,1214
1151,1154,984,1022,884,1148,1114,1112,1363,1077
187,226,302,225,185,32,35,68,17,20
152,2933,71,112,114,150,37,110,70,75
1255,2244,1256,951,1028,953,2207,1939,991,1027
69,185,223,224,34,14,13,15,4,3019
796,872,1137,1254,16,11,847,310,195,347
1201,1242,1200,1125,1203,1204,1240,1199,1202,1238
1150,1153,1148,1152,1115,1077,1420,2949,1073,1070
829,865,2756,2798,2532,2534,2497,2496,2232,902
187,226,222,17,20,2937,54,61,2928,19
2890,2894,2895,2854,2889,2892,2864,2893,2907,2925
1288,2944,1254,2943,1213,1250,1253,872,1175,1212
1191,1192,1184,1181,1183,1149,1189,1226,1422,1383
1112,1154,1116,1113,1080,1146,1077,1081,984,1022
79,109,111,116,144,147,154,156,2966,696
1071,1335,1073,1076,1340,1339,1348,1069,1067,1336
1364,2943,985,1292,1363,1330,1328,1669,1289,1325
1064,1330,1406,1442,1063,1744,1405,1709,1024,1444
870,1210,2575,1247,2310,2272,831,1211,832,106
11,16,18,24,30,32,35,68,34,74
100,136,138,60,176,2973,130,137,175,214
172,215,364,205,208,207,237,133,213,288
489,1059,1329,1062,1099,1061,1097,1025,832,488
2673,2719,2750,2756,3028,2685,2722,2677,2760,2590
1191,1402,1226,1223,1136,1134,1096,1439,1400,1781
898,968,972,958,956,1010,893,900,850,815
2699,2700,2875,2890,2661,2663,3018,2737,2815,2851
976,2226,2229,2269,938,2187,2228,2188,2189,2308
1400,2219,2257,984,1022,1363,1362,755,983,1325
17,20,2937,75,38,76,66,36,18,24
2509,2586,500,474,481,3017,517,805,762,2548
414,494,417,455,493,452,378,415,416,532
1177,1216,1139,3014,836,1175,1212,833,834,1063
1025,1062,1402,1329,1364,1744,1254,873,1215,1213
2396,2548,2549,2586,2509,2585,2471,2433,2811,2400
841,2691,2692,2689,2733,2485,2762,2514,679,2635
1248,1286,1593,1626,872,1253,2943,1592,1288,1596
801,840,839,838,803,841,876,837,763,813
1647,1648,1649,1345,1606,1609,1421,1689,2179,2971
1292,1330,3008,1400,1665,2947,1816,1062,1777,2004
1054,1321,1017,981,979,1092,1020,1055,1016,1663
850,853,2941,816,783,784,781,817,820,1128
552,586,589,1735,1772,1810,781,783,585,553
1089,1121,1126,1199,1161,1198,1127,1154,1159,1157
2586,2807,2850,2549,2999,2585,2509,2548,2812,2811
31,37,72,76,105,107,110,2632,74,71
824,825,892,853,822,855,857,858,860,859
195,229,271,270,197,230,192,618,308,153
187,226,607,646,643,682,605,608,644,603
6,27,32,35,54,68,21,12,70,34
1358,1394,3004,1390,1391,1392,1090,1047,1661,1323
988,2356,1292,1062,949,2011,2013,2052,1025,2048
1884,1916,2000,2149,2946,1921,1959,1961,1998,1956
279,474,511,209,248,247,319,356,285,251
2698,2735,1289,1634,1290,1668,3038,2654,2984,2771
693,696,692,694,658,730,193,2586,2662,2850
133,172,212,238,173,175,214,252,213,206
1885,2188,2189,1583,1619,1657,2151,2190,2989,2814
84,122,125,156,120,124,115,117,118,79
2880,2882,2887,2843,2847,2881,2873,2848,2849,2884
1724,2217,2256,2254,1685,1686,1954,1728,2173,2952
2548,2589,2939,2626,2587,2588,2547,2627,2586,2625
988,1292,1291,1329,1330,1062,1328,1025,1024,1063
2679,2762,2641,2603,2681,2565,2691,2721,2716,2463
263,265,301,264,303,302,340,225,266,2935
1329,1402,1744,1745,1746,1747,1784,1743,1367,1062
164,171,246,281,318,168,169,313,163,165
1243,1245,1282,1283,1358,3004,1360,1321,1246,1280
1291,1634,1668,1670,1671,1672,2956,2011,2013,2052
2555,2557,2594,2600,2939,2478,2556,2731,2767,2768
2691,2693,2655,2658,2654,2692,2698,2696,2732,2695
1001,1037,1040,1270,1075,2936,2256,2260,768,2779
676,677,716,1020,1740,753,754,1665,1703,982
2867,2872,2779,2904,2924,2894,2662,2905,2845,2910
1440,1739,1155,1341,3008,2975,1744,1777,2161,1702
2623,2662,229,589,2705,2740,2782,2737,3018,2661
1076,1114,1112,1080,1077,1390,1391,1392,1152,1013
153,194,2586,192,154,229,230,2548,881,957
1025,1062,1329,1061,1063,1099,1292,1442,1405,1744
1075,1110,1345,2936,1114,1112,1077,1146,1386,1323
684,3016,118,79,737,2178,607,646,605,682
952,954,915,953,916,879,878,839,2169,79
669,701,241,242,974,975,740,703,742,1048
910,1250,1254,1251,1252,1253,873,1215,2943,872
80,88,94,87,85,57,59,93,43,46
31,72,107,185,2828,187,226,70,67,34
2539,2577,1028,1027,992,2792,2627,2628,2668,2591
1975,2279,2280,2318,2356,1935,1937,1972,1976,2315
682,684,719,722,1024,643,760,683,681,721
342,2004,2640,2562,2560,988,2559,2637,2597,2939
1634,1668,1670,1671,1672,2956,1669,1631,2996,1632
2557,2594,2597,2600,2636,2939,2678,2638,2598,2555
961,998,2293,2333,2372,2331,957,2294,2292,2334
1634,1668,1670,1671,1672,2956,1631,2996,1632,1669
1020,2648,2566,2647,2607,2649,2567,2606,2608,2609
1291,1327,1251,1252,1213,1328,1289,1250,1330,2352
1062,1253,1329,1292,1061,1099,1063,1330,988,1024
451,494,492,528,3016,414,529,1669,1783,1519
189,225,264,300,303,2935,71,112,114,150
1181,1184,1192,1183,1187,1149,1189,1226,1194,1400
61,94,128,129,164,57,59,120,88,46
3016,3030,1632,2989,1596,1935,1937,1972,1976,1668
1643,1645,1416,1185,1181,1188,1229,1148,1378,1150
1291,1634,1668,1670,1671,1672,2956,2011,2013,2052
1150,2949,1154,1194,1155,1153,1116,1115,1230,1077
875,916,954,1903,951,913,953,2960,2169,878
1289,1328,1251,1252,1290,1214,1326,1632,1327,1291
172,207,237,213,210,238,243,244,275,199
1663,2998,1017,1054,979,1661,714,1016,1625,2005
1371,1408,2169,2951,1181,1183,1410,2131,2132,2130
1011,1253,1315,1049,1129,1167,1039,1168,1130,739
2557,2594,2939,2600,2555,2556,2636,2597,2593,2595
1156,1163,1161,1198,1162,1123,1164,1158,1125,1157
2281,2360,2322,2243,2283,2320,2362,2398,2959,2359
1199,1201,1196,1155,1125,1160,1124,1203,1204,1240
1367,1405,1329,1292,1062,1406,1783,1140,1178,1025
1128,1361,1401,1091,1093,1741,1700,1363,2159,196
1180,1181,1218,1369,1255,1370,1372,1183,1331,1601
2699,2814,2817,2775,3036,2777,2816,2711,2740,2782
120,406,163,165,166,3012,130,442,407,409
377,1593,1630,2989,1632,3030,1251,1252,1214,1897
645,682,684,643,683,607,646,719,680,642
982,1319,1357,1358,1356,1323,1020,1069,1103,1324
1076,1114,1112,1039,1080,1073,1071,1152,1077,1666
958,962,1038,1001,1037,1040,1270,960,1265,1002
32,35,68,38,71,112,114,150,74,70
1319,1352,1353,1356,1050,1355,1049,1011,1317,1354
2658,2693,2696,2617,2659,2660,2616,2619,2697,2657
2917,2919,2922,2923,2924,2926,263,265,340,225
1251,1252,1253,1214,1290,1254,1250,910,3038,986
1402,1823,1744,1406,1783,2086,1481,1520,1861,1859
2547,2550,2511,2471,2512,2433,2472,2167,2209,2207
2241,2696,2278,2242,2317,2199,2316,2352,2315,2318
405,444,2121,2158,2120,2082,2083,515,2196,442
643,682,684,607,646,683,642,1291,603,2124
1277,1278,1125,1201,1203,1204,1240,1202,1238,1239
571,808,805,497,535,611,498,3033,407,409
900,938,2737,973,974,975,972,901,1586,2815
798,1823,1861,1139,1899,1938,1140,1178,1859,1862
341,529,569,528,491,3016,489,377,526,525
1129,1163,1125,1164,1128,1200,1738,1361,1130,1740
2597,2939,2678,2681,2639,2641,2637,2595,2759,2591
1663,1738,675,1701,2420,1776,1661,1702,1703,1665
988,1292,1329,1291,1367,1062,1330,1025,1290,1251
71,76,112,114,150,37,110,75,152,2933
1099,1406,1063,760,1442,1098,1097,1405,1367,1444
645,680,682,683,643,720,681,1062,1025,757
769,807,844,848,884,2557,2594,2597,2636,2547
1203,1204,1240,1242,1205,1201,1202,1238,1166,1199
1367,1405,1329,1062,1292,1330,1402,1406,1783,2952
682,684,988,1011,1291,1292,985,949,1025,947
798,1250,1251,1252,2970,3030,1594,377,2318,380
1251,1252,1253,1214,1290,873,1215,3038,1294,1293
676,709,746,711,747,748,739,714,677,1054
1593,1630,2989,1596,1592,2970,2944,1668,1669,1706
275,1321,172,200,201,206,311,365,133,236
1669,1704,1706,1710,1748,1785,1786,1744,1444,2950
1251,1252,1253,1254,1290,1214,1213,873,1215,1250
1558,1634,1668,1670,1671,1672,2956,1669,1743,3030
121,268,161,159,160,233,232,229,230,197
617,618,619,337,26,19,22,33,654,7
945,1029,1071,1069,1106,1067,2406,2446,2488,2481
120,538,579,575,576,471,510,2481,2450,2490
1251,1252,1290,3030,2989,1596,1632,1557,1935,1937
2700,2875,2904,2924,2905,2917,2919,2923,2926,2674
454,494,455,493,529,570,606,417,264,303
927,1205,1232,1167,965,1195,968,966,900,865
2515,2553,2554,2557,2592,2593,2594,2731,2768,2767
327,364,365,435,504,326,291,292,328,3009
2478,2520,2522,2485,2479,2483,2598,2604,2481,2512
1321,2612,2572,978,939,901,944,1283,982,868
2471,2512,2514,2520,2513,2475,2651,2511,2472,2433
1101,1102,1139,1063,1098,988,1024,986,2579,342
76,108,71,112,114,150,109,111,144,147
67,106,38,75,37,110,73,76,69,28
1977,2015,2053,1939,953,989,1903,2169,2054,2129
1744,1776,1697,1738,2947,1663,1683,2047,1783,1705
605,759,798,2970,1250,1251,1252,3030,1594,608
32,35,68,682,985,987,988,986,1024,70
1245,1315,1394,1011,1049,1319,1279,1316,1280,1625
675,1090,1661,1394,1390,1391,1392,1053,1883,8
241,242,238,239,240,508,234,472,401,438
1030,1068,1298,1028,1031,1027,991,993,1032,1036
159,276,314,1130,978,206,272,330,202,203
1480,1603,1604,1630,1634,1291,1668,1629,1667,2944
528,532,494,455,493,490,568,530,531,454
1077,2949,988,1153,1378,2691,1416,1380,1183,1341
348,1282,1245,1093,1700,311,349,386,3032,388
1270,1298,1302,1075,2936,1328,1324,1289,1248,1286
1227,1229,1266,1496,1226,1230,1154,1264,1268,1231
1159,1351,1390,1391,1392,1394,1355,1124,1122,1120
481,517,520,556,3017,589,552,588,662,629
2585,2589,2626,2587,2592,2590,2588,2630,2632,2631
2478,2485,2522,2561,2523,2524,2598,2600,2479,2564
982,1020,1319,1358,1052,1323,1625,1623,1361,1243
1000,2281,2360,2283,2320,2409,2447,2408,2359,2448
2895,2898,2902,2903,2906,2835,2879,2700,2854,2889
1292,3038,1291,1329,1330,1062,1367,1061,988,1025
1049,1390,1391,1392,1394,1127,1125,1011,1659,1292
621,656,688,649,651,652,648,647,657,693
2679,2681,2644,2678,2680,2753,2755,2757,1017,2705
380,414,417,454,340,302,341,415,416,452
2543,2544,2580,2947,1819,1824,2198,1854,2583,2584
2854,2855,2889,2892,2895,2893,2907,2864,2925,2853
699,2108,2759,2677,2678,2680,2599,2021,884,2022
225,304,414,264,303,2935,189,300,378,417
234,3010,239,240,236,274,3031,501,273,818
225,263,265,264,303,189,300,304,187,226
1277,1278,1279,1316,1276,1009,1243,1310,970,1128
2565,2605,2645,2647,2684,2685,2722,2682,2643,2644
619,654,656,655,617,3033,620,693,661,618
1251,1252,1253,873,1215,1214,2943,1288,2989,1289
1053,1280,1358,3004,1319,1017,1321,1661,1011,939
172,213,215,133,212,178,139,177,255,207
1061,1099,1329,1062,1063,1098,1367,1368,1097,1125
602,678,680,639,716,676,640,638,677,601
305,1883,1123,1806,1810,1811,267,1847,481,3017
2617,2659,2660,1935,1937,1972,1976,2315,2619,2697
1840,2182,2104,2143,2105,2061,2063,2065,2102,2103
2638,2678,2939,2739,2639,2637,2759,2681,2641,2636
1205,1308,1239,1241,2967,1277,1278,927,970,236
66,341,1292,988,379,380,32,35,68,27
1096,1145,1181,1400,1399,1059,1107,1183,1141,1103
756,1062,1063,1025,1097,1024,988,1367,760,1059
1232,1270,1230,1229,1191,1193,1420,1305,3035,889
38,69,34,74,109,111,144,147,14,106
21,22,33,23,2974,28,104,18,24,60
1918,2561,2141,1916,1919,2485,840,2598,2513,2599
2848,2849,2630,2669,979,1965,2711,2847,2887,2850
801,839,840,803,876,805,841,809,875,773
1255,1751,1977,2015,1749,1939,1789,1790,1753,2053
1265,1323,1031,1301,991,989,1261,1179,1357,1665
1444,1482,1481,1406,1098,1367,1743,1558,1557,3030
379,2850,189,300,342,2807,2848,2849,2922,2846
1103,2512,2169,2129,2520,2513,2395,2434,1021,1025
1065,1104,1307,1029,1344,1069,1066,1107,1103,1142
457,613,547,650,573,615,614,495,419,3011
1329,1330,1367,1098,1292,1291,1405,988,950,1024
713,715,790,2081,791,1130,753,754,752,750
617,3033,612,614,1371,2951,573,615,533,578
1631,2996,3038,1634,1670,1671,1672,2956,2011,2013
492,494,528,3016,798,1214,3014,1216,490,568
870,1218,1219,1221,1222,1220,1228,1191,1103,1193
951,1256,1255,1977,2015,1294,1258,1296,2244,837
1739,2048,1778,1665,1625,2947,1627,1321,1777,2004
873,1215,1289,1328,1593,1630,2989,1251,1252,1290
1291,1292,1329,1367,1098,1330,1062,1025,988,1328
1277,1278,1314,1279,1316,1237,1273,1276,1239,1241
1741,1744,1816,1738,1739,2947,1778,1740,1745,1746
12,640,377,18,24,193,13,15,192,271
1071,1074,1146,2567,2606,2488,1110,1075,2936,1345
159,198,1051,1390,1391,1392,1014,1279,1316,1010
1291,1328,1289,1630,1253,1593,1292,1327,2050,986
1742,1962,1997,2948,1695,1732,1912,1704,783,815
945,1287,1292,1328,1291,988,986,1134,1021,1324
1650,1921,1959,1961,1998,2000,2304,2949,2260,2220
951,1777,1181,1977,2015,1028,2131,2170,2168,1229
1081,1100,18,24,30,36,1291,1368,1075,2936
2188,2189,967,2151,2190,2113,2114,2154,2943,872
382,658,619,621,657,693,696,730,157,384
565,682,643,607,646,684,642,605,680,679
75,76,225,71,112,114,150,109,111,144
2644,2646,2684,2647,2602,2564,2603,2566,2565,2562
1028,1855,1030,2360,870,1851,2927,906,1856,2499
2728,2769,2731,2767,2768,2729,2695,2689,2690,2730
2048,2050,2011,2013,2052,2047,2051,2010,2124,2930
1965,2004,2998,1963,2000,1923,1922,1885,1962,1921
109,111,143,144,147,682,643,1061,487,1100
1945,1982,2169,1943,2131,2170,2022,2024,2171,1988
2131,2170,2169,1903,1978,2168,954,1943,2212,1945
2790,2791,2926,222,296,290,2828,2831,2789,2821
457,495,2978,271,3032,534,423,538,383,387
711,747,748,824,749,822,855,823,853,755
232,1279,1316,1312,1308,160,121,123,534,231
1097,1361,1064,1099,722,759,1323,981,1360,1095
2989,3030,1593,1632,2970,1630,2944,1897,2048,1533
172,215,364,205,208,133,207,237,213,288
1091,1128,1168,2994,1205,1201,1243,517,796,421
949,984,985,987,1022,947,948,988,1024,986
1245,1284,1588,1282,1247,1244,1246,1243,1586,2962
1075,1077,1291,2936,1114,1112,1081,2949,1292,1330
1025,1062,1063,1292,988,950,949,1140,1178,1139
153,159,195,197,270,618,271,163,165,166
951,1181,2169,1943,875,2952,1725,1686,1727,1988
1733,1734,1772,1419,1728,1735,1771,1695,1458,2952
239,240,1129,1425,1386,1385,1345,280,278,199
1001,1035,2409,1038,2366,2369,2371,2406,2446,2407
991,1028,951,953,1027,989,992,993,1031,915
197,539,764,811,195,196,158,731,572,497
1043,1077,1613,1658,1341,1343,1118,1081,1650,1045
1395,1397,1133,3008,1131,1357,1359,1433,1396,1358
1668,1669,1670,1671,1672,2956,1634,2010,1706,1444
1352,1353,1356,1358,1394,1390,1391,1392,1052,1319
2654,2657,2732,2048,378,2694,2617,2353,3002,2850
997,1270,1075,2936,1150,1033,995,2291,2067,2028
883,2219,2254,2217,2257,2299,2256,922,847,884
1221,1259,1174,832,797,1225,994,1262,2992,1219
608,644,3016,607,646,684,605,569,455,493
2619,2659,2660,873,1215,2616,2620,2694,2697,2617
478,517,1125,1201,1205,516,445,514,522,624
781,816,1128,1127,824,1395,859,1735,972,520
378,380,417,376,2935,379,455,493,341,342
1251,1252,1214,1253,1328,1289,1291,3038,1292,1630
1230,1269,1270,1302,1228,1266,1229,1225,1496,1222
1939,2169,1978,2207,2167,1979,1980,2244,2209,2206
341,380,378,379,454,376,263,265,340,377
1043,1047,1114,1081,1083,1011,1045,1078,1054,1020
1098,1136,1099,1063,1442,1292,758,796,1134,759
643,682,607,646,684,645,680,985,949,987
1205,1242,1203,1204,1240,1199,1236,1167,704,595
694,2955,692,693,730,768,731,653,732,696
1083,1273,1279,1316,1047,1009,1082,1045,1122,1245
1963,1965,1962,2743,2780,2781,2784,2820,2825,2830
722,985,1064,1291,987,988,1024,986,1063,1097
1193,1232,1266,1230,1264,1268,1225,1231,1460,1498
117,193,157,156,155,158,232,196,195,768
2592,2630,2591,2509,2631,2589,2551,2557,2594,2515
682,684,3038,643,607,646,683,642,645,722
1229,1230,1226,1266,1194,1225,1156,1199,1201,1125
2322,2360,2398,2447,2959,2323,2207,2444,2167,2520
2947,2980,1724,1687,1781,1777,1779,2085,1816,2123
1027,1028,1070,1066,1065,1029,1031,954,1301,1033
844,1345,1114,1378,1343,1651,1608,1690,1653,1291
109,111,144,147,378,379,75,417,454,38
2619,2943,1254,1213,873,1215,1290,1251,1252,1250
11,16,18,24,30,32,35,68,17,20
1082,1343,1350,1388,1122,1120,1386,1313,1349,1347
712,713,714,716,677,711,747,748,2043,816
2597,2640,2939,1995,2036,2076,1994,2603,2559,2641
127,273,306,348,311,272,234,3032,423,267
986,1253,1328,1291,1593,1630,1292,985,1669,2048
2256,2260,2214,2218,2217,2179,2258,2220,2221,2298
642,682,684,643,607,646,603,679,804,842
1140,1178,1101,1102,1063,1062,1064,1406,1861,1025
951,991,1028,1255,1302,1269,1270,2230,2269,2149
1668,1669,1670,1671,1672,2956,1748,1785,1786,1706
1077,1571,1608,2220,2221,2298,2260,2256,1613,1658
1367,1405,1329,1406,1402,1375,1383,1416,1421,1418
84,122,125,193,124,271,120,194,123,233
1325,1364,1328,985,987,986,984,1022,1288,983
1049,1279,1316,1011,1317,1354,1009,1314,1083,1277
1062,1367,1440,1405,1063,2163,2090,2127,2165,1025
413,450,488,451,338,3037,374,447,448,410
1150,1193,1329,1230,1153,1422,1035,1098,1292,1367
764,1065,1104,941,942,906,2192,2267,2055,1142
876,1181,1385,1399,1395,1397,1361,1396,1359,1096
345,900,930,445,514,272,349,386,348,346
1317,1354,1048,1011,1047,1049,1315,1312,742,633
1016,1054,676,1017,677,1053,979,1321,1093,1055
1062,1099,1329,1098,1367,1061,1063,1292,1368,1097
1250,1251,1252,1253,1292,986,2943,1367,988,1025
414,452,522,624,558,621,532,417,415,416
1245,1700,1011,1315,1054,1009,1055,1083,1663,1625
1078,1119,1114,1077,1115,1043,1194,1270,1040,1302
153,194,612,617,442,3033,615,614,192,154
2689,2733,684,682,2693,2696,2692,2698,2469,2695
75,188,225,454,417,2935,264,303,342,189
263,265,340,264,303,302,225,301,266,2935
2172,2173,2210,2213,2212,2254,2171,2255,2252,2950
1155,1216,1744,3008,1366,1403,1404,1400,1327,1364
1916,1964,1918,2000,2946,1921,1959,1961,1998,1956
1745,1746,1747,1784,2162,1685,1772,1783,1099,1330
2543,2544,2584,2545,2618,2583,2635,656,889,621
836,1139,1140,1178,1175,1212,833,834,798,1250
75,76,224,340,380,341,342,152,2933,145
1028,1029,1065,1066,1142,1181,1103,1106,1068,1075
1423,1424,1123,1387,1388,1425,1420,1386,1385,1462
599,634,636,670,635,637,674,633,669,672
2062,2064,2027,2068,2025,2105,2104,2030,2143,2182
640,731,605,603,729,670,667,117,766,115
75,76,151,188,225,414,415,416,454,417
115,153,158,192,157,154,458,422,424,802
1084,1085,1120,1081,1049,1079,1310,1308,241,242
2640,2673,2705,2740,2782,2603,2641,2637,2639,2775
970,1011,1083,1048,1049,1279,1316,1009,1047,1007
75,76,225,71,112,114,150,189,300,264
1042,1043,1039,1003,1040,1001,1078,1340,2949,1077
342,1213,1250,1251,1252,1139,3014,1292,1063,988
262,299,302,766,769,498,187,226,189,300
777,780,709,707,782,710,708,671,778,741
378,380,682,684,643,683,1292,988,2938,1063
1118,1146,1150,1154,1116,1075,2936,1155,1153,1115
187,189,226,300,263,265,225,188,227,379
1153,2502,1154,1151,2257,1077,1420,1183,1096,758
1668,2124,1670,1671,1672,2956,2011,2013,2052,2088
749,786,823,711,747,748,2941,709,783,787
1190,1230,1229,1226,1149,1189,1167,1134,1172,1096
682,684,643,683,3016,722,603,302,640,842
1557,1935,1937,1972,1976,3030,2970,1936,1973,3027
1250,1253,1593,798,1292,1975,1099,605,759,607
14,21,22,23,33,62,17,20,2937,16
988,1063,1062,1292,1101,1102,1025,1064,1024,1097
534,575,576,740,670,667,496,629,610,375
1025,1062,1329,1292,1061,1063,1098,1367,1330,1101
1243,1245,1283,1247,902,1244,901,943,1321,904
1861,1938,1139,1899,1823,2239,2240,1897,795,1140
91,92,769,807,804,805,844,126,127,138
2661,2663,2815,3018,2700,2790,2791,2924,2904,2623
1691,1810,1731,1431,1199,1772,1733,1734,1806,2952
763,913,915,917,914,647,762,761,750,788
988,1024,1062,1063,1064,1061,1025,760,1101,1102
61,130,91,92,98,163,165,166,3012,138
485,523,522,558,521,484,520,556,517,545
1167,2114,1201,1205,1771,1812,1776,1695,1810,1809
2619,2826,2227,2620,2822,2694,2659,2660,2662,3018
489,491,494,529,490,568,492,455,493,341
970,1040,1032,1004,962,965,969,1003,1007,929
1634,1668,1670,1671,1672,2956,1632,1631,2996,2011
2880,2882,2887,2884,2885,2886,2888,2918,2968,2881
154,157,117,115,194,156,153,158,196,197
1175,1212,836,1897,1479,1216,1823,1518,795,1516
2407,2409,1038,2366,2369,2371,2406,2446,2105,2450
4,14,54,3019,69,17,20,2937,16,13
1121,2516,2521,2727,1337,1072,1382,1114,1112,1080
1140,1178,1098,1329,1101,1102,1063,1062,1367,1064
522,558,559,596,556,520,517,589,587,521
304,342,263,265,340,225,266,379,378,227
18,24,66,76,3038,71,112,114,150,70
153,192,270,154,115,158,155,229,230,191
801,802,840,805,807,803,844,800,763,812
939,941,2243,1031,2360,764,906,944,901,868
1205,1809,1203,1204,1240,1237,1235,1804,1767,1849
1668,1669,1670,1671,1672,2011,2013,2048,2052,2956
86,450,556,481,3017,517,518,520,443,444
873,1215,2619,874,909,912,2620,2694,2659,2660
828,832,1168,1167,1206,827,1172,1210,1137,962
1405,1406,1783,1748,1785,1786,1442,1744,1367,1444
1433,1470,1472,1201,1431,1167,1205,1810,1811,1434
1203,1204,1240,1201,1242,1200,1202,1238,1165,1205
1008,1009,273,251,1005,1012,1004,1084,1085,1003
1205,1242,1203,1204,1240,1199,1166,1236,1318,1471
1034,1035,1040,1072,1078,1150,1118,1229,1037,1270
1251,1252,873,1215,1253,872,1328,1291,986,1249
263,265,264,303,302,340,225,301,266,299
951,2207,2167,953,2205,2244,2282,1181,2206,2208
1011,1083,1047,1049,1658,2941,1660,1625,709,2004
1255,1449,1522,1486,1445,1447,1448,1372,1332,1333
949,1291,1292,2048,987,1668,986,950,988,1024
1437,1738,1740,2382,1055,1091,3008,1361,1701,1663
2407,2447,2409,2448,2954,2445,2484,2442,2659,2660
17,20,341,417,454,2937,418,456,377,414
1253,1291,1251,1252,1254,1250,1328,1593,1630,1292
1012,1043,1384,1078,1042,1118,1007,1048,1046,1156
2575,2650,1282,906,2532,2572,2954,2448,2612,2196
1298,1302,1340,1344,1072,1346,1304,1035,2949,1341
1213,1250,1329,1175,1212,1098,1101,1102,1062,1063
1292,2943,1328,1329,1290,1330,1367,1061,1254,1251
2332,2408,2366,2369,2371,2329,2370,2291,2292,2410
327,330,364,365,133,215,366,331,326,295
524,528,529,490,568,532,798,569,566,526
481,482,517,518,520,555,556,3017,445,514
1977,2015,2055,2168,2130,2131,2132,2133,2094,2256
1020,1323,1091,1361,1017,3008,1130,1738,1740,1663
1125,1163,709,1013,1390,1391,1392,1351,199,478
709,749,711,747,748,2941,707,816,671,786
77,80,92,94,86,116,41,79,157,154
1091,1661,1816,1358,1360,1663,3004,716,1285,679
2630,2633,2629,2589,2592,2588,2632,2593,2631,2672
187,223,226,261,185,228,222,250,338,178
693,696,732,653,730,686,694,659,685,955
1253,2943,1251,1252,1254,1250,1288,3038,2619,2620
1028,1977,2015,1255,1294,2243,2322,2283,2320,2281
231,533,573,571,621,1308,1239,1241,2967,1242
1028,1218,1294,1217,1219,1220,1066,1369,1331,1068
1153,1194,1416,1196,1420,1421,1690,1418,1683,2952
119,1001,2104,1040,1002,2107,2445,2062,2146,2186
1196,1385,1128,1123,1159,1423,1424,1345,1009,1305
1363,1364,1368,1365,1401,2943,1288,66,104,64
804,807,844,840,810,841,801,777,780,843
956,960,998,1266,997,958,959,1228,996,921
739,744,1049,745,779,1130,859,1663,778,1737
967,1887,1237,1269,1885,1845,1308,1883,1880,1838
2605,2648,2687,2647,2565,2684,2644,2645,2682,2643
683,718,643,682,721,2938,645,681,719,722
1125,1163,1128,859,826,1129,788,1164,1162,1160
1251,1252,1668,1670,1671,1672,2956,1634,1669,3038
14,22,33,105,417,378,645,682,17,20
1054,1090,1390,1391,1392,1394,1352,1353,1013,1323
1292,1668,1669,1670,1671,1672,2956,1634,1706,1291
1277,1278,1237,896,1239,1241,2967,1276,1279,1316
872,910,1253,1251,1252,873,1215,1254,1250,871
1136,1194,1226,1192,1227,1224,1228,1191,1152,1195
1555,1556,1557,1600,2970,1525,1521,1523,3034,1561
572,609,153,192,155,612,614,650,154,688
1062,1064,1063,1023,1025,1024,2727,2734,2770,2733
17,20,228,340,2937,187,226,36,18,24
575,576,535,153,197,611,536,574,534,159
1146,1183,1411,1145,1416,1384,1418,1452,1385,1425
1724,1725,2295,2333,2372,1452,1682,1723,1763,1720
524,525,526,562,489,563,527,564,602,601
2322,2323,2362,1977,2015,1790,1753,2057,1526,1299
2726,2845,2884,2885,2886,2888,2918,2968,2883,2875
1311,1343,1613,1043,1615,1655,1389,1309,808,806
1279,1316,1314,1317,1354,1312,1277,1278,973,1013
314,1009,1125,1128,1129,1199,1159,1167,245,276
225,304,38,75,69,37,110,31,72,107
365,425,364,133,315,331,366,142,1310,2897
488,489,1062,1329,1025,1292,492,1743,380,26
2343,2382,2420,2341,1131,825,824,787,2458,1128
1666,1669,1367,1368,1668,1706,1707,1740,1115,38
1399,1421,1438,2041,1383,2485,2118,2947,2562,1130
836,1211,835,1173,1175,1212,833,834,870,872
993,994,1030,992,996,997,995,2329,2370,2331
2705,2743,2780,2781,2784,2820,2825,1062,1025,2597
929,930,1163,1128,1201,896,934,897,1202,1238
807,844,808,805,771,806,773,737,812,846
498,723,725,571,535,497,763,687,840,762
478,1163,1125,1317,1354,1011,1313,1239,1241,2967
2395,2434,2435,2441,2478,2520,2522,2512,2471,2433
118,120,84,122,125,123,157,119,116,85
1011,1049,1013,859,1128,783,1125,784,1083,1315
605,607,642,646,682,684,3016,608,644,643
341,380,340,379,454,75,414,415,416,76
115,117,118,120,153,164,618,163,165,166
1017,1245,3008,1054,981,1020,1323,982,1282,1665
571,611,808,457,534,495,535,499,231,536
171,436,470,503,506,846,884,282,924,885
612,647,763,611,572,801,614,609,610,838
1630,1669,1632,1596,1631,2996,1633,1556,1668,1706
1129,1701,1128,1130,1361,2977,1738,1057,1740,1363
624,1229,1230,1190,1150,2992,998,2334,1683,1101
301,339,264,303,189,300,187,226,2935,569
1663,1776,1701,1738,1702,1661,1700,1737,1625,1623
134,170,421,695,407,409,369,130,661,157
1315,1341,1073,1039,1071,1348,1076,1350,1339,1380
1262,1266,1302,1228,1229,1264,1268,1227,1231,1496
475,478,1090,401,438,403,476,505,544,507
1289,1328,1075,2936,1644,1291,947,948,1290,1327
450,487,1064,1097,1099,1063,1024,722,1361,485
384,880,314,171,134,170,172,290,382,884
1128,1352,1353,1390,1391,1392,1394,1351,1163,1625
878,913,916,2986,875,879,876,914,877,1181
206,271,2445,193,195,200,201,389,158,388
1245,1282,3004,1247,1360,1358,1323,1280,1663,1361
1597,1639,1635,1638,2960,1865,1636,1599,1866,1904
801,839,2130,2169,1028,991,878,837,876,840
2737,3018,2743,2780,2781,2784,2820,2825,2814,2707
1119,1157,1112,1114,1080,1196,1156,1120,1081,1122
38,75,76,71,112,114,150,70,109,111
2105,2269,2064,2062,2227,835,2201,2238,2927,1821
172,213,238,207,237,243,244,199,210,275
1592,1596,2989,3030,1632,1593,1594,1630,1289,377
2699,2738,2739,2814,2915,2704,2740,2782,2661,2663
602,676,678,121,601,639,123,119,157,802
1229,1230,1226,1228,1192,1227,1224,1266,1188,1194
682,684,643,607,646,642,1669,1631,2996,603
752,790,791,1130,751,753,754,715,3008,2963
870,2009,2277,2314,1895,1971,1287,2008,1134,2273
811,1114,1690,1116,1152,1422,1115,1151,1345,1651
1093,1741,3008,1739,1778,1740,1361,791,1738,1056
896,1242,1208,2932,1203,1204,1240,865,900,898
1492,1495,3021,1763,1490,1497,1494,1455,1764,1723
1322,1360,1358,3004,1323,1321,1091,1053,1319,1285
187,189,226,300,225,304,188,227,2957,228
2813,2852,2900,2826,2863,2856,2857,2858,2859,2866
1301,1341,1075,2936,1380,1418,1606,1609,1644,2971
673,979,635,637,674,1014,1016,1283,982,1324
2602,2641,2678,2642,2939,2598,2681,2638,2639,2637
2094,2130,2132,38,2133,2131,2168,2169,1865,2055
189,300,3016,769,225,227,188,228,151,304
1063,1098,1442,1101,1102,1329,1099,1100,1064,1330
2623,2662,2700,2661,2663,2881,3018,2625,2939,2600
1181,1408,1218,1369,1180,1141,1409,1412,1183,1179
760,1405,1062,1440,1406,1783,2090,2127,2165,1402
28,69,34,14,22,33,26,67,11,25
389,2958,599,636,133,139,177,136,388,538
407,409,445,446,478,483,514,621,549,550
1032,1034,1038,1035,1033,1304,1036,1040,997,1001
1321,1343,1352,1353,1351,1356,1345,1348,1386,1621
337,798,1139,529,1138,489,760,448,411,447
760,891,894,892,859,857,858,860,1196,1124
1099,1140,1178,1098,1063,1367,1138,1062,1097,797
801,803,840,839,876,838,763,837,802,800
758,2161,2257,2256,2258,1062,1440,1025,1026,2162
1279,1316,1314,1317,1354,1276,1312,1277,1278,1009
1015,1053,1052,1358,749,1128,1013,977,159,267
2637,2673,2675,2674,2982,2678,2638,2641,2679,2720
273,541,3024,579,467,462,312,465,463,422
142,159,163,165,166,3012,202,203,204,130
86,91,98,80,44,41,187,226,189,300
2171,2641,2642,2559,2939,2678,2597,2134,2091,1679
1356,1625,1017,1358,1357,1661,3004,1660,1701,1702
2700,2890,2661,2663,2904,2924,2623,3018,2894,2662
796,1250,836,798,1175,1212,759,1516,66,26
949,2427,987,2256,1043,947,948,2253,950,2426
876,954,878,837,914,875,877,266,263,265
2471,2485,2598,2523,2524,2522,2561,2478,2599,2601
14,790,791,753,754,756,69,11,16,17
832,836,835,1211,1175,1212,833,834,1177,797
1373,1409,1412,1142,1407,1103,1408,1410,1372,1378
196,2575,790,2498,2532,448,447,197,194,269
1028,1977,2015,1774,1878,2040,1029,1776,1065,1066
1855,2235,2272,1171,2994,2232,1550,1513,1514,2270
1277,1278,1279,1316,1276,1312,1243,940,1015,1053
1669,3038,1668,1631,2996,1706,684,1667,682,1253
1146,1148,1150,1190,1111,3007,1147,1149,1189,1115
1203,1204,1240,1201,1242,1202,1238,1125,1205,1239
2662,2779,2826,2814,2884,2885,2886,2888,2918,2968
1222,1228,1226,1191,1193,1460,3035,1223,1456,1195
36,38,75,76,71,112,114,150,74,17
2207,2244,2322,951,2205,2167,2246,2323,2281,2360
2130,2792,2705,2661,2663,2711,3018,2752,2669,2709
840,915,917,801,913,803,841,763,802,765
517,555,556,587,622,588,305,461,154,157
832,870,836,1177,1174,1175,1212,1216,833,834
707,774,800,802,808,806,838,710,671,631
2637,2640,2642,2678,2705,2670,2641,2603,1921,1959
2485,2525,2564,2566,2567,2606,2646,2565,2602,2647
379,415,416,454,494,455,493,532,341,342
1003,2817,1005,1245,2943,2989,1592,1596,2818,2814
1239,1241,1317,1354,2967,1276,1279,1316,1315,1205
1148,1185,1186,1188,1192,1224,2180,2181,1109,1187
759,1062,1063,1101,1102,1061,1064,1329,1100,760
1243,1305,1335,1336,1358,3004,1357,1245,1738,1315
84,122,125,193,631,667,607,646,668,605
1367,1405,1329,1406,1330,1062,1402,1292,1783,2081
1172,1210,2160,755,1096,1134,885,2157,2180,2181
194,682,1054,1016,157,2681,229,154,121,2826
136,2815,383,271,2978,2711,2740,2782,2737,3018
1199,1431,1125,1127,1159,1201,1468,1011,624,555
339,1253,1214,1254,910,1251,1252,1250,986,607
1025,1061,1062,1329,1063,1064,1292,1101,1102,1099
1289,1291,1324,949,1292,1362,1326,1325,1077,1372
985,1023,987,986,949,947,948,1025,911,984
1292,1668,1669,1670,1671,1672,2956,1748,1785,1786
1279,1316,1127,1128,1049,1317,1354,1314,1239,1241
1071,1104,1065,1179,1335,1302,1146,2949,1357,1358
670,827,862,900,786,898,558,523,595,703
159,194,271,442,202,203,204,475,3010,478
98,619,57,59,46,44,1,41,99,654
1025,1062,1367,1329,1292,1744,1482,1214,1140,1178
442,475,512,403,408,444,476,405,401,438
947,948,949,1077,1078,987,984,1022,985,988
109,111,143,144,147,417,454,75,38,17
2662,2732,2904,2910,2924,2617,2696,2698,2826,2855
1062,1329,1098,1063,1367,1101,1102,1061,1330,1064
1245,3004,940,941,939,901,1280,942,938,1662
949,981,983,985,1055,2422,987,2348,947,948
2051,2086,2047,2011,2013,2052,1783,2088,2203,796
1879,1881,1916,1920,2000,1918,2946,1923,1613,1878
1214,1253,1254,1251,1252,1328,1593,1250,1291,1630
949,984,985,987,1022,1074,1077,947,948,1075
1330,2943,1250,2989,1292,1442,1405,2048,341,187
1341,1343,1114,1112,1080,1077,1078,1072,1317,1354
1250,1251,1252,1253,1254,1214,872,2943,910,1291
500,766,767,770,458,503,461,807,768,731
759,795,796,798,1137,1138,836,832,2201,2238
330,367,366,331,404,293,295,296,334,372
1075,1345,2936,1384,1150,1146,1110,1383,1071,1385
664,666,559,596,630,668,665,702,597,701
1253,1593,1630,1251,1252,1254,1214,2989,1250,910
824,825,2565,2601,788,826,3029,859,2543,2544
128,129,91,89,94,127,126,84,122,125
675,712,711,747,748,749,1128,2264,2302,1239
1317,1354,1315,1011,1049,1047,1048,1279,1316,1276
1011,1279,1316,1317,1354,1049,1048,1314,1312,973
1064,1291,1292,988,1024,1063,985,1099,1097,722
155,156,193,153,115,192,154,117,269,2586
1420,1431,1154,1416,1151,1422,1418,1383,1183,1466
950,986,1214,1328,873,1215,1289,1291,947,948
1129,1130,824,859,825,887,886,239,240,760
873,1215,1328,1251,1252,1254,1213,1290,1214,874
1064,1291,1292,988,1024,1063,1099,985,1097,722
1011,1013,1352,1353,1084,1085,1083,1317,1354,1086
718,1062,1063,1405,988,2161,1024,2950,1097,2166
947,948,1328,1289,873,1215,911,949,1249,945
992,993,951,953,991,989,1030,994,955,2282
133,206,215,331,175,214,252,174,368,121
645,682,683,684,643,722,2938,760,414,380
1251,1252,3030,2989,1596,1557,1935,1937,1972,1976
1486,1894,2947,1229,1496,1685,2975,1499,1777,1854
1024,2635,2762,987,1023,988,986,2514,2636,1408
453,494,760,3014,1099,1250,1100,492,529,418
379,986,1291,1328,1292,1251,1252,988,1024,2048
1175,1176,1212,3014,1099,1216,796,832,1363,759
925,958,998,2992,2415,1242,1205,896,1177,2743
1292,1330,2949,1366,1403,1404,1440,1745,1746,1747
1015,1053,1168,1014,976,1049,1239,1241,2967,1277
2602,2641,2678,2642,2939,2681,2638,2639,2637,2680
817,820,847,887,813,850,785,819,854,815
1279,1282,1316,1317,1354,1314,1009,1280,1283,1245
1247,1284,1245,1170,866,1132,830,753,754,752
2201,2238,3001,1213,2239,2240,2276,2277,2314,2275
1175,1212,1139,3014,1216,1214,1213,1250,1270,1302
836,1139,1175,1212,1177,1216,1174,1214,833,834
84,120,122,125,164,124,176,2973,175,214
407,409,446,483,517,520,481,3017,556,443
1568,2105,2366,2369,2371,2408,1302,2445,1840,2182
37,38,69,74,75,76,110,71,112,114
1657,1963,2050,1656,2001,1697,2004,2998,2011,2013
600,678,1054,1052,3004,1018,1092,981,1663,1246
89,94,97,126,84,122,125,319,356,251
384,422,752,2978,749,714,750,349,386,421
1405,1406,1442,1444,1682,1782,1781,1783,1820,2161
1214,1405,1291,1327,1329,1367,1368,1061,1406,1556
1251,1252,1328,1291,1670,1671,1672,2956,2011,2013
2775,3036,974,975,940,938,941,2815,2871,2740
997,1034,998,1802,2331,2329,2370,996,959,2067
709,786,2941,894,823,783,816,861,784,749
2603,2642,2682,2643,2641,2559,2640,2600,2678,2598
518,519,120,61,442,654,444,656,482,626
1130,1663,1738,1091,1129,1054,1394,1017,1701,3008
2170,2219,2254,2217,2256,1685,2173,2216,2214,2179
1021,2124,1062,2163,1025,1362,984,1022,2160,1059
1442,1444,1745,1746,1747,1784,1743,1098,2163,2124
378,379,376,417,340,454,263,265,414,380
16,100,21,18,24,60,14,34,30,11
4,11,14,3019,69,17,20,2937,16,6
607,642,646,682,684,643,603,3016,639,640
1261,1445,1255,1260,1446,1264,1268,1227,1982,2069
229,578,231,533,612,618,534,496,658,990
206,271,276,200,201,314,311,310,309,388
662,693,694,691,630,698,696,529,570,606
16,105,34,18,24,74,29,14,30,11
1700,1701,1736,1776,1663,1738,2947,1737,1433,1625
160,162,198,338,453,545,582,699,737,697
2512,2520,2567,2606,2478,2395,2434,2513,2561,2480
342,1250,1251,1252,1175,1212,1253,2943,415,416
970,1308,1237,1274,1304,1269,1001,1006,1040,1271
991,1028,1977,2015,1030,992,1027,2954,1927,1931
1708,1783,1670,1671,1672,2956,2011,2013,2052,1710
79,80,118,116,77,156,2065,2102,2103,2144
2219,2266,2256,2260,2258,2067,1493,2153,2151,2190
342,2807,798,453,379,341,524,2882,2953,2850
1935,1937,1972,1976,2315,1936,1594,1973,3027,2317
1001,1040,1038,1032,963,1302,1211,1250,193,158
1367,1405,1329,1062,1406,1402,1025,1783,339,953
1203,1204,1240,1201,1202,1238,1242,930,1504,896
906,942,1249,941,905,943,1284,2575,867,982
2118,2217,1949,1950,1952,2997,2180,2181,2178,1990
753,754,829,865,830,790,827,864,863,898
263,265,497,266,225,301,302,340,264,303
2570,2648,2607,2684,2565,2685,2722,2605,2645,2682
43,51,98,130,163,165,166,3012,62,94
1840,2409,1882,1845,1838,2105,1839,2228,1926,1927
263,265,340,264,303,2935,342,339,378,2010
1011,1279,1316,1317,1354,1048,1314,1315,1047,1009
41,80,88,98,116,77,47,81,619,961
65,103,175,176,214,252,2973,202,203,204
2447,2461,2500,2485,2520,2483,2330,2567,2606,992
1016,1054,1017,1053,1093,1132,979,1056,1130,977
796,1250,1175,1212,2943,832,1824,2970,2659,2660
1446,1668,1634,1670,1671,1672,2956,1632,1631,2996
709,807,745,779,708,778,844,641,2266,679
1098,1230,1192,1190,1150,1188,1191,1229,1193,1329
1738,1740,2947,1776,1701,1663,1737,1816,1777,790
647,685,687,803,723,725,1711,609,1981,724
136,143,175,214,252,1321,176,2973,103,137
2677,2678,2680,2759,2645,2641,2681,2599,2639,2637
1254,1593,1253,872,2943,2989,1592,1596,608,644
1596,2469,1328,1630,2086,1593,2970,1288,2944,2467
1213,2352,3030,2989,1479,1823,1897,1824,795,2276
1251,1252,1254,1290,872,873,1215,1253,2943,871
2124,2930,2163,2090,2127,2165,2088,1061,3006,2469
1351,1426,202,203,204,363,239,240,241,242
1887,2493,2533,1245,2155,2532,2572,2412,2954,2353
1361,1740,1394,1390,1391,1392,981,1089,1126,1058
1634,1668,1670,1671,1672,2956,1744,1669,1631,2996
1150,1190,1230,1192,1149,1189,1226,1188,1194,1229
758,1400,1160,1124,2379,826,1772,1733,1734,2377
1020,1323,1360,1321,1358,1283,1019,1285,716,1133
1866,1902,1800,1797,1796,2019,1753,2133,1790,1831
1724,1725,1726,1818,1686,1685,2173,1727,1728,1764
1175,1176,1212,2943,1329,1478,1367,1061,1330,1443
1431,2264,2302,2941,1051,1355,2263,850,1468,1735
949,988,987,1292,985,986,1024,1025,950,984
662,2758,588,589,650,615,660,450,2760,2677
2088,2124,2051,1668,1634,2087,2202,2086,2089,2049
120,807,84,122,125,164,85,83,44,100
1291,1634,1668,1670,1671,1672,2956,2011,2013,2052
839,878,840,876,916,879,2986,801,803,685
1028,1939,2244,1977,2015,991,2019,1027,1789,1790
1213,1251,1252,1214,1254,873,1215,1250,1290,1557
2215,2254,2255,2561,2220,2221,2298,2260,2256,2263
194,2965,159,271,229,121,197,120,617,157
12,2982,2716,2710,2758,105,76,13,15,18
1211,1221,1255,1266,1285,1171,1210,1172,1259,870
189,300,225,379,188,227,454,75,151,224
1038,1070,2366,2369,2371,2409,1037,1032,1033,2367
1061,1152,1115,1111,3007,1422,1121,847,1060,1131
1100,1330,1406,1098,1063,1099,1367,1442,1368,1405
73,75,76,225,71,112,114,150,304,414
1011,1663,1054,1020,1049,1625,1016,1665,982,1623
1062,1140,1178,2199,1063,1405,1367,1097,1858,1861
2769,2806,2728,2766,2808,2773,2774,2555,2765,2810
2016,2017,951,1256,1977,2015,1294,1939,1028,1789
2474,2648,2569,2526,2530,2531,2570,2491,2533,2571
1352,1353,1390,1391,1392,1351,1050,1345,1348,3010
839,879,876,841,878,837,880,917,881,884
2010,2050,2047,2011,2013,2052,1669,2048,985,2009
1251,1252,1254,1253,1290,1214,1250,910,3038,1291
1939,1979,1980,2026,2027,2068,1978,2207,1981,2167
1537,1574,1578,1580,1576,1541,1542,1579,1587,1549
1124,1152,1115,1158,1156,1117,1121,1089,1126,1361
1062,1367,1098,1329,1063,1097,1405,489,488,66
1166,1195,2491,2449,2450,2490,121,825,123,824
643,682,607,646,684,605,683,608,644,759
1279,1315,1316,1317,1354,1314,1277,1278,1011,740
755,791,751,790,2121,2158,2421,2460,2081,717
896,1205,1128,1129,1203,1204,1240,1167,1242,1206
1096,2938,2689,2728,720,757,1026,2769,2543,2544
1251,1252,1289,1214,1632,1328,1630,1634,1291,1936
1571,1608,1610,3020,1647,1648,1649,1606,1609,1567
949,2048,1668,2050,987,1634,1289,947,948,1326
130,137,175,176,214,252,2973,97,404,63
2081,2118,2217,879,880,841,1910,791,2947,2447
2155,2794,829,2233,2234,713,2193,1855,715,2156
997,1032,1304,1301,2409,1033,1036,1299,1228,2182
2625,2665,2667,2669,3018,2666,2707,2744,2869,2664
1100,1101,1102,1134,1192,1330,2219,1264,1268,997
121,749,711,747,748,675,1277,1278,2187,1583
769,1049,1011,1120,1081,810,811,772,740,669
1199,1209,925,926,955,2963,792,1171,864,953
1697,2304,2264,2302,1011,1963,1619,1696,1695,1962
682,684,643,607,646,642,603,804,17,20
988,1402,1440,1062,2163,1025,2048,985,1819,984
462,2867,2872,2667,2662,2917,2919,2923,2910,2779
946,1290,1253,872,911,947,948,1326,949,985
1305,1345,1192,1382,1420,1458,2949,1608,2975,1442
1289,1327,1328,2943,1214,1216,1326,2989,1366,1403
947,948,1289,1328,1630,949,873,1215,987,986
595,633,898,899,893,862,705,706,823,900
1193,1210,1302,1230,1270,999,1232,1134,1177,2662
1942,1946,1908,1905,1944,1869,2960,1777,2947,1979
782,1659,1661,3029,2941,826,788,1049,633,478
1571,1608,2156,2949,1739,2004,2118,1818,1440,2200
569,605,607,646,682,643,608,644,683,379
1218,1442,1181,1180,1978,2131,2170,2212,2216,2177
877,951,953,989,1218,1181,1180,1903,1406,1480
1011,1621,709,673,1049,1047,1315,1348,1660,1659
2509,2847,738,380,342,2578,2590,2586,2587,2769
681,715,790,791,753,754,752,756,760,719
1824,1895,1216,1592,2943,1594,1175,1212,1821,1250
2670,2705,2700,2790,2791,2924,2881,2623,2779,2662
824,825,823,787,826,790,792,864,862,444
1291,1339,1670,1671,1672,2956,1668,1669,1292,1337
601,1245,599,636,597,1282,602,675,3004,1243
1831,2247,2022,1939,1979,1980,2023,2209,2363,1832
847,887,1194,924,1115,885,889,851,891,886
1292,1330,1251,1252,1291,1250,1177,2943,988,2619
712,2692,2652,2651,2160,2121,2158,2045,2083,2196
1275,1620,1317,1354,1315,1580,1622,1541,1621,1389
160,1054,1168,1167,199,161,1237,1239,1241,2967
445,514,516,517,1776,444,522,513,624,558
2119,2463,790,791,3008,2382,2421,2460,1739,2121
2130,2792,2661,2663,3018,2711,2705,2669,2752,2709
80,86,92,57,59,93,517,87,124,120
951,1978,1939,953,1218,1219,1979,1980,1983,1943
1666,1667,1668,1669,1706,1705,1630,1629,1704,1742
1139,1250,1213,873,1215,836,1177,1251,1252,1101
1289,1328,1214,1326,605,607,646,2616,682,379
1055,1661,1092,1054,1131,981,1057,1740,1739,1703
1248,1286,872,2943,1596,2970,908,832,869,831
2485,2522,2523,2524,2562,2525,2567,2606,2607,2257
1217,1711,1713,1256,951,1218,953,1939,2960,991
536,537,574,499,535,572,571,575,576,611
682,684,1292,1291,1367,1062,1025,988,3038,643
875,1218,2054,913,2986,1181,1180,1978,2016,1942
1858,1861,3001,1139,1823,1899,2239,2240,1140,1178
1630,1632,2989,1593,1634,1289,1668,1328,947,948
1343,1346,1108,1071,1384,1344,1075,2936,1422,1347
235,275,172,207,237,236,274,3031,311,273
2279,2280,2277,2314,2239,2240,2276,2275,2278,1824
1292,1669,3038,988,1405,1631,2996,1253,684,682
605,640,608,644,3016,565,564,602,156,2807
807,844,1114,1685,1686,1417,1684,1413,2952,846
872,1250,1253,2943,1254,910,1251,1252,986,988
1592,2943,1254,1213,1250,1328,1289,1288,1327,1594
2728,2806,2689,2729,2766,2808,2769,2765,2810,2635
109,111,144,147,414,492,528,529,3016,494
1343,1347,1384,1341,1112,1071,1345,1346,1076,1303
407,409,445,446,483,514,481,3017,517,480
14,16,17,20,54,2937,18,24,13,15
229,886,887,926,619,230,308,116,64,80
1593,1630,2989,1596,3030,1632,1592,1557,1935,1937
2756,2798,215,174,178,259,2760,2800,2797,2754
449,485,486,526,488,487,525,524,489,790
1175,1212,1250,1139,3014,836,1213,1140,1178,1254
798,2279,2280,1861,1938,2277,2314,2278,1936,492
833,834,872,836,873,1215,871,795,869,874
1075,1110,1345,1384,2936,1072,1114,1078,1001,1109
154,450,517,447,656,660,618,615,192,157
756,2273,1328,1744,2277,2314,1743,1402,1895,2352
272,346,520,518,556,481,3017,517,620,273
1140,1178,1063,1098,1367,760,798,492,528,451
1800,1861,1760,1451,1488,1813,1823,1894,1851,1890
75,76,225,71,112,114,150,36,304,414
341,529,494,491,453,489,415,416,454,526
838,839,2470,1668,2124,2930,679,2807,803,841
187,189,226,300,264,303,225,188,2957,304
824,825,892,823,822,855,859,857,858,860
2547,2767,2588,2939,2587,2550,2586,2598,2769,2599
1247,1513,1171,2932,1245,1209,1475,1551,830,1361
115,117,118,120,153,693,164,696,694,658
783,784,891,816,782,817,820,781,850,813
1583,1585,1277,1278,1580,1622,1584,1926,1927,1586
117,118,120,84,122,125,124,2966,115,156
1210,1248,1286,836,832,1211,870,1135,1172,907
1251,1252,1253,1290,1254,1214,1250,910,3038,1291
100,680,988,1114,985,984,1022,1292,983,722
1854,2947,1816,1776,1779,1781,1817,2123,2085,1682
2665,2740,2782,2867,2872,3018,2700,2904,2701,2702
947,948,1936,2011,2013,2052,1934,949,2048,2316
1282,1284,1245,1246,3004,1285,1207,1360,1358,1586
941,942,943,901,905,867,979,599,636,601
133,134,135,138,170,172,212,364,213,173
262,266,302,551,556,517,481,3017,2961,522
1687,1724,2161,1745,1746,1747,1784,1440,2162,2200
1932,2927,1496,951,953,1800,1856,1893,1896,1855
450,643,529,490,568,798,569,607,646,417
676,677,981,1020,1054,982,753,754,259,133
536,537,574,499,572,535,575,576,611,2407
379,414,415,416,454,417,378,452,380,341
1695,1696,1697,1659,1657,1658,1735,1343,2223,2261
160,233,161,234,200,201,239,240,195,236
712,850,884,749,675,782,2264,2302,840,886
495,2625,2623,2662,2624,535,497,611,537,572
1405,1413,1367,1406,1402,1365,1668,1401,1364,3039
492,528,798,759,490,568,455,493,532,487
1125,1165,1192,1228,1157,1162,1166,1432,1136,1431
2813,2852,2901,2909,818,2775,3036,2814,2856,2857
988,1025,1062,1063,1292,1024,1330,987,1367,986
16,30,74,34,18,24,36,14,12,11
1364,1744,1738,1363,1401,1366,1403,1404,1368,760
2188,2189,2114,2113,2149,2151,2190,2115,2154,1852
21,105,2439,2481,2691,133,142,2710,2758,2520
737,1081,2952,1682,1608,1119,1607,1606,1609,1571
1859,1862,1900,2241,2242,2278,1899,1936,1824,3014
11,30,74,34,18,24,16,36,14,22
981,1055,1394,1358,1054,3004,1360,1092,1315,1661
1389,1697,2001,1049,1621,1048,1620,1622,1541,744
1669,3038,1670,1671,1672,2956,1668,1631,2996,1291
1279,1316,1314,1277,1278,1239,1241,2967,1312,1317
239,240,273,202,203,204,271,3010,241,242
453,2507,2125,1744,2128,2204,2468,2505,417,452
1330,3038,1292,1367,1368,988,1405,1668,1669,1706
796,1819,795,2619,1177,873,1215,1216,874,909
1075,1608,2936,1192,1188,1190,1150,1077,1606,1609
949,984,1022,987,947,948,986,950,988,1024
986,1064,1251,1252,987,988,1025,1062,1024,1063
796,1136,1140,1178,1764,1137,798,1173,996,953
2117,2219,2212,2170,2980,2945,2116,1442,2947,2502
1077,1119,1112,1075,2936,1114,1150,1081,2949,1196
2281,2319,2358,2400,2283,2320,2401,2396,2359,2321
900,1205,1242,1167,1129,1239,1241,2967,970,896
1668,2051,2086,1670,1671,1672,2956,1708,2011,2013
815,1125,1127,1089,1126,1163,1159,1428,1157,1468
100,246,281,314,318,3032,313,105,249,11
1356,1357,1390,1391,1392,1352,1353,1394,1319,1318
340,813,2949,1073,734,1081,782,1006,735,1010
1823,1897,1557,1556,1520,1859,1862,1938,1861,1900
956,958,1230,1229,998,955,957,1270,926,2028
1600,1636,1866,1867,1902,1865,1868,2395,2434,2089
1251,1252,1253,1214,1289,3038,1328,1291,1630,1292
364,3024,281,365,315,3032,314,423,425,419
1897,1934,1249,873,1215,1933,1858,1974,1896,1856
1243,2977,1055,1128,1358,1164,1125,2994,1277,1278
1291,1634,1668,1670,1671,1672,2956,1669,2011,2013
263,265,2765,2810,2805,2843,2969,2769,264,303
2589,2641,2678,2939,2600,2982,2557,2594,2592,1153
1191,1383,2216,1192,1185,1186,1148,1188,1224,1187
1109,1367,1416,1185,1148,1188,1384,1150,1383,1075
801,840,876,839,838,837,763,879,880,813
1062,1292,1329,1330,1098,1367,1063,1291,988,1024
986,988,911,947,948,1291,1328,1292,1025,2620
949,2011,2013,2052,2088,2087,2202,2089,2429,2466
746,778,709,741,742,2941,739,744,816,784
1634,1668,1670,1671,1672,2956,1631,2996,1632,1669
1062,1783,2090,2127,2163,2165,2051,2086,1367,2124
2011,2013,2048,2052,2050,1634,2051,1668,2010,2930
1251,1252,1290,873,1215,1328,1291,1292,986,988
1557,3030,1555,1935,1937,1972,1976,1556,1897,1823
1130,1168,790,1435,1133,2963,1473,1476,1172,1210
1991,2123,2950,1685,2180,2181,2182,2162,2163,2084
605,798,529,492,494,566,608,644,526,524
1916,2000,2256,2260,2220,2221,2298,1954,1613,2946
1037,1840,1847,2366,2369,2371,2104,2409,1038,2105
1053,1055,1054,981,977,1016,1020,1093,3025,982
2124,2163,2125,2090,2127,2165,2162,2950,2128,1062
384,879,880,422,314,382,2978,343,878,2843
384,886,314,171,134,170,172,406,382,343
843,886,847,811,887,849,880,850,881,888
370,371,408,367,406,442,369,333,407,409
2616,2620,2619,2581,2579,2694,2541,2621,2539,2577
978,1282,939,1283,940,1245,901,976,1247,1016
49,156,92,91,80,94,86,48,117,154
988,1292,2048,1062,987,1025,1291,2050,986,2124
1015,1283,1053,1017,978,939,1018,1282,1020,1019
1101,1102,1134,1192,1188,1098,1099,1096,1063,1097
1486,1522,1449,1485,1450,1790,1753,1791,1828,1796
2067,2104,2027,2068,2023,2064,2062,2069,2030,2182
1681,1720,1771,1683,1772,2171,1733,1734,2075,1377
1824,2318,1557,3030,1823,1935,1937,1972,1976,2279
801,876,913,2986,916,875,879,1181,837,880
71,75,109,111,112,114,144,147,150,38
1028,2019,2016,2244,2281,2017,2360,2018,1982,421
2067,2104,1939,2244,1979,1980,2019,2020,2022,1982
759,798,831,3001,492,1858,836,494,1173,453
633,670,869,941,1283,1245,599,636,634,872
830,2963,829,1208,828,1171,832,790,791,798
2409,2448,2366,2369,2371,2407,1038,2406,2446,2575
1685,2219,1534,1802,1763,1765,1762,1991,2067,1796
951,953,991,1028,2441,913,954,763,765,2281
30,74,37,110,18,24,76,66,16,36
1401,1667,1668,1669,1706,2941,842,1364,801,876
1302,1763,1266,1460,1454,1493,1459,1683,1195,967
2257,2378,2639,2641,2603,2336,2338,2381,2457,1994
1405,2081,2464,1783,2090,2127,2165,1406,1330,2508
383,422,876,458,419,3011,460,421,3024,424
1583,1622,1277,1278,1243,1618,1581,1580,1926,1887
1136,1442,1449,1226,1413,1230,2975,1450,1445,1098
1939,1978,1979,1980,951,2016,1981,2017,2931,1983
1631,1669,2996,1668,1634,1706,2086,1667,1364,1629
350,422,353,281,352,354,351,314,3032,388
1025,1059,1062,2124,2163,1061,1402,2086,1364,1705
1097,1623,1738,1435,1055,1701,1433,1699,1661,757
2104,2105,2228,2269,2192,1031,2155,2229,2230,2193
1279,1316,1314,1317,1354,1277,1278,1273,1432,1280
796,2659,2660,795,798,2696,2735,2631,2632,2633
1061,1099,1329,1098,1367,1442,1405,1368,1138,1441
1012,1013,1050,1015,1051,1088,1049,1048,973,935
1280,1357,1358,3004,1282,1243,1359,1397,1279,1316
264,303,263,265,302,225,301,266,189,300
709,2356,749,711,747,748,824,2925,264,303
1482,1898,1935,1937,1972,1976,1974,1861,1900,1892
148,304,2957,263,265,340,302,188,75,266
2924,2926,2700,2881,2882,2904,2922,2623,2779,2662
759,798,1062,1858,3001,1063,760,1367,528,1405
451,494,417,492,490,568,455,493,378,414
2478,2598,2601,2642,2600,2560,2604,2520,2479,2483
831,1283,978,976,1248,1286,907,1287,2347,2348
679,718,2161,2950,719,2166,680,847,2762,884
1207,1243,1246,1247,1244,1285,1209,1551,830,864
1177,2582,1026,196,2540,2541,2543,2544,2584,2802
759,795,798,1139,3014,1175,1212,1176,491,489
1873,1916,1918,2000,2946,1956,1921,1959,1961,1998
1632,2989,3030,1596,1557,2970,1593,1634,1630,1670
1055,1245,1054,1093,1091,1361,1663,1282,1701,1776
485,488,556,449,760,487,486,450,223,489
1074,2471,2443,2512,2513,2551,2598,1107,1066,1145
795,874,909,912,1213,1216,1175,1212,2616,2579
1687,2217,1686,2252,1919,2173,1950,1952,2997,2213
1019,1057,981,3025,1020,1094,1058,1095,982,868
343,382,710,599,636,597,634,635,637,674
956,958,952,1190,1191,992,2216,957,1193,2296
873,1213,1215,1289,1328,2352,1214,874,909,912
1669,1706,1710,2011,2013,2048,2052,1783,2090,2127
1361,3008,1131,1436,1395,1738,1740,1437,2963,1438
529,570,606,494,530,531,453,566,525,524
1027,1028,991,1031,1032,1033,1035,1072,906,941
161,174,238,1053,1015,205,208,1090,206,173
75,76,263,265,340,225,71,112,114,150
759,910,1214,1254,1479,1176,872,1253,1368,1401
524,525,562,526,450,563,830,564,2538,602
11,13,15,17,20,2937,14,16,12,10
121,123,749,782,1586,84,122,125,2269,119
2361,2437,2438,2439,2560,2523,2524,2521,2476,2474
900,935,970,1012,898,972,896,934,897,899
2503,2508,949,2465,2545,2542,2934,2468,2505,2506
2209,2244,2207,2205,2167,2990,2403,2359,2250,2985
1009,1089,1126,1390,1391,1392,1352,1353,1393,1124
661,662,624,556,520,522,558,559,596,664
1139,3014,1175,1212,1176,1216,1174,1823,1214,1479
1990,1991,2067,2030,2028,2104,2143,2105,1988,2106
1129,1166,1165,1167,1127,1163,1168,1091,1270,1093
38,1064,1063,683,2124,18,24,17,20,2937
2602,2603,2563,2642,2523,2524,2562,2685,2722,2525
1072,2949,1393,1123,1390,1391,1392,1121,1086,1039
30,36,69,74,32,35,68,34,152,2933
682,684,1291,1025,1062,950,1368,1364,643,1367
187,189,226,264,300,303,225,151,38,224
1139,3014,1216,1175,1212,1176,1174,1823,1214,1479
2670,2712,2751,2752,2822,3028,2797,30,16,11
195,269,492,494,491,453,193,155,108,232
982,1016,1020,1054,1130,1055,1663,677,979,1625
1037,2409,2366,2369,2371,2104,2105,1038,2406,2446
215,977,978,1053,1015,172,976,939,213,133
384,879,880,422,2978,382,314,1031,231,315
1251,1252,1254,1290,1328,1253,1291,872,1327,2943
1405,1442,1695,1735,1737,1125,1431,1744,1736,859
826,892,885,887,891,859,857,858,860,824
1031,1298,1293,1295,1068,1217,1297,1069,1301,1105
37,75,76,110,225,74,71,112,114,150
1625,1702,1663,1661,1665,1701,1623,1624,1776,1660
2661,2663,3018,2739,2700,2704,2666,2740,2782,2915
885,2938,916,922,924,913,880,883,841,890
677,683,645,682,718,640,602,259,194,157
1291,1634,1668,1670,1671,1672,2956,1669,1292,949
873,1215,872,874,909,912,2943,2616,2619,2620
1230,1819,2198,2200,1266,1193,1150,1225,1174,1216
1482,2469,1367,1668,1405,950,2051,1214,2124,2930
37,74,110,32,35,68,71,112,114,150
1239,1241,2967,1203,1204,1240,1276,1237,1277,1278
2472,2512,2471,2433,2550,2511,2547,2398,2959,2360
1115,1150,1194,1154,1192,1185,1155,1153,1148,1188
1669,1783,1744,1748,1785,1786,2051,1668,1405,1444
1061,1099,1292,1329,1098,1291,1367,1368,1254,1250
1235,1243,1197,1199,1196,1236,1239,1241,2967,1280
1205,1245,2943,1314,1239,1241,2967,1277,1278,1165
2666,2700,2739,2915,2912,2704,2661,2663,2740,2782
645,680,719,2125,2161,2128,2123,1438,1399,718
1077,1112,1075,2936,1114,1116,1110,1384,1071,1076
1668,1669,1670,1671,1672,2956,1634,1708,2011,2013
1815,1854,1738,1167,1473,1776,2947,1817,2994,1205
2149,2219,2104,2105,1037,2186,2150,2228,2188,2189
2131,2169,916,879,913,80,116,1940,1903,2168
609,647,648,686,649,651,3026,612,153,611
1174,2064,2408,998,2333,2372,2329,2370,2331,835
1125,1201,1089,1126,1127,1163,1199,1317,1354,1239
136,138,142,180,251,254,239,240,273,172
1596,2970,3030,1593,1290,1251,1252,1594,1254,1630
1823,1824,1861,1859,1862,1938,1557,1821,1558,2318
2540,2553,950,2938,682,2727,2729,2731,2556,2551
1661,1738,1054,1663,1055,1053,1701,1776,1737,1625
1486,1522,1255,1484,1713,1483,1449,1447,1448,1524
1175,1212,1213,1216,836,1177,873,1215,1250,1254
759,2124,2047,2163,1062,2048,2086,1061,1819,1025
189,300,263,265,225,379,188,227,224,151
1591,1592,1596,1667,1630,2989,1669,1593,1594,1705
2188,2189,2256,2260,2219,2179,2291,1954,2000,2149
795,1823,1139,1140,1178,3014,1861,1899,1859,1862
1075,1077,2936,1112,1110,1116,1114,1384,1146,1115
159,408,534,407,409,367,478,175,214,252
81,88,118,120,80,130,123,116,119,157
1148,1152,1154,1185,1192,1150,1416,1113,1384,1383
1270,1302,1075,2936,1070,1345,1264,1268,1035,1343
262,762,764,671,763,765,761,749,601,728
679,680,840,801,802,844,807,848,2485,2522
400,1011,2958,207,237,2995,542,440,473,510
376,378,263,265,2935,340,379,301,339,266
790,829,2272,2233,2234,2271,677,2575,2269,2235
931,932,896,1203,1204,1240,934,1242,898,899
2845,2887,2715,2793,2710,2830,2926,2714,2848,2849
682,684,643,607,646,683,642,680,645,679
288,289,327,329,364,365,253,366,255,2995
2491,2940,1200,1165,930,1171,927,2455,2534,2532
1995,2219,1685,1954,1691,2216,2180,2181,2952,1683
1697,2998,2941,1394,1390,1391,1392,709,673,1698
1668,1669,1706,1292,1328,1670,1671,1672,2956,1630
796,798,1063,1099,1097,757,760,720,681,832
1686,1687,1724,1688,1643,1645,1725,1726,1452,2217
797,873,1214,1215,1139,1251,1252,1140,1178,911
1049,1394,1239,1241,2967,1277,1278,1128,1281,1280
1291,1328,1253,1214,1251,1252,1292,986,1329,1330
988,1292,683,643,1291,684,682,1025,1062,1367
988,1024,1063,1064,1291,1062,1025,987,1101,1102
988,1063,1097,1062,1329,1098,1101,1102,1061,1292
2658,2696,1251,1252,1290,2619,2659,2660,2617,2697
153,191,231,267,533,495,192,571,270,230
1277,1278,1276,1239,1241,2967,1279,1316,1237,1274
75,225,263,265,340,378,379,304,71,112
988,1292,1405,1668,1291,1783,1330,1062,1329,1367
1124,1737,1691,2980,2945,1432,1433,1738,1158,1152
1940,2960,1978,1903,1941,1866,1901,1905,1942,1944
1253,3038,1291,1292,985,949,988,1024,1669,1290
1250,1254,2943,1253,873,1215,872,1175,1212,1288
1242,2909,2813,2852,2901,974,975,972,900,1239
796,1099,1063,1098,1101,1102,1062,1329,1064,1061
565,605,607,646,682,608,644,567,603,640
708,778,709,746,777,780,742,741,743,740
633,671,707,709,710,711,747,748,639,599
985,1292,1669,1062,1025,987,988,1367,1668,1706
136,159,175,214,252,176,2973,202,203,204
740,1011,1053,707,709,742,810,633,703,478
1072,1080,1073,1039,1114,1078,1040,1043,2949,1035
2366,2369,2371,2362,2325,2326,2327,2364,3015,2367
1034,1259,1230,1264,1268,1193,1262,1302,1270,1260
1861,1899,2239,2240,1823,1858,2201,2238,1821,3001
1292,1666,1669,1062,988,1025,1668,1367,1405,1706
1632,1668,3030,1251,1252,1634,1630,1670,1671,1672
797,835,836,1175,1212,833,834,798,1174,832
798,1214,1062,1061,836,1025,1329,1175,1212,492
851,885,922,924,847,883,921,884,881,886
263,265,379,264,303,378,454,417,340,302
19,25,54,34,69,28,14,22,33,26
275,291,292,312,328,348,3009,172,365,293
807,949,984,1022,987,1326,1400,2046,1249,1072
958,998,1177,1210,1228,960,1302,925,1211,829
117,120,164,126,163,165,166,3012,157,154
2850,2882,2884,2885,2886,2888,2918,2968,2807,2847
338,981,908,1285,1322,1246,1284,2271,678,602
872,910,1253,947,948,873,1215,986,871,1248
341,2619,836,873,1215,1177,1101,1102,1328,2620
1402,1744,1440,1745,1746,1747,1784,1062,1063,1442
951,1218,1225,1266,1255,1264,1268,1231,1229,1190
922,2256,2295,1150,1118,2294,2179,883,919,809
225,227,263,265,266,304,264,303,189,300
1277,1278,1279,1316,1276,1239,1241,2967,1237,1308
2545,2581,2695,2728,2689,2733,2773,2774,2769,2679
913,951,953,952,1028,2986,954,916,1977,2015
1809,2113,2114,1767,1235,2149,1771,967,2076,1772
2735,2828,2882,1251,1252,1250,2627,2318,2984,66
2509,2548,2549,2586,2587,2588,2589,2547,2395,2434
2512,2513,2478,2511,2475,2471,2433,2472,2395,2434
1188,1222,1224,1229,1230,1263,1225,1226,1261,1034
1279,1316,1317,1354,1315,1314,1011,1277,1278,973
1013,1086,1390,1391,1392,1051,1088,1049,1050,2941
789,853,1054,3029,824,825,859,891,850,1052
2515,2554,2557,2592,2593,2594,2597,2556,2595,2551
1245,2994,1282,1206,1244,1171,1246,1284,1247,1550
481,482,517,518,520,555,556,3017,1201,896
1442,2204,1745,1746,1747,1784,1440,1819,1854,2543
2270,2273,2269,1931,2614,1932,2271,1893,1246,2233
1406,1444,1748,1785,1786,1744,1405,1442,1367,1098
339,760,722,683,721,720,757,2938,2935,718
11,341,1249,379,340,105,2974,1340,197,218
263,265,264,303,379,340,378,301,302,225
1083,1700,1047,1082,1054,1045,1661,1122,1625,1243
1340,1342,1273,1306,1269,1309,1344,1302,1298,1262
14,16,17,20,2937,36,18,24,30,13
2619,2943,873,1215,1328,1249,1288,1287,2620,2694
1159,1425,1427,1161,1198,1163,1160,1428,1423,1424
1025,1062,1061,1100,836,1177,1364,66,70,18
1009,1305,1343,1345,1310,1073,1112,1340,1077,1301
2595,2597,2678,2939,2638,2679,2636,2557,2594,2634
811,849,807,844,848,842,270,153,495,192
1239,1241,2967,1203,1204,1240,1201,1202,1238,1242
1039,3038,1114,1078,1332,1323,1055,1054,1361,1245
1665,1703,1663,1661,1701,1698,1696,1128,1700,749
1557,1935,1937,1972,1976,2315,3030,1936,2970,1973
79,118,656,116,154,156,80,654,621,2029
1879,2132,2133,1522,1445,1867,1834,1833,2134,1878
37,38,69,74,75,110,71,112,114,150
378,2935,263,265,340,225,301,376,75,76
777,780,1011,707,709,741,742,671,1049,744
1183,1411,1222,1223,1220,1185,1188,1408,1410,1371
1351,1390,1391,1392,1394,1355,1315,1358,1313,778
159,160,282,200,201,278,281,316,276,161
14,16,17,20,54,2937,18,24,36,187
718,719,720,1062,1440,760,2163,681,757,756
1591,1974,1971,1593,2944,1553,1515,2008,907,1248
187,226,1213,1251,1252,1290,3030,795,341,2807
2565,2605,2644,2682,2642,2643,2604,2566,2525,2607
133,212,175,214,252,215,174,213,173,408
953,954,951,990,992,991,993,989,1030,994
2067,2104,2409,2107,2062,1840,2146,2070,2148,1001
350,422,275,311,351,3032,312,310,388,425
414,451,453,494,378,417,455,493,415,416
224,262,302,264,303,189,300,148,2957,187
459,2029,2058,460,2065,2102,2103,2144,2016,2105
651,657,661,621,688,658,660,691,694,659
760,1363,1401,1406,1100,1026,1783,1099,1402,758
1063,1098,1367,1329,1101,1102,1099,1062,1064,1406
1248,1286,1309,1280,3004,1358,1662,1666,1325,1549
1043,1078,1075,2936,1114,1118,1081,1079,1072,1045
79,120,124,154,116,80,94,279,467,654
2867,2872,1384,1385,1418,1008,1010,1327,1438,1741
422,2925,497,382,343,673,2897,2916,2920,2894
2543,2544,2545,2691,2580,2581,2475,2330,2439,1103
1210,1856,870,1172,2927,1514,1216,1855,1818,868
1181,1183,1220,1407,1409,1412,1408,3039,1411,1185
1202,1205,1235,1238,1274,2994,1161,1198,1163,1395
1724,1954,1686,1685,1728,2219,1731,1683,1682,1772
1213,1250,829,2271,1891,2575,1893,2310,870,2272
2313,2315,2316,2317,2318,2352,2354,1251,1252,2470
2009,2010,2086,3030,1670,1671,1672,2956,2011,2013
1669,3016,1596,1594,1668,1706,608,644,189,300
807,844,238,708,812,848,472,741,771,888
2471,2512,2478,2598,2475,2513,2601,2511,2433,2395
1861,2203,2163,2090,2127,2165,2124,1821,1823,759
2003,2118,2081,2041,2042,2038,2040,1919,1773,2002
2645,2724,2684,2685,2722,2682,2643,2726,2560,2687
1251,1252,1290,1291,1292,987,988,986,1024,1367
520,556,482,553,554,590,592,522,558,559
105,2880,1251,1252,1290,1289,1668,2882,2690,2689
384,2978,446,483,305,458,343,381,420,424
979,1017,1018,1016,788,942,2004,2752,2711,2740
1537,1574,1571,2949,1608,1493,1533,1460,1572,1459
225,304,264,303,263,265,302,301,189,300
1406,1442,1129,1130,1098,1063,1744,1097,1405,1444
1032,1216,1270,995,997,996,959,1177,3014,2578
1375,1383,1416,1379,1183,1337,1377,1367,1405,2545
1921,1956,1959,1961,1962,1998,1958,2946,1923,2002
2007,2046,2219,2264,2302,2648,2011,2013,2052,2048
414,1254,681,643,684,417,1364,682,872,451
2188,2189,2228,1885,2151,2190,2149,2227,2229,1887
1216,1270,1264,1268,1230,1032,1534,959,1299,1177
1444,1681,1748,1785,1786,1783,1744,1405,1406,1442
1324,1330,1629,1365,1326,1400,1782,1781,1742,1667
1389,1431,1390,1391,1392,1394,1351,1661,1738,2705
1205,1242,1203,1204,1240,1167,1206,1208,1211,836
1405,1440,1442,2161,1150,1329,1101,1102,1438,1061
1995,2076,1691,2036,1772,2258,1733,1734,1994,1697
2666,2751,2664,76,152,2933,30,18,24,36
896,898,859,861,893,934,897,560,1205,558
26,29,38,75,28,73,104,105,2552,2509
1213,1251,1252,1290,2696,3030,1557,1935,1937,1972
134,170,130,163,165,166,3012,131,132,168
758,1860,1744,1442,1709,2161,1822,2085,2128,1816
