,loc1,loc2,loc3,loc4,loc5,loc6,loc7,loc8,loc9,loc10,num_nulls
1,134,134,134,134,134,134,134,134,134,134,6
2,782,782,782,782,782,782,782,782,782,782,6
3,1705,2124,1705,2124,1705,2124,1705,2124,1705,2124,5
4,53,91,53,91,53,91,53,91,53,91,5
5,1441,1441,1441,1441,1441,1441,1441,1441,1441,1441,6
6,2598,2598,2598,2598,2598,2598,2598,2598,2598,2598,6
7,259,259,259,259,259,259,259,259,259,259,6
8,114,114,114,114,114,114,114,114,114,114,6
9,1255,1255,1255,1255,1255,1255,1255,1255,1255,1255,6
10,34,34,34,34,34,34,34,34,34,34,6
11,796,796,796,796,796,796,796,796,796,796,6
12,1201,1203,1204,1201,1203,1204,1201,1203,1204,1201,4
13,1153,1153,1153,1153,1153,1153,1153,1153,1153,1153,6
14,2798,2798,2798,2798,2798,2798,2798,2798,2798,2798,6
15,187,226,187,226,187,226,187,226,187,226,5
16,2890,2890,2890,2890,2890,2890,2890,2890,2890,2890,6
17,1288,2944,1288,2944,1288,2944,1288,2944,1288,2944,5
18,1184,1184,1184,1184,1184,1184,1184,1184,1184,1184,6
19,1112,1112,1112,1112,1112,1112,1112,1112,1112,1112,6
20,79,79,79,79,79,79,79,79,79,79,6
21,1071,1071,1071,1071,1071,1071,1071,1071,1071,1071,6
22,1364,1364,1364,1364,1364,1364,1364,1364,1364,1364,6
23,1442,1442,1442,1442,1442,1442,1442,1442,1442,1442,6
24,2650,2650,2650,2650,2650,2650,2650,2650,2650,2650,6
25,34,74,34,74,34,74,34,74,34,74,5
26,60,60,60,60,60,60,60,60,60,60,6
27,237,237,237,237,237,237,237,237,237,237,6
28,1059,1059,1059,1059,1059,1059,1059,1059,1059,1059,6
29,2719,2756,2719,2756,2719,2756,2719,2756,2719,2756,5
30,1191,1226,1191,1226,1191,1226,1191,1226,1191,1226,5
31,958,958,958,958,958,958,958,958,958,958,6
32,2875,2875,2875,2875,2875,2875,2875,2875,2875,2875,6
33,976,976,976,976,976,976,976,976,976,976,6
34,2219,2219,2219,2219,2219,2219,2219,2219,2219,2219,6
35,417,417,417,417,417,417,417,417,417,417,6
36,421,500,421,500,421,500,421,500,421,500,5
37,493,494,532,493,494,532,493,494,532,493,4
38,1177,1177,1177,1177,1177,1177,1177,1177,1177,1177,6
39,1402,1402,1402,1402,1402,1402,1402,1402,1402,1402,6
40,2551,2551,2551,2551,2551,2551,2551,2551,2551,2551,6
41,2691,2692,2691,2692,2691,2692,2691,2692,2691,2692,5
42,1115,1115,1115,1115,1115,1115,1115,1115,1115,1115,6
43,1593,1593,1593,1593,1593,1593,1593,1593,1593,1593,6
44,840,840,840,840,840,840,840,840,840,840,6
45,1107,1107,1107,1107,1107,1107,1107,1107,1107,1107,6
46,3008,3008,3008,3008,3008,3008,3008,3008,3008,3008,6
47,1017,1017,1017,1017,1017,1017,1017,1017,1017,1017,6
48,2941,2941,2941,2941,2941,2941,2941,2941,2941,2941,6
49,1735,1772,1735,1772,1735,1772,1735,1772,1735,1772,5
50,1121,1121,1121,1121,1121,1121,1121,1121,1121,1121,6
51,2807,2807,2807,2807,2807,2807,2807,2807,2807,2807,6
52,37,37,37,37,37,37,37,37,37,37,6
53,774,825,774,825,774,825,774,825,774,825,5
54,437,437,437,437,437,437,437,437,437,437,6
55,646,646,646,646,646,646,646,646,646,646,6
56,54,54,54,54,54,54,54,54,54,54,6
57,1394,1394,1394,1394,1394,1394,1394,1394,1394,1394,6
58,1251,1251,1251,1251,1251,1251,1251,1251,1251,1251,6
59,1916,1916,1916,1916,1916,1916,1916,1916,1916,1916,6
60,438,438,438,438,438,438,438,438,438,438,6
61,2654,2654,2654,2654,2654,2654,2654,2654,2654,2654,6
62,690,690,690,690,690,690,690,690,690,690,6
63,173,173,173,173,173,173,173,173,173,173,6
64,1885,1885,1885,1885,1885,1885,1885,1885,1885,1885,6
65,436,467,469,436,467,469,436,467,469,467,4
66,74,74,74,74,74,74,74,74,74,74,6
67,1954,1954,1954,1954,1954,1954,1954,1954,1954,1954,6
68,2589,2627,2589,2627,2589,2627,2589,2627,2589,2627,5
69,1292,1292,1292,1292,1292,1292,1292,1292,1292,1292,6
70,2724,2724,2724,2724,2724,2724,2724,2724,2724,2724,6
71,265,265,265,265,265,265,265,265,265,265,6
72,1744,1744,1744,1744,1744,1744,1744,1744,1744,1744,6
73,210,210,210,210,210,210,210,210,210,210,6
74,1245,1245,1245,1245,1245,1245,1245,1245,1245,1245,6
75,1668,1671,1668,1671,1668,1671,1668,1671,1668,1671,5
76,2600,2600,2600,2600,2600,2600,2600,2600,2600,2600,6
77,2693,2693,2693,2693,2693,2693,2693,2693,2693,2693,6
78,956,1037,956,1037,956,1037,956,1037,956,1037,5
79,1020,1020,1020,1020,1020,1020,1020,1020,1020,1020,6
80,2873,2876,2873,2876,2873,2876,2873,2876,2873,2876,5
81,1155,1155,1155,1155,1155,1155,1155,1155,1155,1155,6
82,1009,1009,1009,1009,1009,1009,1009,1009,1009,1009,6
83,1114,1114,1114,1114,1114,1114,1114,1114,1114,1114,6
84,229,305,229,305,229,305,229,305,229,305,5
85,1329,1329,1329,1329,1329,1329,1329,1329,1329,1329,6
86,1345,1345,1345,1345,1345,1345,1345,1345,1345,1345,6
87,118,118,118,118,118,118,118,118,118,118,6
88,954,954,954,954,954,954,954,954,954,954,6
89,238,238,238,238,238,238,238,238,238,238,6
90,1250,1250,1250,1250,1250,1250,1250,1250,1250,1250,6
91,88,88,88,88,88,88,88,88,88,88,6
92,185,185,185,185,185,185,185,185,185,185,6
93,989,992,1028,989,992,1028,989,992,1028,1028,4
94,2279,2318,2279,2318,2279,2318,2279,2318,2279,2318,5
95,722,722,722,722,722,722,722,722,722,722,6
96,712,712,712,712,712,712,712,712,712,712,6
97,1668,1671,1668,1671,1668,1671,1668,1671,1668,1671,5
98,2939,2939,2939,2939,2939,2939,2939,2939,2939,2939,6
99,998,998,998,998,998,998,998,998,998,998,6
100,1634,1634,1634,1634,1634,1634,1634,1634,1634,1634,6
101,2648,2648,2648,2648,2648,2648,2648,2648,2648,2648,6
102,1291,1291,1291,1291,1291,1291,1291,1291,1291,1291,6
103,1329,1330,1329,1330,1329,1330,1329,1330,1329,1330,5
104,414,414,414,414,414,414,414,414,414,414,6
105,150,150,150,150,150,150,150,150,150,150,6
106,1181,1181,1181,1181,1181,1181,1181,1181,1181,1181,6
107,164,164,164,164,164,164,164,164,164,164,6
108,3016,3016,3016,3016,3016,3016,3016,3016,3016,3016,6
109,1181,1181,1181,1181,1181,1181,1181,1181,1181,1181,6
110,1634,1634,1634,1634,1634,1634,1634,1634,1634,1634,6
111,1115,1150,1115,1150,1115,1150,1115,1150,1115,1150,5
112,875,875,875,875,875,875,875,875,875,875,6
113,1252,1252,1252,1252,1252,1252,1252,1252,1252,1252,6
114,172,172,172,172,172,172,172,172,172,172,6
115,1663,1663,1663,1663,1663,1663,1663,1663,1663,1663,6
116,1183,1183,1183,1183,1183,1183,1183,1183,1183,1183,6
117,1049,1049,1049,1049,1049,1049,1049,1049,1049,1049,6
118,2557,2594,2557,2594,2557,2594,2557,2594,2557,2594,5
119,1163,1163,1163,1163,1163,1163,1163,1163,1163,1163,6
120,2320,2320,2320,2320,2320,2320,2320,2320,2320,2320,6
121,1115,1196,1115,1196,1115,1196,1115,1196,1115,1196,5
122,1405,1405,1405,1405,1405,1405,1405,1405,1405,1405,6
123,1091,1091,1091,1091,1091,1091,1091,1091,1091,1091,6
124,1181,1181,1181,1181,1181,1181,1181,1181,1181,1181,6
125,1738,1738,1738,1738,1738,1738,1738,1738,1738,1738,6
126,130,166,130,166,130,166,130,166,130,166,5
127,2989,2989,2989,2989,2989,2989,2989,2989,2989,2989,6
128,645,684,645,684,645,684,645,684,645,684,5
129,1071,1110,1071,1110,1071,1110,1071,1110,1071,1110,5
130,1076,1114,1076,1114,1076,1114,1076,1114,1076,1114,5
131,958,958,958,958,958,958,958,958,958,958,6
132,111,111,111,111,111,111,111,111,111,111,6
133,782,1353,782,1353,782,1353,782,1353,782,1353,5
134,912,2658,2659,2660,2696,912,2658,2659,2660,2696,2
135,263,263,263,263,263,263,263,263,263,263,6
136,1251,1251,1251,1251,1251,1251,1251,1251,1251,1251,6
137,1402,1402,1402,1402,1402,1402,1402,1402,1402,1402,6
138,2550,2550,2550,2550,2550,2550,2550,2550,2550,2550,6
139,2315,2315,2315,2315,2315,2315,2315,2315,2315,2315,6
140,1995,1996,1995,1996,1995,1996,1995,1996,1995,1996,5
141,682,682,682,682,682,682,682,682,682,682,6
142,1125,1125,1125,1125,1125,1125,1125,1125,1125,1125,6
143,808,808,808,808,808,808,808,808,808,808,6
144,975,975,975,975,975,975,975,975,975,975,6
145,1823,1823,1823,1823,1823,1823,1823,1823,1823,1823,6
146,569,569,569,569,569,569,569,569,569,569,6
147,1128,1128,1128,1128,1128,1128,1128,1128,1128,1128,6
148,2597,2939,2597,2939,2597,2939,2597,2939,2597,2939,5
149,749,749,749,749,749,749,749,749,749,749,6
150,1292,1292,1292,1292,1292,1292,1292,1292,1292,1292,6
151,114,114,114,114,114,114,114,114,114,114,6
152,760,760,760,760,760,760,760,760,760,760,6
153,645,680,645,680,645,680,645,680,645,680,5
154,807,807,807,807,807,807,807,807,807,807,6
155,1203,1204,1203,1204,1203,1204,1203,1204,1203,1204,5
156,988,988,988,988,988,988,988,988,988,988,6
157,988,988,988,988,988,988,988,988,988,988,6
158,798,798,798,798,798,798,798,798,798,798,6
159,1251,1251,1251,1251,1251,1251,1251,1251,1251,1251,6
160,709,709,709,709,709,709,709,709,709,709,6
161,1593,1630,1593,1630,1593,1630,1593,1630,1593,1630,5
162,1321,1321,1321,1321,1321,1321,1321,1321,1321,1321,6
163,1706,1706,1706,1706,1706,1706,1706,1706,1706,1706,6
164,1252,1252,1252,1252,1252,1252,1252,1252,1252,1252,6
165,1558,1558,1558,1558,1558,1558,1558,1558,1558,1558,6
166,161,161,161,161,161,161,161,161,161,161,6
167,1402,1402,1402,1402,1402,1402,1402,1402,1402,1402,6
168,1067,1067,1067,1067,1067,1067,1067,1067,1067,1067,6
169,538,538,538,538,538,538,538,538,538,538,6
170,3030,3030,3030,3030,3030,3030,3030,3030,3030,3030,6
171,2875,2875,2875,2875,2875,2875,2875,2875,2875,2875,6
172,570,570,570,570,570,570,570,570,570,570,6
173,1232,1232,1232,1232,1232,1232,1232,1232,1232,1232,6
174,2767,2767,2767,2767,2767,2767,2767,2767,2767,2767,6
175,364,365,364,365,364,365,364,365,364,365,5
176,2485,2485,2485,2485,2485,2485,2485,2485,2485,2485,6
177,2567,2606,2567,2606,2567,2606,2567,2606,2567,2606,5
178,2733,2733,2733,2733,2733,2733,2733,2733,2733,2733,6
179,988,988,988,988,988,988,988,988,988,988,6
180,108,108,108,108,108,108,108,108,108,108,6
181,38,38,38,38,38,38,38,38,38,38,6
182,2015,2015,2015,2015,2015,2015,2015,2015,2015,2015,6
183,1683,1683,1683,1683,1683,1683,1683,1683,1683,1683,6
184,3030,3030,3030,3030,3030,3030,3030,3030,3030,3030,6
185,985,985,985,985,985,985,985,985,985,985,6
186,1315,1315,1315,1315,1315,1315,1315,1315,1315,1315,6
187,1090,1090,1090,1090,1090,1090,1090,1090,1090,1090,6
188,163,204,3012,163,204,3012,163,204,3012,204,4
189,1027,1027,1027,1027,1027,1027,1027,1027,1027,1027,6
190,1130,1130,1130,1130,1130,1130,1130,1130,1130,1130,6
191,1480,1480,1480,1480,1480,1480,1480,1480,1480,1480,6
192,494,532,494,532,494,532,494,532,494,532,5
193,988,1025,1062,988,1025,1062,988,1025,1062,988,4
194,1055,1091,1055,1091,1055,1091,1055,1091,1055,1091,5
195,1270,1270,1270,1270,1270,1270,1270,1270,1270,1270,6
196,1148,1226,1148,1226,1148,1226,1148,1226,1148,1226,5
197,1125,1125,1125,1125,1125,1125,1125,1125,1125,1125,6
198,556,556,556,556,556,556,556,556,556,556,6
199,2626,2626,2626,2626,2626,2626,2626,2626,2626,2626,6
200,2485,2561,2485,2561,2485,2561,2485,2561,2485,2561,5
201,1319,1319,1319,1319,1319,1319,1319,1319,1319,1319,6
202,2281,2281,2281,2281,2281,2281,2281,2281,2281,2281,6
203,2885,2885,2885,2885,2885,2885,2885,2885,2885,2885,6
204,1292,1292,1292,1292,1292,1292,1292,1292,1292,1292,6
205,1125,1125,1125,1125,1125,1125,1125,1125,1125,1125,6
206,647,688,647,688,647,688,647,688,647,688,5
207,2678,2678,2678,2678,2678,2678,2678,2678,2678,2678,6
208,414,414,414,414,414,414,414,414,414,414,6
209,1167,1167,1167,1167,1167,1167,1167,1167,1167,1167,6
210,2920,2920,2920,2920,2920,2920,2920,2920,2920,2920,6
211,2677,2678,2677,2678,2677,2678,2677,2678,2677,2678,5
212,303,414,2935,303,414,2935,303,414,2935,303,4
213,541,541,541,541,541,541,541,541,541,541,6
214,263,263,263,263,263,263,263,263,263,263,6
215,1277,1277,1277,1277,1277,1277,1277,1277,1277,1277,6
216,2645,2647,2645,2647,2645,2647,2645,2647,2645,2647,5
217,654,654,654,654,654,654,654,654,654,654,6
218,1252,1252,1252,1252,1252,1252,1252,1252,1252,1252,6
219,1053,1053,1053,1053,1053,1053,1053,1053,1053,1053,6
220,172,172,172,172,172,172,172,172,172,172,6
221,1099,1099,1099,1099,1099,1099,1099,1099,1099,1099,6
222,680,680,680,680,680,680,680,680,680,680,6
223,1123,1123,1123,1123,1123,1123,1123,1123,1123,1123,6
224,2659,2660,2659,2660,2659,2660,2659,2660,2659,2660,5
225,2182,2182,2182,2182,2182,2182,2182,2182,2182,2182,6
226,2749,2749,2749,2749,2749,2749,2749,2749,2749,2749,6
227,896,896,896,896,896,896,896,896,896,896,6
228,341,341,341,341,341,341,341,341,341,341,6
229,1056,1056,1056,1056,1056,1056,1056,1056,1056,1056,6
230,1062,1062,1062,1062,1062,1062,1062,1062,1062,1062,6
231,1230,1230,1230,1230,1230,1230,1230,1230,1230,1230,6
232,38,38,38,38,38,38,38,38,38,38,6
233,2974,2974,2974,2974,2974,2974,2974,2974,2974,2974,6
234,1916,1916,1916,1916,1916,1916,1916,1916,1916,1916,6
235,2412,2412,2412,2412,2412,2412,2412,2412,2412,2412,6
236,803,839,803,839,803,839,803,839,803,839,5
237,1751,1751,1751,1751,1751,1751,1751,1751,1751,1751,6
238,989,989,989,989,989,989,989,989,989,989,6
239,1558,1558,1558,1558,1558,1558,1558,1558,1558,1558,6
240,263,342,263,342,263,342,263,342,263,342,5
241,1103,2169,2209,1103,2169,2209,1103,2169,2209,1103,4
242,427,429,427,429,427,429,427,429,427,429,5
243,407,407,407,407,407,407,407,407,407,407,6
244,1329,1330,1329,1330,1329,1330,1329,1330,1329,1330,5
245,754,754,754,754,754,754,754,754,754,754,6
246,2625,2625,2625,2625,2625,2625,2625,2625,2625,2625,6
247,2996,2996,2996,2996,2996,2996,2996,2996,2996,2996,6
248,494,494,494,494,494,494,494,494,494,494,6
249,1218,1219,1460,1218,1219,1460,1218,1219,1460,1219,4
250,2015,2015,2015,2015,2015,2015,2015,2015,2015,2015,6
251,1739,1739,1739,1739,1739,1739,1739,1739,1739,1739,6
252,1215,1215,1215,1215,1215,1215,1215,1215,1215,1215,6
253,1292,1292,1292,1292,1292,1292,1292,1292,1292,1292,6
254,1010,1010,1010,1010,1010,1010,1010,1010,1010,1010,6
255,2081,2081,2081,2081,2081,2081,2081,2081,2081,2081,6
256,1253,1253,1253,1253,1253,1253,1253,1253,1253,1253,6
257,2567,2606,2567,2606,2567,2606,2567,2606,2567,2606,5
258,1015,1015,1015,1015,1015,1015,1015,1015,1015,1015,6
259,1291,1291,1291,1291,1291,1291,1291,1291,1291,1291,6
260,1962,1962,1962,1962,1962,1962,1962,1962,1962,1962,6
261,2260,2260,2260,2260,2260,2260,2260,2260,2260,2260,6
262,1110,1650,1959,1998,1650,1998,1110,1650,1959,1998,3
263,951,951,951,951,951,951,951,951,951,951,6
264,32,36,32,36,32,36,32,36,32,36,5
265,2113,2114,2113,2114,2113,2114,2113,2114,2113,2114,5
266,658,658,658,658,658,658,658,658,658,658,6
267,607,607,607,607,607,607,607,607,607,607,6
268,147,147,147,147,147,147,147,147,147,147,6
269,2646,2646,2646,2646,2646,2646,2646,2646,2646,2646,6
270,1028,1028,1028,1028,1028,1028,1028,1028,1028,1028,6
271,2728,2730,2728,2730,2728,2730,2728,2730,2728,2730,5
272,2048,2048,2048,2048,2048,2048,2048,2048,2048,2048,6
273,1965,1965,1965,1965,1965,1965,1965,1965,1965,1965,6
274,619,682,619,682,619,682,619,682,619,682,5
275,1939,2244,1939,2244,1939,2244,1939,2244,1939,2244,5
276,2131,2131,2131,2131,2131,2131,2131,2131,2131,2131,6
277,222,222,222,222,222,222,222,222,222,222,6
278,636,636,636,636,636,636,636,636,636,636,6
279,747,748,824,883,747,824,747,748,824,883,3
280,768,768,768,768,768,768,768,768,768,768,6
281,1097,1097,1097,1097,1097,1097,1097,1097,1097,1097,6
282,2989,2989,2989,2989,2989,2989,2989,2989,2989,2989,6
283,364,365,364,365,364,365,364,365,364,365,5
284,3029,3029,3029,3029,3029,3029,3029,3029,3029,3029,6
285,988,988,988,988,988,988,988,988,988,988,6
286,1245,1245,1245,1245,1245,1245,1245,1245,1245,1245,6
287,1077,1077,1077,1077,1077,1077,1077,1077,1077,1077,6
288,1025,1062,1025,1062,1025,1062,1025,1062,1025,1062,5
289,270,270,270,270,270,270,270,270,270,270,6
290,951,951,951,951,951,951,951,951,951,951,6
291,1733,1734,1772,1733,1734,1772,1733,1734,1772,1733,4
292,1129,1129,1129,1129,1129,1129,1129,1129,1129,1129,6
293,1035,1035,1035,1035,1035,1035,1035,1035,1035,1035,6
294,1028,1028,1028,1028,1028,1028,1028,1028,1028,1028,6
295,847,847,847,847,847,847,847,847,847,847,6
296,1077,1077,1077,1077,1077,1077,1077,1077,1077,1077,6
297,1181,1181,1181,1181,1181,1181,1181,1181,1181,1181,6
298,1668,1671,1672,2956,1671,2956,1668,1671,1672,2956,3
299,1353,1353,1353,1353,1353,1353,1353,1353,1353,1353,6
300,683,683,683,683,683,683,683,683,683,683,6
301,1075,2936,1075,2936,1075,2936,1075,2936,1075,2936,5
302,2299,2299,2299,2299,2299,2299,2299,2299,2299,2299,6
303,1174,1174,1174,1174,1174,1174,1174,1174,1174,1174,6
304,3016,3016,3016,3016,3016,3016,3016,3016,3016,3016,6
305,2619,2619,2619,2619,2619,2619,2619,2619,2619,2619,6
306,1125,1199,1125,1199,1125,1199,1125,1199,1125,1199,5
307,1128,1128,1128,1128,1128,1128,1128,1128,1128,1128,6
308,378,378,378,378,378,378,378,378,378,378,6
309,1252,1252,1252,1252,1252,1252,1252,1252,1252,1252,6
310,1228,1230,1228,1230,1228,1230,1228,1230,1228,1230,5
311,1939,1939,1939,1939,1939,1939,1939,1939,1939,1939,6
312,341,341,341,341,341,341,341,341,341,341,6
313,1047,1047,1047,1047,1047,1047,1047,1047,1047,1047,6
314,1134,1134,1134,1134,1134,1134,1134,1134,1134,1134,6
315,682,682,682,682,682,682,682,682,682,682,6
316,1205,1205,1205,1205,1205,1205,1205,1205,1205,1205,6
317,690,690,690,690,690,690,690,690,690,690,6
318,1273,1273,1273,1273,1273,1273,1273,1273,1273,1273,6
319,1965,1965,1965,1965,1965,1965,1965,1965,1965,1965,6
320,1064,1064,1064,1064,1064,1064,1064,1064,1064,1064,6
321,1193,1193,1193,1193,1193,1193,1193,1193,1193,1193,6
322,193,193,193,193,193,193,193,193,193,193,6
323,2631,2631,2631,2631,2631,2631,2631,2631,2631,2631,6
324,683,683,683,683,683,683,683,683,683,683,6
325,1230,1230,1230,1230,1230,1230,1230,1230,1230,1230,6
326,2209,2209,2209,2209,2209,2209,2209,2209,2209,2209,6
327,2947,2947,2947,2947,2947,2947,2947,2947,2947,2947,6
328,1027,1027,1027,1027,1027,1027,1027,1027,1027,1027,6
329,1077,1077,1077,1077,1077,1077,1077,1077,1077,1077,6
330,417,418,417,418,417,418,417,418,417,418,5
331,1215,1215,1215,1215,1215,1215,1215,1215,1215,1215,6
332,32,32,32,32,32,32,32,32,32,32,6
333,1120,1120,1120,1120,1120,1120,1120,1120,1120,1120,6
334,713,713,713,713,713,713,713,713,713,713,6
335,1995,2076,2299,2338,2076,2338,1995,2076,2299,2338,3
336,273,273,273,273,273,273,273,273,273,273,6
337,988,988,988,988,988,988,988,988,988,988,6
338,2256,2256,2256,2256,2256,2256,2256,2256,2256,2256,6
339,642,642,642,642,642,642,642,642,642,642,6
340,1140,1140,1140,1140,1140,1140,1140,1140,1140,1140,6
341,1028,1028,1028,1028,1028,1028,1028,1028,1028,1028,6
342,2081,2081,2081,2081,2081,2081,2081,2081,2081,2081,6
343,2221,2221,2221,2221,2221,2221,2221,2221,2221,2221,6
344,1367,1367,1367,1367,1367,1367,1367,1367,1367,1367,6
345,630,630,630,630,630,630,630,630,630,630,6
346,1325,1325,1325,1325,1325,1325,1325,1325,1325,1325,6
347,1049,1049,1049,1049,1049,1049,1049,1049,1049,1049,6
348,1062,1062,1062,1062,1062,1062,1062,1062,1062,1062,6
349,374,374,374,374,374,374,374,374,374,374,6
350,1150,1150,1150,1150,1150,1150,1150,1150,1150,1150,6
351,206,206,206,206,206,206,206,206,206,206,6
352,1130,1130,1130,1130,1130,1130,1130,1130,1130,1130,6
353,900,900,900,900,900,900,900,900,900,900,6
354,1317,1354,1317,1354,1317,1354,1317,1354,1317,1354,5
355,675,675,675,675,675,675,675,675,675,675,6
356,1099,1099,1099,1099,1099,1099,1099,1099,1099,1099,6
357,1252,1252,1252,1252,1252,1252,1252,1252,1252,1252,6
358,517,517,517,517,517,517,517,517,517,517,6
359,1245,1245,1245,1245,1245,1245,1245,1245,1245,1245,6
360,1078,1078,1078,1078,1078,1078,1078,1078,1078,1078,6
361,517,517,517,517,517,517,517,517,517,517,6
362,2693,2693,2693,2693,2693,2693,2693,2693,2693,2693,6
363,417,417,417,417,417,417,417,417,417,417,6
364,263,263,263,263,263,263,263,263,263,263,6
365,2173,2210,2173,2210,2173,2210,2173,2210,2173,2210,5
366,3008,3008,3008,3008,3008,3008,3008,3008,3008,3008,6
367,1916,1916,1916,1916,1916,1916,1916,1916,1916,1916,6
368,1685,1685,1685,1685,1685,1685,1685,1685,1685,1685,6
369,1140,1140,1140,1140,1140,1140,1140,1140,1140,1140,6
370,1139,1178,1139,1178,1139,1178,1139,1178,1139,1178,5
371,340,340,340,340,340,340,340,340,340,340,6
372,1065,1065,1065,1065,1065,1065,1065,1065,1065,1065,6
373,1424,1424,1424,1424,1424,1424,1424,1424,1424,1424,6
374,804,804,804,804,804,804,804,804,804,804,6
375,2064,2064,2064,2064,2064,2064,2064,2064,2064,2064,6
376,640,640,640,640,640,640,640,640,640,640,6
377,417,417,417,417,417,417,417,417,417,417,6
378,206,206,206,206,206,206,206,206,206,206,6
379,1120,1120,1120,1120,1120,1120,1120,1120,1120,1120,6
380,788,788,788,788,788,788,788,788,788,788,6
381,784,784,784,784,784,784,784,784,784,784,6
382,114,114,114,114,114,114,114,114,114,114,6
383,1042,1042,1042,1042,1042,1042,1042,1042,1042,1042,6
384,1250,1250,1250,1250,1250,1250,1250,1250,1250,1250,6
385,766,766,766,766,766,766,766,766,766,766,6
386,709,2941,709,2941,709,2941,709,2941,709,2941,5
387,684,684,684,684,684,684,684,684,684,684,6
388,1146,1146,1146,1146,1146,1146,1146,1146,1146,1146,6
389,187,189,226,187,189,226,187,189,226,189,4
390,1153,1153,1153,1153,1153,1153,1153,1153,1153,1153,6
391,2124,2124,2124,2124,2124,2124,2124,2124,2124,2124,6
392,749,749,749,749,749,749,749,749,749,749,6
393,1230,1230,1230,1230,1230,1230,1230,1230,1230,1230,6
394,646,684,3016,646,684,3016,646,684,3016,3016,4
395,3030,3030,3030,3030,3030,3030,3030,3030,3030,3030,6
396,1253,1253,1253,1253,1253,1253,1253,1253,1253,1253,6
397,38,2937,38,2937,38,2937,38,2937,38,2937,5
398,1063,1102,1063,1102,1063,1102,1063,1102,1063,1102,5
399,709,709,709,709,709,709,709,709,709,709,6
400,1025,1062,1025,1062,1025,1062,1025,1062,1025,1062,5
401,1169,1169,1169,1169,1169,1169,1169,1169,1169,1169,6
402,1861,1861,1861,1861,1861,1861,1861,1861,1861,1861,6
403,769,769,769,769,769,769,769,769,769,769,6
404,2790,2790,2790,2790,2790,2790,2790,2790,2790,2790,6
405,1691,1691,1691,1691,1691,1691,1691,1691,1691,1691,6
406,913,913,913,913,913,913,913,913,913,913,6
407,760,760,760,760,760,760,760,760,760,760,6
408,61,61,61,61,61,61,61,61,61,61,6
409,523,523,523,523,523,523,523,523,523,523,6
410,1167,1167,1167,1167,1167,1167,1167,1167,1167,1167,6
411,2227,2227,2227,2227,2227,2227,2227,2227,2227,2227,6
412,491,491,491,491,491,491,491,491,491,491,6
413,1040,1040,1040,1040,1040,1040,1040,1040,1040,1040,6
414,1634,1634,1634,1634,1634,1634,1634,1634,1634,1634,6
415,2885,2885,2885,2885,2885,2885,2885,2885,2885,2885,6
416,157,157,157,157,157,157,157,157,157,157,6
417,836,836,836,836,836,836,836,836,836,836,6
418,1037,1037,1037,1037,1037,1037,1037,1037,1037,1037,6
419,14,14,14,14,14,14,14,14,14,14,6
420,2625,2625,2625,2625,2625,2625,2625,2625,2625,2625,6
421,1063,1063,1063,1063,1063,1063,1063,1063,1063,1063,6
422,522,522,522,522,522,522,522,522,522,522,6
423,263,342,263,342,263,342,263,342,263,342,5
424,3038,3038,3038,3038,3038,3038,3038,3038,3038,3038,6
425,153,153,153,153,153,153,153,153,153,153,6
426,801,801,801,801,801,801,801,801,801,801,6
427,2243,2243,2243,2243,2243,2243,2243,2243,2243,2243,6
428,1205,1205,1205,1205,1205,1205,1205,1205,1205,1205,6
429,1668,1671,1672,2013,2956,1668,1671,1672,2013,2956,2
430,518,518,518,518,518,518,518,518,518,518,6
431,2619,2619,2619,2619,2619,2619,2619,2619,2619,2619,6
432,828,828,828,828,828,828,828,828,828,828,6
433,1405,1406,1748,1785,1786,1405,1406,1748,1785,1786,2
434,1431,1470,1810,1811,1470,1810,1431,1470,1810,1811,3
435,1240,1240,1240,1240,1240,1240,1240,1240,1240,1240,6
436,286,324,286,324,286,324,286,324,286,324,5
437,1242,1242,1242,1242,1242,1242,1242,1242,1242,1242,6
438,1115,1150,1115,1150,1115,1150,1115,1150,1115,1150,5
439,986,986,986,986,986,986,986,986,986,986,6
440,265,265,265,265,265,265,265,265,265,265,6
441,951,951,951,951,951,951,951,951,951,951,6
442,1083,1965,1083,1965,1083,1965,1083,1965,1083,1965,5
443,1255,1522,1255,1522,1255,1522,1255,1522,1255,1522,5
444,1291,1291,1291,1291,1291,1291,1291,1291,1291,1291,6
445,2382,2382,2382,2382,2382,2382,2382,2382,2382,2382,6
446,2407,2407,2407,2407,2407,2407,2407,2407,2407,2407,6
447,341,491,341,491,341,491,341,491,341,491,5
448,1253,1253,1253,1253,1253,1253,1253,1253,1253,1253,6
449,1012,1012,1012,1012,1012,1012,1012,1012,1012,1012,6
450,1282,1282,1282,1282,1282,1282,1282,1282,1282,1282,6
451,1065,1065,1065,1065,1065,1065,1065,1065,1065,1065,6
452,1213,1213,1213,1213,1213,1213,1213,1213,1213,1213,6
453,1328,1328,1328,1328,1328,1328,1328,1328,1328,1328,6
454,2366,2369,2366,2369,2366,2369,2366,2369,2366,2369,5
455,364,365,364,365,364,365,364,365,364,365,5
456,529,567,529,567,529,567,529,567,529,567,5
457,517,517,517,517,517,517,517,517,517,517,6
458,2015,2015,2015,2015,2015,2015,2015,2015,2015,2015,6
459,1091,1091,1091,1091,1091,1091,1091,1091,1091,1091,6
460,709,709,709,709,709,709,709,709,709,709,6
461,709,2941,709,2941,709,2941,709,2941,709,2941,5
462,61,61,61,61,61,61,61,61,61,61,6
463,1091,1091,1091,1091,1091,1091,1091,1091,1091,1091,6
464,2633,2633,2633,2633,2633,2633,2633,2633,2633,2633,6
465,223,223,223,223,223,223,223,223,223,223,6
466,689,689,689,689,689,689,689,689,689,689,6
467,2943,2943,2943,2943,2943,2943,2943,2943,2943,2943,6
468,2015,2015,2015,2015,2015,2015,2015,2015,2015,2015,6
469,306,306,306,306,306,306,306,306,306,306,6
470,1217,1217,1217,1217,1217,1217,1217,1217,1217,1217,6
471,1153,1153,1153,1153,1153,1153,1153,1153,1153,1153,6
472,1001,1001,1001,1001,1001,1001,1001,1001,1001,1001,6
473,1196,1196,1196,1196,1196,1196,1196,1196,1196,1196,6
474,1364,1364,1364,1364,1364,1364,1364,1364,1364,1364,6
475,804,804,804,804,804,804,804,804,804,804,6
476,960,960,960,960,960,960,960,960,960,960,6
477,789,789,789,789,789,789,789,789,789,789,6
478,1887,1887,1887,1887,1887,1887,1887,1887,1887,1887,6
479,2605,2605,2605,2605,2605,2605,2605,2605,2605,2605,6
480,843,843,843,843,843,843,843,843,843,843,6
481,788,788,788,788,788,788,788,788,788,788,6
482,1668,1668,1668,1668,1668,1668,1668,1668,1668,1668,6
483,417,645,417,645,417,645,417,645,417,645,5
484,1391,1394,1391,1394,1391,1394,1391,1394,1391,1394,5
485,1668,1671,1668,1671,1668,1671,1668,1671,1668,1671,5
486,896,896,896,896,896,896,896,896,896,896,6
487,910,910,910,910,910,910,910,910,910,910,6
488,1226,1226,1226,1226,1226,1226,1226,1226,1226,1226,6
489,1555,1556,1557,3030,1555,3030,1555,1556,1557,3030,3
490,572,572,572,572,572,572,572,572,572,572,6
491,1062,1062,1062,1062,1062,1062,1062,1062,1062,1062,6
492,340,340,340,340,340,340,340,340,340,340,6
493,807,2480,2481,807,2480,2481,807,2480,2481,807,4
494,1145,1146,1145,1146,1145,1146,1145,1146,1145,1146,5
495,1452,1452,1452,1452,1452,1452,1452,1452,1452,1452,6
496,562,562,562,562,562,562,562,562,562,562,6
497,2323,2323,2323,2323,2323,2323,2323,2323,2323,2323,6
498,2875,2875,2875,2875,2875,2875,2875,2875,2875,2875,6
499,1343,1343,1343,1343,1343,1343,1343,1343,1343,1343,6
500,1279,1316,1279,1316,1279,1316,1279,1316,1279,1316,5
501,1167,1167,1167,1167,1167,1167,1167,1167,1167,1167,6
502,38,38,38,38,38,38,38,38,38,38,6
503,364,365,364,365,364,365,364,365,364,365,5
504,380,380,380,380,380,380,380,380,380,380,6
505,2343,2343,2343,2343,2343,2343,2343,2343,2343,2343,6
506,1368,1368,1368,1368,1368,1368,1368,1368,1368,1368,6
507,1147,1147,1147,1147,1147,1147,1147,1147,1147,1147,6
508,481,481,481,481,481,481,481,481,481,481,6
509,994,994,994,994,994,994,994,994,994,994,6
510,1153,1155,1153,1155,1153,1155,1153,1155,1153,1155,5
511,1128,1128,1128,1128,1128,1128,1128,1128,1128,1128,6
512,807,807,807,807,807,807,807,807,807,807,6
513,571,723,571,723,571,723,571,723,571,723,5
514,1163,1163,1163,1163,1163,1163,1163,1163,1163,1163,6
515,2512,2512,2512,2512,2512,2512,2512,2512,2512,2512,6
516,120,120,120,120,120,120,120,120,120,120,6
517,1011,1011,1011,1011,1011,1011,1011,1011,1011,1011,6
518,642,682,642,682,642,682,642,682,642,682,5
519,340,340,340,340,340,340,340,340,340,340,6
520,612,612,612,612,612,612,612,612,612,612,6
521,1130,1130,1130,1130,1130,1130,1130,1130,1130,1130,6
522,849,850,849,850,849,850,849,850,849,850,5
523,168,168,168,168,168,168,168,168,168,168,6
524,2625,2625,2625,2625,2625,2625,2625,2625,2625,2625,6
525,2996,2996,2996,2996,2996,2996,2996,2996,2996,2996,6
526,1129,1129,1129,1129,1129,1129,1129,1129,1129,1129,6
527,1229,1229,1229,1229,1229,1229,1229,1229,1229,1229,6
528,303,2935,303,2935,303,2935,303,2935,303,2935,5
529,1738,1738,1738,1738,1738,1738,1738,1738,1738,1738,6
530,517,517,517,517,517,517,517,517,517,517,6
531,1073,1315,1073,1315,1073,1315,1073,1315,1073,1315,5
532,1266,1266,1266,1266,1266,1266,1266,1266,1266,1266,6
533,478,478,478,478,478,478,478,478,478,478,6
534,1078,1380,2949,1078,1380,2949,1078,1380,2949,1380,4
535,1097,1097,1097,1097,1097,1097,1097,1097,1097,1097,6
536,384,384,384,384,384,384,384,384,384,384,6
537,1128,1128,1128,1128,1128,1128,1128,1128,1128,1128,6
538,878,878,878,878,878,878,878,878,878,878,6
539,765,765,765,765,765,765,765,765,765,765,6
540,1245,1245,1245,1245,1245,1245,1245,1245,1245,1245,6
541,1597,1597,1597,1597,1597,1597,1597,1597,1597,1597,6
542,2130,2130,2130,2130,2130,2130,2130,2130,2130,2130,6
543,2817,2817,2817,2817,2817,2817,2817,2817,2817,2817,6
544,1179,1179,1179,1179,1179,1179,1179,1179,1179,1179,6
545,75,75,75,75,75,75,75,75,75,75,6
546,2105,2105,2105,2105,2105,2105,2105,2105,2105,2105,6
547,237,237,237,237,237,237,237,237,237,237,6
548,2989,2989,2989,2989,2989,2989,2989,2989,2989,2989,6
549,2704,2704,2704,2704,2704,2704,2704,2704,2704,2704,6
550,366,404,366,404,366,404,366,404,366,404,5
551,1230,1230,1230,1230,1230,1230,1230,1230,1230,1230,6
552,684,684,684,684,684,684,684,684,684,684,6
553,752,752,752,752,752,752,752,752,752,752,6
554,1971,2008,1971,2008,1971,2008,1971,2008,1971,2008,5
555,1115,1115,1115,1115,1115,1115,1115,1115,1115,1115,6
556,1739,1739,1739,1739,1739,1739,1739,1739,1739,1739,6
557,1208,1208,1208,1208,1208,1208,1208,1208,1208,1208,6
558,1494,1495,3021,1494,1495,3021,1494,1495,3021,3021,4
559,1055,1055,1055,1055,1055,1055,1055,1055,1055,1055,6
560,263,263,263,263,263,263,263,263,263,263,6
561,2911,2911,2911,2911,2911,2911,2911,2911,2911,2911,6
562,1075,1109,2936,1075,1109,2936,1075,1109,2936,2936,4
563,673,673,673,673,673,673,673,673,673,673,6
564,2641,2641,2641,2641,2641,2641,2641,2641,2641,2641,6
565,38,2937,38,2937,38,2937,38,2937,38,2937,5
566,646,3016,646,3016,646,3016,646,3016,646,3016,5
567,1098,3014,1098,3014,1098,3014,1098,3014,1098,3014,5
568,2926,2926,2926,2926,2926,2926,2926,2926,2926,2926,6
569,1181,1181,1181,1181,1181,1181,1181,1181,1181,1181,6
570,760,760,760,760,760,760,760,760,760,760,6
571,38,38,38,38,38,38,38,38,38,38,6
572,523,523,523,523,523,523,523,523,523,523,6
573,514,514,514,514,514,514,514,514,514,514,6
574,1034,1034,1034,1034,1034,1034,1034,1034,1034,1034,6
575,2607,2607,2607,2607,2607,2607,2607,2607,2607,2607,6
576,798,798,798,798,798,798,798,798,798,798,6
577,891,892,891,892,891,892,891,892,891,892,5
578,1140,1140,1140,1140,1140,1140,1140,1140,1140,1140,6
579,801,801,801,801,801,801,801,801,801,801,6
580,1150,1150,1150,1150,1150,1150,1150,1150,1150,1150,6
581,1279,1316,1317,1354,1279,1354,1279,1316,1317,1354,3
582,1053,1053,1053,1053,1053,1053,1053,1053,1053,1053,6
583,2673,2675,2673,2675,2673,2675,2673,2675,2673,2675,5
584,363,363,363,363,363,363,363,363,363,363,6
585,579,579,579,579,579,579,579,579,579,579,6
586,91,91,91,91,91,91,91,91,91,91,6
587,2559,2559,2559,2559,2559,2559,2559,2559,2559,2559,6
588,1017,1017,1017,1017,1017,1017,1017,1017,1017,1017,6
589,2711,2711,2711,2711,2711,2711,2711,2711,2711,2711,6
590,798,798,798,798,798,798,798,798,798,798,6
591,949,949,949,949,949,949,949,949,949,949,6
592,876,876,876,876,876,876,876,876,876,876,6
593,2485,2485,2485,2485,2485,2485,2485,2485,2485,2485,6
594,790,790,790,790,790,790,790,790,790,790,6
595,1229,1229,1229,1229,1229,1229,1229,1229,1229,1229,6
596,1141,1141,1141,1141,1141,1141,1141,1141,1141,1141,6
597,2500,2532,2500,2532,2500,2532,2500,2532,2500,2532,5
598,1774,1776,1774,1776,1774,1776,1774,1776,1774,1776,5
599,2197,2197,2197,2197,2197,2197,2197,2197,2197,2197,6
600,1278,1278,1278,1278,1278,1278,1278,1278,1278,1278,6
601,684,684,684,684,684,684,684,684,684,684,6
602,1150,1150,1150,1150,1150,1150,1150,1150,1150,1150,6
603,1201,1202,1203,1204,1238,1201,1202,1203,1204,1238,2
604,1034,1034,1034,1034,1034,1034,1034,1034,1034,1034,6
605,1228,1228,1228,1228,1228,1228,1228,1228,1228,1228,6
606,38,38,38,38,38,38,38,38,38,38,6
607,2207,2207,2207,2207,2207,2207,2207,2207,2207,2207,6
608,2752,2791,2752,2791,2752,2791,2752,2791,2752,2791,5
609,840,840,840,840,840,840,840,840,840,840,6
610,622,622,622,622,622,622,622,622,622,622,6
611,1177,1177,1177,1177,1177,1177,1177,1177,1177,1177,6
612,800,800,800,800,800,800,800,800,800,800,6
613,2847,2847,2847,2847,2847,2847,2847,2847,2847,2847,6
614,2646,2646,2646,2646,2646,2646,2646,2646,2646,2646,6
615,492,493,494,532,492,494,492,493,494,532,3
616,1003,1003,1003,1003,1003,1003,1003,1003,1003,1003,6
617,3004,3004,3004,3004,3004,3004,3004,3004,3004,3004,6
618,1187,1187,1187,1187,1187,1187,1187,1187,1187,1187,6
619,760,760,760,760,760,760,760,760,760,760,6
620,1245,1315,1245,1315,1245,1315,1245,1315,1245,1315,5
621,2567,2606,2567,2606,2567,2606,2567,2606,2567,2606,5
622,1405,1405,1405,1405,1405,1405,1405,1405,1405,1405,6
623,1130,1130,1130,1130,1130,1130,1130,1130,1130,1130,6
624,682,682,682,682,682,682,682,682,682,682,6
625,1055,1055,1055,1055,1055,1055,1055,1055,1055,1055,6
626,1159,1159,1159,1159,1159,1159,1159,1159,1159,1159,6
627,1253,1253,1253,1253,1253,1253,1253,1253,1253,1253,6
628,988,988,988,988,988,988,988,988,988,988,6
629,1291,1291,1291,1291,1291,1291,1291,1291,1291,1291,6
630,912,985,912,985,912,985,912,985,912,985,5
631,1668,1671,1668,1671,1668,1671,1668,1671,1668,1671,5
632,1127,1127,1127,1127,1127,1127,1127,1127,1127,1127,6
633,1179,1179,1179,1179,1179,1179,1179,1179,1179,1179,6
634,558,558,558,558,558,558,558,558,558,558,6
635,478,478,478,478,478,478,478,478,478,478,6
636,1,1,1,1,1,1,1,1,1,1,6
637,1367,1367,1367,1367,1367,1367,1367,1367,1367,1367,6
638,442,442,442,442,442,442,442,442,442,442,6
639,1077,1077,1077,1077,1077,1077,1077,1077,1077,1077,6
640,417,417,417,417,417,417,417,417,417,417,6
641,1024,1024,1024,1024,1024,1024,1024,1024,1024,1024,6
642,1329,1329,1329,1329,1329,1329,1329,1329,1329,1329,6
643,1245,1245,1245,1245,1245,1245,1245,1245,1245,1245,6
644,1055,1055,1055,1055,1055,1055,1055,1055,1055,1055,6
645,2086,2086,2086,2086,2086,2086,2086,2086,2086,2086,6
646,1879,1879,1879,1879,1879,1879,1879,1879,1879,1879,6
647,1214,1214,1214,1214,1214,1214,1214,1214,1214,1214,6
648,1022,1022,1022,1022,1022,1022,1022,1022,1022,1022,6
649,2943,2943,2943,2943,2943,2943,2943,2943,2943,2943,6
650,1071,1110,1112,1071,1110,1112,1071,1110,1112,1110,4
651,1253,1253,1253,1253,1253,1253,1253,1253,1253,1253,6
652,500,500,500,500,500,500,500,500,500,500,6
653,796,796,796,796,796,796,796,796,796,796,6
654,330,330,330,330,330,330,330,330,330,330,6
655,1075,2936,1075,2936,1075,2936,1075,2936,1075,2936,5
656,664,664,664,664,664,664,664,664,664,664,6
657,1253,1253,1253,1253,1253,1253,1253,1253,1253,1253,6
658,2601,2601,2601,2601,2601,2601,2601,2601,2601,2601,6
659,89,89,89,89,89,89,89,89,89,89,6
660,675,675,675,675,675,675,675,675,675,675,6
661,1048,1049,1048,1049,1048,1049,1048,1049,1048,1049,5
662,1048,1049,1048,1049,1048,1049,1048,1049,1048,1049,5
663,1064,1064,1064,1064,1064,1064,1064,1064,1064,1064,6
664,155,155,155,155,155,155,155,155,155,155,6
665,1153,1153,1153,1153,1153,1153,1153,1153,1153,1153,6
666,1214,1214,1214,1214,1214,1214,1214,1214,1214,1214,6
667,2941,2941,2941,2941,2941,2941,2941,2941,2941,2941,6
668,873,874,873,874,873,874,873,874,873,874,5
669,1064,1064,1064,1064,1064,1064,1064,1064,1064,1064,6
670,1083,1086,1120,1083,1086,1120,1083,1086,1120,1083,4
671,760,2085,2938,760,2085,2938,760,2085,2938,2085,4
672,1249,1249,1249,1249,1249,1249,1249,1249,1249,1249,6
673,993,993,993,993,993,993,993,993,993,993,6
674,367,367,367,367,367,367,367,367,367,367,6
675,683,683,683,683,683,683,683,683,683,683,6
676,3030,3030,3030,3030,3030,3030,3030,3030,3030,3030,6
677,1229,1685,1229,1685,1229,1685,1229,1685,1229,1685,5
678,988,988,988,988,988,988,988,988,988,988,6
679,3014,3014,3014,3014,3014,3014,3014,3014,3014,3014,6
680,986,986,986,986,986,986,986,986,986,986,6
681,1026,1026,1026,1026,1026,1026,1026,1026,1026,1026,6
682,958,958,958,958,958,958,958,958,958,958,6
683,2949,2949,2949,2949,2949,2949,2949,2949,2949,2949,6
684,1053,1053,1053,1053,1053,1053,1053,1053,1053,1053,6
685,2641,2641,2641,2641,2641,2641,2641,2641,2641,2641,6
686,847,847,847,847,847,847,847,847,847,847,6
687,1009,1282,1009,1282,1009,1282,1009,1282,1009,1282,5
688,1361,1361,1361,1361,1361,1361,1361,1361,1361,1361,6
689,417,417,417,417,417,417,417,417,417,417,6
690,1558,1558,1558,1558,1558,1558,1558,1558,1558,1558,6
691,1250,1250,1250,1250,1250,1250,1250,1250,1250,1250,6
692,1139,1139,1139,1139,1139,1139,1139,1139,1139,1139,6
693,120,120,120,120,120,120,120,120,120,120,6
694,407,443,407,443,407,443,407,443,407,443,5
695,2366,2369,2366,2369,2366,2369,2366,2369,2366,2369,5
696,74,74,74,74,74,74,74,74,74,74,6
697,1963,1963,1963,1963,1963,1963,1963,1963,1963,1963,6
698,3004,3004,3004,3004,3004,3004,3004,3004,3004,3004,6
699,164,164,164,164,164,164,164,164,164,164,6
700,749,749,749,749,749,749,749,749,749,749,6
701,1686,1687,1724,1725,1726,2952,7,5,2,4,1
702,1214,1214,1214,1214,1214,1214,1214,1214,1214,1214,6
703,1252,1252,1252,1252,1252,1252,1252,1252,1252,1252,6
704,975,975,975,975,975,975,975,975,975,975,6
705,997,997,997,997,997,997,997,997,997,997,6
706,2941,2941,2941,2941,2941,2941,2941,2941,2941,2941,6
707,2603,2603,2603,2603,2603,2603,2603,2603,2603,2603,6
708,125,125,125,125,125,125,125,125,125,125,6
709,1130,1130,1130,1130,1130,1130,1130,1130,1130,1130,6
710,2171,2171,2171,2171,2171,2171,2171,2171,2171,2171,6
711,2124,2124,2124,2124,2124,2124,2124,2124,2124,2124,6
712,1444,1709,1746,1747,1709,1747,1444,1709,1746,1747,3
713,378,378,378,378,378,378,378,378,378,378,6
714,60,60,60,60,60,60,60,60,60,60,6
715,38,38,38,38,38,38,38,38,38,38,6
716,646,646,646,646,646,646,646,646,646,646,6
717,1255,1255,1255,1255,1255,1255,1255,1255,1255,1255,6
718,578,578,578,578,578,578,578,578,578,578,6
719,864,864,864,864,864,864,864,864,864,864,6
720,685,724,685,724,685,724,685,724,685,724,5
721,38,38,38,38,38,38,38,38,38,38,6
722,1433,1736,1776,1433,1736,1776,1433,1736,1776,1776,4
723,198,199,198,199,198,199,198,199,198,199,5
724,2434,2434,2434,2434,2434,2434,2434,2434,2434,2434,6
725,1250,1250,1250,1250,1250,1250,1250,1250,1250,1250,6
726,1308,1308,1308,1308,1308,1308,1308,1308,1308,1308,6
727,1028,1028,1028,1028,1028,1028,1028,1028,1028,1028,6
728,1672,2013,2956,1672,2013,2956,1672,2013,2956,2013,4
729,80,80,80,80,80,80,80,80,80,80,6
730,2219,2219,2219,2219,2219,2219,2219,2219,2219,2219,6
731,798,798,798,798,798,798,798,798,798,798,6
732,2315,2315,2315,2315,2315,2315,2315,2315,2315,2315,6
733,1001,1001,1001,1001,1001,1001,1001,1001,1001,1001,6
734,1405,1405,1405,1405,1405,1405,1405,1405,1405,1405,6
735,1203,1204,1203,1204,1203,1204,1203,1204,1203,1204,5
736,2832,2832,2832,2832,2832,2832,2832,2832,2832,2832,6
737,2118,2118,2118,2118,2118,2118,2118,2118,2118,2118,6
738,829,829,829,829,829,829,829,829,829,829,6
739,571,571,571,571,571,571,571,571,571,571,6
740,2648,2648,2648,2648,2648,2648,2648,2648,2648,2648,6
741,19,51,62,19,51,62,19,51,62,62,4
742,1840,1927,1840,1927,1840,1927,1840,1927,1840,1927,5
743,263,263,263,263,263,263,263,263,263,263,6
744,669,739,744,1048,1049,1078,2,4,7,3,1
745,88,88,88,88,88,88,88,88,88,88,6
746,125,126,162,125,126,162,125,126,162,162,4
747,2485,2561,2485,2561,2485,2561,2485,2561,2485,2561,5
748,1017,1017,1017,1017,1017,1017,1017,1017,1017,1017,6
749,796,796,796,796,796,796,796,796,796,796,6
750,1634,1634,1634,1634,1634,1634,1634,1634,1634,1634,6
751,745,745,745,745,745,745,745,745,745,745,6
752,1230,1230,1230,1230,1230,1230,1230,1230,1230,1230,6
753,1701,2947,1701,2947,1701,2947,1701,2947,1701,2947,5
754,647,647,647,647,647,647,647,647,647,647,6
755,2973,2973,2973,2973,2973,2973,2973,2973,2973,2973,6
756,2645,2645,2645,2645,2645,2645,2645,2645,2645,2645,6
757,608,644,608,644,608,644,608,644,608,644,5
758,2086,2086,2086,2086,2086,2086,2086,2086,2086,2086,6
759,1176,1213,1591,1176,1213,1591,1176,1213,1591,1213,4
760,873,874,873,874,873,874,873,874,873,874,5
761,2124,2124,2124,2124,2124,2124,2124,2124,2124,2124,6
762,331,331,331,331,331,331,331,331,331,331,6
763,1245,1245,1245,1245,1245,1245,1245,1245,1245,1245,6
764,981,1361,981,1361,981,1361,981,1361,981,1361,5
765,1668,1671,1668,1671,1668,1671,1668,1671,1668,1671,5
766,1230,1230,1230,1230,1230,1230,1230,1230,1230,1230,6
767,1160,1160,1160,1160,1160,1160,1160,1160,1160,1160,6
768,1283,1283,1283,1283,1283,1283,1283,1283,1283,1283,6
769,1831,1831,1831,1831,1831,1831,1831,1831,1831,1831,6
770,1903,1903,1903,1903,1903,1903,1903,1903,1903,1903,6
771,1367,1367,1367,1367,1367,1367,1367,1367,1367,1367,6
772,2941,2941,2941,2941,2941,2941,2941,2941,2941,2941,6
773,988,988,988,988,988,988,988,988,988,988,6
774,650,650,650,650,650,650,650,650,650,650,6
775,2124,2124,2124,2124,2124,2124,2124,2124,2124,2124,6
776,120,122,120,122,120,122,120,122,120,122,5
777,2930,2930,2930,2930,2930,2930,2930,2930,2930,2930,6
778,839,839,839,839,839,839,839,839,839,839,6
779,1028,1028,1028,1028,1028,1028,1028,1028,1028,1028,6
780,1213,1252,1213,1252,1213,1252,1213,1252,1213,1252,5
781,2220,2256,2220,2256,2220,2256,2220,2256,2220,2256,5
782,1130,1130,1130,1130,1130,1130,1130,1130,1130,1130,6
783,2716,2716,2716,2716,2716,2716,2716,2716,2716,2716,6
784,1283,1283,1283,1283,1283,1283,1283,1283,1283,1283,6
785,377,418,377,418,377,418,377,418,377,418,5
786,1037,1037,1037,1037,1037,1037,1037,1037,1037,1037,6
787,1152,1152,1152,1152,1152,1152,1152,1152,1152,1152,6
788,1100,1100,1100,1100,1100,1100,1100,1100,1100,1100,6
789,75,75,75,75,75,75,75,75,75,75,6
790,1055,1055,1055,1055,1055,1055,1055,1055,1055,1055,6
791,1140,1140,1140,1140,1140,1140,1140,1140,1140,1140,6
792,2769,2769,2769,2769,2769,2769,2769,2769,2769,2769,6
793,2016,2016,2016,2016,2016,2016,2016,2016,2016,2016,6
794,1015,1015,1015,1015,1015,1015,1015,1015,1015,1015,6
795,1353,1353,1353,1353,1353,1353,1353,1353,1353,1353,6
796,879,879,879,879,879,879,879,879,879,879,6
797,2013,2050,2013,2050,2013,2050,2013,2050,2013,2050,5
798,1251,1251,1251,1251,1251,1251,1251,1251,1251,1251,6
799,1939,1939,1939,1939,1939,1939,1939,1939,1939,1939,6
800,1537,1574,1578,1580,1574,1578,1537,1574,1578,1580,3
801,1152,1152,1152,1152,1152,1152,1152,1152,1152,1152,6
802,1367,1367,1367,1367,1367,1367,1367,1367,1367,1367,6
803,2491,2491,2491,2491,2491,2491,2491,2491,2491,2491,6
804,682,682,682,682,682,682,682,682,682,682,6
805,1315,1315,1315,1315,1315,1315,1315,1315,1315,1315,6
806,791,2083,791,2083,791,2083,791,2083,791,2083,5
807,1125,1125,1125,1125,1125,1125,1125,1125,1125,1125,6
808,2938,2938,2938,2938,2938,2938,2938,2938,2938,2938,6
809,1252,1252,1252,1252,1252,1252,1252,1252,1252,1252,6
810,1610,1610,1610,1610,1610,1610,1610,1610,1610,1610,6
811,949,949,949,949,949,949,949,949,949,949,6
812,63,63,63,63,63,63,63,63,63,63,6
813,879,879,879,879,879,879,879,879,879,879,6
814,2233,2233,2233,2233,2233,2233,2233,2233,2233,2233,6
815,1032,1265,1032,1265,1032,1265,1032,1265,1032,1265,5
816,3018,3018,3018,3018,3018,3018,3018,3018,3018,3018,6
817,1192,1192,1192,1192,1192,1192,1192,1192,1192,1192,6
818,747,748,749,747,748,749,747,748,749,747,4
819,1049,1049,1049,1049,1049,1049,1049,1049,1049,1049,6
820,957,1167,957,1167,957,1167,957,1167,957,1167,5
821,1697,1697,1697,1697,1697,1697,1697,1697,1697,1697,6
822,684,684,684,684,684,684,684,684,684,684,6
823,2163,2163,2163,2163,2163,2163,2163,2163,2163,2163,6
824,462,462,462,462,462,462,462,462,462,462,6
825,873,874,873,874,873,874,873,874,873,874,5
826,1110,1110,1110,1110,1110,1110,1110,1110,1110,1110,6
827,1032,1032,1032,1032,1032,1032,1032,1032,1032,1032,6
828,947,948,947,948,947,948,947,948,947,948,5
829,633,633,633,633,633,633,633,633,633,633,6
830,1027,1027,1027,1027,1027,1027,1027,1027,1027,1027,6
831,1946,1946,1946,1946,1946,1946,1946,1946,1946,1946,6
832,1018,1018,1018,1018,1018,1018,1018,1018,1018,1018,6
833,2044,2156,2044,2156,2044,2156,2044,2156,2044,2156,5
834,646,646,646,646,646,646,646,646,646,646,6
835,1218,1218,1218,1218,1218,1218,1218,1218,1218,1218,6
836,1141,1141,1141,1141,1141,1141,1141,1141,1141,1141,6
837,673,673,673,673,673,673,673,673,673,673,6
838,560,560,560,560,560,560,560,560,560,560,6
839,750,750,750,750,750,750,750,750,750,750,6
840,1895,1895,1895,1895,1895,1895,1895,1895,1895,1895,6
841,2790,2790,2790,2790,2790,2790,2790,2790,2790,2790,6
842,826,826,826,826,826,826,826,826,826,826,6
843,1668,1671,1668,1671,1668,1671,1668,1671,1668,1671,5
844,599,599,599,599,599,599,599,599,599,599,6
845,1979,1980,1979,1980,1979,1980,1979,1980,1979,1980,5
846,847,847,847,847,847,847,847,847,847,847,6
847,1330,1330,1330,1330,1330,1330,1330,1330,1330,1330,6
848,841,841,841,841,841,841,841,841,841,841,6
849,1620,1620,1620,1620,1620,1620,1620,1620,1620,1620,6
850,1054,1054,1054,1054,1054,1054,1054,1054,1054,1054,6
851,1776,1776,1776,1776,1776,1776,1776,1776,1776,1776,6
852,751,3008,751,3008,751,3008,751,3008,751,3008,5
853,2781,2781,2781,2781,2781,2781,2781,2781,2781,2781,6
854,654,656,654,656,654,656,654,656,654,656,5
855,951,951,951,951,951,951,951,951,951,951,6
856,1667,1667,1667,1667,1667,1667,1667,1667,1667,1667,6
857,1250,1250,1250,1250,1250,1250,1250,1250,1250,1250,6
858,1289,1328,1289,1328,1289,1328,1289,1328,1289,1328,5
859,1055,1055,1055,1055,1055,1055,1055,1055,1055,1055,6
860,1248,1286,1248,1286,1248,1286,1248,1286,1248,1286,5
861,2485,2485,2485,2485,2485,2485,2485,2485,2485,2485,6
862,1217,1217,1217,1217,1217,1217,1217,1217,1217,1217,6
863,537,537,537,537,537,537,537,537,537,537,6
864,1292,1292,1292,1292,1292,1292,1292,1292,1292,1292,6
865,875,875,875,875,875,875,875,875,875,875,6
866,3001,3001,3001,3001,3001,3001,3001,3001,3001,3001,6
867,1630,1630,1630,1630,1630,1630,1630,1630,1630,1630,6
868,1106,1106,1106,1106,1106,1106,1106,1106,1106,1106,6
869,172,364,172,364,172,364,172,364,172,364,5
870,2279,2279,2279,2279,2279,2279,2279,2279,2279,2279,6
871,3038,3038,3038,3038,3038,3038,3038,3038,3038,3038,6
872,608,644,608,644,608,644,608,644,608,644,5
873,1114,1114,1114,1114,1114,1114,1114,1114,1114,1114,6
874,1250,1250,1250,1250,1250,1250,1250,1250,1250,1250,6
875,1213,2943,1213,2943,1213,2943,1213,2943,1213,2943,5
876,2810,2810,2810,2810,2810,2810,2810,2810,2810,2810,6
877,529,529,529,529,529,529,529,529,529,529,6
878,1144,1144,1144,1144,1144,1144,1144,1144,1144,1144,6
879,446,446,446,446,446,446,446,446,446,446,6
880,9,2937,9,2937,9,2937,9,2937,9,2937,5
881,886,886,886,886,886,886,886,886,886,886,6
882,2989,2989,2989,2989,2989,2989,2989,2989,2989,2989,6
883,178,178,178,178,178,178,178,178,178,178,6
884,485,485,485,485,485,485,485,485,485,485,6
885,1175,1212,1175,1212,1175,1212,1175,1212,1175,1212,5
886,798,798,798,798,798,798,798,798,798,798,6
887,731,1168,731,1168,731,1168,731,1168,731,1168,5
888,1001,1001,1001,1001,1001,1001,1001,1001,1001,1001,6
889,588,656,588,656,588,656,588,656,588,656,5
890,719,719,719,719,719,719,719,719,719,719,6
891,520,520,520,520,520,520,520,520,520,520,6
892,1063,1063,1063,1063,1063,1063,1063,1063,1063,1063,6
893,1488,1488,1488,1488,1488,1488,1488,1488,1488,1488,6
894,75,75,75,75,75,75,75,75,75,75,6
895,529,529,529,529,529,529,529,529,529,529,6
896,2088,2088,2088,2088,2088,2088,2088,2088,2088,2088,6
897,187,189,226,187,189,226,187,189,226,187,4
898,824,824,824,824,824,824,824,824,824,824,6
899,2586,2586,2586,2586,2586,2586,2586,2586,2586,2586,6
900,1475,1513,1475,1513,1475,1513,1475,1513,1475,1513,5
901,153,162,153,162,153,162,153,162,153,162,5
902,784,784,784,784,784,784,784,784,784,784,6
903,1585,1585,1585,1585,1585,1585,1585,1585,1585,1585,6
904,122,122,122,122,122,122,122,122,122,122,6
905,832,832,832,832,832,832,832,832,832,832,6
906,1251,1251,1251,1251,1251,1251,1251,1251,1251,1251,6
907,983,984,985,983,984,985,983,984,985,985,4
908,2947,2947,2947,2947,2947,2947,2947,2947,2947,2947,6
909,2779,2779,2779,2779,2779,2779,2779,2779,2779,2779,6
910,1934,1936,1934,1936,1934,1936,1934,1936,1934,1936,5
911,1282,1282,1282,1282,1282,1282,1282,1282,1282,1282,6
912,867,867,867,867,867,867,867,867,867,867,6
913,133,170,133,170,133,170,133,170,133,170,5
914,2961,2961,2961,2961,2961,2961,2961,2961,2961,2961,6
915,1185,1643,1185,1643,1185,1643,1185,1643,1185,1643,5
916,1460,1460,1460,1460,1460,1460,1460,1460,1460,1460,6
917,643,684,643,684,643,684,643,684,643,684,5
918,981,981,981,981,981,981,981,981,981,981,6
919,536,574,536,574,536,574,536,574,536,574,5
920,414,415,416,414,415,416,414,415,416,415,4
921,1089,1090,1697,1089,1090,1697,1089,1090,1697,1090,4
922,233,233,233,233,233,233,233,233,233,233,6
923,712,712,712,712,712,712,712,712,712,712,6
924,2845,2881,2845,2881,2845,2881,2845,2881,2845,2881,5
925,1405,1405,1405,1405,1405,1405,1405,1405,1405,1405,6
926,759,759,759,759,759,759,759,759,759,759,6
927,1228,1228,1228,1228,1228,1228,1228,1228,1228,1228,6
928,783,818,783,818,783,818,783,818,783,818,5
929,988,1025,1026,1062,1025,1026,988,1025,1026,1062,3
930,34,74,34,74,34,74,34,74,34,74,5
931,2941,2941,2941,2941,2941,2941,2941,2941,2941,2941,6
932,2113,2114,2113,2114,2113,2114,2113,2114,2113,2114,5
933,504,504,504,504,504,504,504,504,504,504,6
934,2952,2952,2952,2952,2952,2952,2952,2952,2952,2952,6
935,1862,1900,1862,1900,1862,1900,1862,1900,1862,1900,5
936,34,74,34,74,34,74,34,74,34,74,5
937,1394,1394,1394,1394,1394,1394,1394,1394,1394,1394,6
938,1083,1083,1083,1083,1083,1083,1083,1083,1083,1083,6
939,1669,2996,1669,2996,1669,2996,1669,2996,1669,2996,5
940,1278,1278,1278,1278,1278,1278,1278,1278,1278,1278,6
941,310,310,310,310,310,310,310,310,310,310,6
942,1744,1744,1744,1744,1744,1744,1744,1744,1744,1744,6
943,1330,1330,1330,1330,1330,1330,1330,1330,1330,1330,6
944,2257,2295,2379,2257,2295,2379,2257,2295,2379,2257,4
945,1608,1608,1608,1608,1608,1608,1608,1608,1608,1608,6
946,949,949,949,949,949,949,949,949,949,949,6
947,988,988,988,988,988,988,988,988,988,988,6
948,798,1136,798,1136,798,1136,798,1136,798,1136,5
949,1190,1190,1190,1190,1190,1190,1190,1190,1190,1190,6
950,1077,1077,1077,1077,1077,1077,1077,1077,1077,1077,6
951,2320,2320,2320,2320,2320,2320,2320,2320,2320,2320,6
952,1205,1205,1205,1205,1205,1205,1205,1205,1205,1205,6
953,2086,2086,2086,2086,2086,2086,2086,2086,2086,2086,6
954,1125,1125,1125,1125,1125,1125,1125,1125,1125,1125,6
955,2791,2791,2791,2791,2791,2791,2791,2791,2791,2791,6
956,1356,1356,1356,1356,1356,1356,1356,1356,1356,1356,6
957,734,734,734,734,734,734,734,734,734,734,6
958,1520,1520,1520,1520,1520,1520,1520,1520,1520,1520,6
959,956,956,956,956,956,956,956,956,956,956,6
960,1636,1902,1636,1902,1636,1902,1636,1902,1636,1902,5
961,1252,1252,1252,1252,1252,1252,1252,1252,1252,1252,6
962,364,364,364,364,364,364,364,364,364,364,6
963,1215,1215,1215,1215,1215,1215,1215,1215,1215,1215,6
964,1055,1055,1055,1055,1055,1055,1055,1055,1055,1055,6
965,1668,1671,1668,1671,1668,1671,1668,1671,1668,1671,5
966,841,879,841,879,841,879,841,879,841,879,5
967,2759,2759,2759,2759,2759,2759,2759,2759,2759,2759,6
968,1148,1191,1148,1191,1148,1191,1148,1191,1148,1191,5
969,1109,1109,1109,1109,1109,1109,1109,1109,1109,1109,6
970,840,840,840,840,840,840,840,840,840,840,6
971,1329,1330,1329,1330,1329,1330,1329,1330,1329,1330,5
972,988,988,988,988,988,988,988,988,988,988,6
973,2088,2088,2088,2088,2088,2088,2088,2088,2088,2088,6
974,746,746,746,746,746,746,746,746,746,746,6
975,1634,1634,1634,1634,1634,1634,1634,1634,1634,1634,6
976,1783,1783,1783,1783,1783,1783,1783,1783,1783,1783,6
977,2013,2013,2013,2013,2013,2013,2013,2013,2013,2013,6
978,1251,1251,1251,1251,1251,1251,1251,1251,1251,1251,6
979,1557,3030,1557,3030,1557,3030,1557,3030,1557,3030,5
980,1130,1130,1130,1130,1130,1130,1130,1130,1130,1130,6
981,1991,1991,1991,1991,1991,1991,1991,1991,1991,1991,6
982,529,529,529,529,529,529,529,529,529,529,6
983,1916,1916,1916,1916,1916,1916,1916,1916,1916,1916,6
984,1037,1037,1037,1037,1037,1037,1037,1037,1037,1037,6
985,1055,1055,1055,1055,1055,1055,1055,1055,1055,1055,6
986,2163,2163,2163,2163,2163,2163,2163,2163,2163,2163,6
987,384,384,384,384,384,384,384,384,384,384,6
988,168,168,168,168,168,168,168,168,168,168,6
989,843,843,843,843,843,843,843,843,843,843,6
990,406,406,406,406,406,406,406,406,406,406,6
991,2616,2616,2616,2616,2616,2616,2616,2616,2616,2616,6
992,978,978,978,978,978,978,978,978,978,978,6
993,49,49,49,49,49,49,49,49,49,49,6
994,988,988,988,988,988,988,988,988,988,988,6
995,1282,1282,1282,1282,1282,1282,1282,1282,1282,1282,6
996,1181,1181,1181,1181,1181,1181,1181,1181,1181,1181,6
997,1522,1522,1522,1522,1522,1522,1522,1522,1522,1522,6
998,2247,2247,2247,2247,2247,2247,2247,2247,2247,2247,6
999,1683,1683,1683,1683,1683,1683,1683,1683,1683,1683,6
1000,1558,1824,1558,1824,1558,1824,1558,1824,1558,1824,5
1001,913,913,913,913,913,913,913,913,913,913,6
1002,150,150,150,150,150,150,150,150,150,150,6
1003,1028,1028,1028,1028,1028,1028,1028,1028,1028,1028,6
1004,1980,1980,1980,1980,1980,1980,1980,1980,1980,1980,6
1005,831,831,831,831,831,831,831,831,831,831,6
1006,1245,1245,1245,1245,1245,1245,1245,1245,1245,1245,6
1007,830,830,830,830,830,830,830,830,830,830,6
1008,2407,2448,2407,2448,2407,2448,2407,2448,2407,2448,5
1009,1685,1685,1685,1685,1685,1685,1685,1685,1685,1685,6
1010,951,951,951,951,951,951,951,951,951,951,6
1011,74,74,74,74,74,74,74,74,74,74,6
1012,842,842,842,842,842,842,842,842,842,842,6
1013,1302,1302,1302,1302,1302,1302,1302,1302,1302,1302,6
1014,2603,2603,2603,2603,2603,2603,2603,2603,2603,2603,6
1015,1783,1783,1783,1783,1783,1783,1783,1783,1783,1783,6
1016,422,422,422,422,422,422,422,422,422,422,6
1017,1622,1622,1622,1622,1622,1622,1622,1622,1622,1622,6
1018,1450,1450,1450,1450,1450,1450,1450,1450,1450,1450,6
1019,1978,1978,1978,1978,1978,1978,1978,1978,1978,1978,6
1020,1629,2086,1629,2086,1629,2086,1629,2086,1629,2086,5
1021,353,353,353,353,353,353,353,353,353,353,6
1022,988,988,988,988,988,988,988,988,988,988,6
1023,1738,1738,1738,1738,1738,1738,1738,1738,1738,1738,6
1024,2269,2269,2269,2269,2269,2269,2269,2269,2269,2269,6
1025,1007,1007,1007,1007,1007,1007,1007,1007,1007,1007,6
1026,798,873,874,1861,798,874,798,873,874,1861,3
1027,1061,1061,1061,1061,1061,1061,1061,1061,1061,1061,6
1028,1015,1015,1015,1015,1015,1015,1015,1015,1015,1015,6
1029,3004,3004,3004,3004,3004,3004,3004,3004,3004,3004,6
1030,303,303,303,303,303,303,303,303,303,303,6
1031,425,425,425,425,425,425,425,425,425,425,6
1032,340,340,340,340,340,340,340,340,340,340,6
1033,341,491,341,491,341,491,341,491,341,491,5
1034,2917,2917,2917,2917,2917,2917,2917,2917,2917,2917,6
1035,798,798,798,798,798,798,798,798,798,798,6
1036,492,494,492,494,492,494,492,494,492,494,5
1037,2601,2601,2601,2601,2601,2601,2601,2601,2601,2601,6
1038,1283,1283,1283,1283,1283,1283,1283,1283,1283,1283,6
1039,679,679,679,679,679,679,679,679,679,679,6
1040,1243,1243,1243,1243,1243,1243,1243,1243,1243,1243,6
1041,828,828,828,828,828,828,828,828,828,828,6
1042,1139,3014,1139,3014,1139,3014,1139,3014,1139,3014,5
1043,1916,1916,1916,1916,1916,1916,1916,1916,1916,1916,6
1044,3030,3030,3030,3030,3030,3030,3030,3030,3030,3030,6
1045,1245,1245,1245,1245,1245,1245,1245,1245,1245,1245,6
1046,805,843,887,805,843,887,805,843,887,887,4
1047,2598,2598,2598,2598,2598,2598,2598,2598,2598,2598,6
1048,1213,1213,1213,1213,1213,1213,1213,1213,1213,1213,6
1049,1946,1950,1946,1950,1946,1950,1946,1950,1946,1950,5
1050,1019,1057,1019,1057,1019,1057,1019,1057,1019,1057,5
1051,424,424,424,424,424,424,424,424,424,424,6
1052,1181,1181,1181,1181,1181,1181,1181,1181,1181,1181,6
1053,873,874,873,874,873,874,873,874,873,874,5
1054,1706,1706,1706,1706,1706,1706,1706,1706,1706,1706,6
1055,1131,1131,1131,1131,1131,1131,1131,1131,1131,1131,6
1056,530,530,530,530,530,530,530,530,530,530,6
1057,1027,1027,1027,1027,1027,1027,1027,1027,1027,1027,6
1058,675,675,675,675,675,675,675,675,675,675,6
1059,263,263,263,263,263,263,263,263,263,263,6
1060,1062,1062,1062,1062,1062,1062,1062,1062,1062,1062,6
1061,485,485,485,485,485,485,485,485,485,485,6
1062,38,38,38,38,38,38,38,38,38,38,6
1063,782,782,782,782,782,782,782,782,782,782,6
1064,840,840,840,840,840,840,840,840,840,840,6
1065,934,934,934,934,934,934,934,934,934,934,6
1066,949,949,949,949,949,949,949,949,949,949,6
1067,2244,2244,2244,2244,2244,2244,2244,2244,2244,2244,6
1068,1390,1392,1393,1390,1392,1393,1390,1392,1393,1392,4
1069,590,590,590,590,590,590,590,590,590,590,6
1070,1139,3014,1139,3014,1139,3014,1139,3014,1139,3014,5
1071,1991,1991,1991,1991,1991,1991,1991,1991,1991,1991,6
1072,1168,1168,1168,1168,1168,1168,1168,1168,1168,1168,6
1073,683,1064,2938,683,1064,2938,683,1064,2938,1064,4
1074,2603,2643,2603,2643,2603,2643,2603,2643,2603,2643,5
1075,1121,1121,1121,1121,1121,1121,1121,1121,1121,1121,6
1076,34,74,34,74,34,74,34,74,34,74,5
1077,684,684,684,684,684,684,684,684,684,684,6
1078,145,149,145,149,145,149,145,149,145,149,5
1079,1139,3014,1139,3014,1139,3014,1139,3014,1139,3014,5
1080,2751,2751,2751,2751,2751,2751,2751,2751,2751,2751,6
1081,798,798,798,798,798,798,798,798,798,798,6
1082,1130,1130,1130,1130,1130,1130,1130,1130,1130,1130,6
1083,1037,1037,1037,1037,1037,1037,1037,1037,1037,1037,6
1084,978,978,978,978,978,978,978,978,978,978,6
1085,384,384,384,384,384,384,384,384,384,384,6
1086,1328,1328,1328,1328,1328,1328,1328,1328,1328,1328,6
1087,1155,1155,1155,1155,1155,1155,1155,1155,1155,1155,6
1088,824,883,1115,1150,1196,824,883,1115,1150,1196,2
1089,1293,1293,1293,1293,1293,1293,1293,1293,1293,1293,6
1090,37,37,37,37,37,37,37,37,37,37,6
1091,1625,1625,1625,1625,1625,1625,1625,1625,1625,1625,6
1092,2791,2835,2791,2835,2791,2835,2791,2835,2791,2835,5
1093,913,913,913,913,913,913,913,913,913,913,6
1094,683,683,683,683,683,683,683,683,683,683,6
1095,1634,1634,1634,1634,1634,1634,1634,1634,1634,1634,6
1096,873,874,873,874,873,874,873,874,873,874,5
1097,1150,1150,1150,1150,1150,1150,1150,1150,1150,1150,6
1098,1405,1405,1405,1405,1405,1405,1405,1405,1405,1405,6
1099,74,74,74,74,74,74,74,74,74,74,6
1100,2967,2967,2967,2967,2967,2967,2967,2967,2967,2967,6
1101,2243,2243,2243,2243,2243,2243,2243,2243,2243,2243,6
1102,1115,1150,1115,1150,1115,1150,1115,1150,1115,1150,5
1103,1783,1783,1783,1783,1783,1783,1783,1783,1783,1783,6
1104,1115,1150,1115,1150,1115,1150,1115,1150,1115,1150,5
1105,1197,1197,1197,1197,1197,1197,1197,1197,1197,1197,6
1106,1205,1245,1205,1245,1205,1245,1205,1245,1205,1245,5
1107,2666,2666,2666,2666,2666,2666,2666,2666,2666,2666,6
1108,2128,2128,2128,2128,2128,2128,2128,2128,2128,2128,6
1109,1071,1110,1112,1071,1110,1112,1071,1110,1112,1112,4
1110,1668,1671,1672,2956,1671,1672,1668,1671,1672,2956,3
1111,1167,1167,1167,1167,1167,1167,1167,1167,1167,1167,6
1112,1040,1040,1040,1040,1040,1040,1040,1040,1040,1040,6
1113,647,688,2131,647,688,2131,647,688,2131,688,4
1114,647,647,647,647,647,647,647,647,647,647,6
1115,2370,2408,2370,2408,2370,2408,2370,2408,2370,2408,5
1116,1201,1201,1201,1201,1201,1201,1201,1201,1201,1201,6
1117,239,239,239,239,239,239,239,239,239,239,6
1118,1596,1596,1596,1596,1596,1596,1596,1596,1596,1596,6
1119,1557,1557,1557,1557,1557,1557,1557,1557,1557,1557,6
1120,950,950,950,950,950,950,950,950,950,950,6
1121,1053,1053,1053,1053,1053,1053,1053,1053,1053,1053,6
1122,1522,1522,1522,1522,1522,1522,1522,1522,1522,1522,6
1123,1213,1213,1213,1213,1213,1213,1213,1213,1213,1213,6
1124,2124,2124,2124,2124,2124,2124,2124,2124,2124,2124,6
1125,379,379,379,379,379,379,379,379,379,379,6
1126,1667,1667,1667,1667,1667,1667,1667,1667,1667,1667,6
1127,2188,2256,2188,2256,2188,2256,2188,2256,2188,2256,5
1128,2239,2239,2239,2239,2239,2239,2239,2239,2239,2239,6
1129,1077,1077,1077,1077,1077,1077,1077,1077,1077,1077,6
1130,404,404,404,404,404,404,404,404,404,404,6
1131,88,88,88,88,88,88,88,88,88,88,6
1132,1148,1148,1148,1148,1148,1148,1148,1148,1148,1148,6
1133,1075,2936,1075,2936,1075,2936,1075,2936,1075,2936,5
1134,764,764,764,764,764,764,764,764,764,764,6
1135,801,801,801,801,801,801,801,801,801,801,6
1136,400,400,400,400,400,400,400,400,400,400,6
1137,378,378,378,378,378,378,378,378,378,378,6
1138,829,829,829,829,829,829,829,829,829,829,6
1139,896,931,896,931,896,931,896,931,896,931,5
1140,2887,2887,2887,2887,2887,2887,2887,2887,2887,2887,6
1141,683,683,683,683,683,683,683,683,683,683,6
1142,288,288,288,288,288,288,288,288,288,288,6
1143,1200,1200,1200,1200,1200,1200,1200,1200,1200,1200,6
1144,2219,2219,2219,2219,2219,2219,2219,2219,2219,2219,6
1145,2941,2941,2941,2941,2941,2941,2941,2941,2941,2941,6
1146,1292,1292,1292,1292,1292,1292,1292,1292,1292,1292,6
1147,796,1099,796,1099,796,1099,796,1099,796,1099,5
1148,1452,1452,1452,1452,1452,1452,1452,1452,1452,1452,6
1149,873,874,1214,873,874,1214,873,874,1214,1214,4
1150,1394,1394,1394,1394,1394,1394,1394,1394,1394,1394,6
1151,1291,1291,1291,1291,1291,1291,1291,1291,1291,1291,6
1152,683,683,683,683,683,683,683,683,683,683,6
1153,1064,1064,1064,1064,1064,1064,1064,1064,1064,1064,6
1154,1292,1292,1292,1292,1292,1292,1292,1292,1292,1292,6
1155,1251,1290,1251,1290,1251,1290,1251,1290,1251,1290,5
1156,267,267,267,267,267,267,267,267,267,267,6
1157,1237,1237,1237,1237,1237,1237,1237,1237,1237,1237,6
1158,263,263,263,263,263,263,263,263,263,263,6
1159,1668,1671,1668,1671,1668,1671,1668,1671,1668,1671,5
1160,1737,1737,1737,1737,1737,1737,1737,1737,1737,1737,6
1161,1940,2960,1940,2960,1940,2960,1940,2960,1940,2960,5
1162,1253,3038,1253,3038,1253,3038,1253,3038,1253,3038,5
1163,1250,1254,1250,1254,1250,1254,1250,1254,1250,1254,5
1164,896,975,896,975,896,975,896,975,896,975,5
1165,1099,1099,1099,1099,1099,1099,1099,1099,1099,1099,6
1166,607,608,644,607,608,644,607,608,644,607,4
1167,708,742,708,742,708,742,708,742,708,742,5
1168,671,671,671,671,671,671,671,671,671,671,6
1169,1292,1367,1292,1367,1292,1367,1292,1367,1292,1367,5
1170,366,366,366,366,366,366,366,366,366,366,6
1171,707,707,707,707,707,707,707,707,707,707,6
1172,1071,1110,1071,1110,1071,1110,1071,1110,1071,1110,5
1173,2322,2322,2322,2322,2322,2322,2322,2322,2322,2322,6
1174,956,956,956,956,956,956,956,956,956,956,6
1175,1861,2240,1861,2240,1861,2240,1861,2240,1861,2240,5
1176,988,988,988,988,988,988,988,988,988,988,6
1177,1632,1632,1632,1632,1632,1632,1632,1632,1632,1632,6
1178,835,835,835,835,835,835,835,835,835,835,6
1179,798,798,798,798,798,798,798,798,798,798,6
1180,851,851,851,851,851,851,851,851,851,851,6
1181,263,263,263,263,263,263,263,263,263,263,6
1182,28,28,28,28,28,28,28,28,28,28,6
1183,291,328,291,328,291,328,291,328,291,328,5
1184,949,949,949,949,949,949,949,949,949,949,6
1185,958,958,958,958,958,958,958,958,958,958,6
1186,164,164,164,164,164,164,164,164,164,164,6
1187,341,341,341,341,341,341,341,341,341,341,6
1188,1215,1215,1215,1215,1215,1215,1215,1215,1215,1215,6
1189,873,874,873,874,873,874,873,874,873,874,5
1190,341,1102,341,1102,341,1102,341,1102,341,1102,5
1191,2124,2124,2124,2124,2124,2124,2124,2124,2124,2124,6
1192,951,1255,951,1255,951,1255,951,1255,951,1255,5
1193,922,922,922,922,922,922,922,922,922,922,6
1194,263,263,263,263,263,263,263,263,263,263,6
1195,1237,1237,1237,1237,1237,1237,1237,1237,1237,1237,6
1196,2545,2545,2545,2545,2545,2545,2545,2545,2545,2545,6
1197,1028,1977,1028,1977,1028,1977,1028,1977,1028,1977,5
1198,1767,1809,1767,1809,1767,1809,1767,1809,1767,1809,5
1199,2735,2735,2735,2735,2735,2735,2735,2735,2735,2735,6
1200,2548,2548,2548,2548,2548,2548,2548,2548,2548,2548,6
1201,2512,2512,2512,2512,2512,2512,2512,2512,2512,2512,6
1202,992,992,992,992,992,992,992,992,992,992,6
1203,1048,1049,1048,1049,1048,1049,1048,1049,1048,1049,5
1204,1086,1086,1086,1086,1086,1086,1086,1086,1086,1086,6
1205,2941,2941,2941,2941,2941,2941,2941,2941,2941,2941,6
1206,2767,2767,2767,2767,2767,2767,2767,2767,2767,2767,6
1207,1245,2994,1245,2994,1245,2994,1245,2994,1245,2994,5
1208,1199,1199,1199,1199,1199,1199,1199,1199,1199,1199,6
1209,1167,1167,1167,1167,1167,1167,1167,1167,1167,1167,6
1210,992,992,992,992,992,992,992,992,992,992,6
1211,1115,1913,1952,2997,1913,2997,1115,1913,1952,2997,3
1212,1444,1744,1746,1444,1744,1746,1444,1744,1746,1444,4
1213,683,683,683,683,683,683,683,683,683,683,6
1214,379,379,379,379,379,379,379,379,379,379,6
1215,263,263,263,263,263,263,263,263,263,263,6
1216,1083,1083,1083,1083,1083,1083,1083,1083,1083,1083,6
1217,500,500,500,500,500,500,500,500,500,500,6
1218,340,340,340,340,340,340,340,340,340,340,6
1219,2619,2619,2619,2619,2619,2619,2619,2619,2619,2619,6
1220,1159,1159,1159,1159,1159,1159,1159,1159,1159,1159,6
1221,1100,1140,1368,1100,1140,1368,1100,1140,1368,1100,4
1222,1009,1009,1009,1009,1009,1009,1009,1009,1009,1009,6
1223,2597,2597,2597,2597,2597,2597,2597,2597,2597,2597,6
1224,807,807,807,807,807,807,807,807,807,807,6
1225,1239,1239,1239,1239,1239,1239,1239,1239,1239,1239,6
1226,1065,1065,1065,1065,1065,1065,1065,1065,1065,1065,6
1227,2941,2941,2941,2941,2941,2941,2941,2941,2941,2941,6
1228,3030,3030,3030,3030,3030,3030,3030,3030,3030,3030,6
1229,120,156,120,156,120,156,120,156,120,156,5
1230,1522,1522,1522,1522,1522,1522,1522,1522,1522,1522,6
1231,74,74,74,74,74,74,74,74,74,74,6
1232,263,263,263,263,263,263,263,263,263,263,6
1233,1049,1049,1049,1049,1049,1049,1049,1049,1049,1049,6
1234,1409,1409,1409,1409,1409,1409,1409,1409,1409,1409,6
1235,1051,1125,1126,1051,1125,1126,1051,1125,1126,1125,4
1236,437,437,437,437,437,437,437,437,437,437,6
1237,2937,2937,2937,2937,2937,2937,2937,2937,2937,2937,6
1238,719,719,719,719,719,719,719,719,719,719,6
1239,907,907,907,907,907,907,907,907,907,907,6
1240,1251,1290,1557,1935,1937,1972,7,3,2,5,1
1241,2644,2644,2644,2644,2644,2644,2644,2644,2644,2644,6
1242,173,212,173,212,173,212,173,212,173,212,5
1243,953,953,953,953,953,953,953,953,953,953,6
1244,2067,2067,2067,2067,2067,2067,2067,2067,2067,2067,6
1245,312,422,312,422,312,422,312,422,312,422,5
1246,794,794,794,794,794,794,794,794,794,794,6
1247,148,262,302,2957,148,302,148,262,302,2957,3
1248,459,459,459,459,459,459,459,459,459,459,6
1249,658,658,658,658,658,658,658,658,658,658,6
1250,760,760,760,760,760,760,760,760,760,760,6
1251,1062,1062,1062,1062,1062,1062,1062,1062,1062,1062,6
1252,1071,1110,3004,1071,1110,3004,1071,1110,3004,3004,4
1253,1043,1043,1043,1043,1043,1043,1043,1043,1043,1043,6
1254,120,122,120,122,120,122,120,122,120,122,5
1255,1109,1384,1385,1109,1384,1385,1109,1384,1385,1109,4
1256,343,382,422,3024,382,3024,343,382,422,3024,3
1257,2543,2544,2543,2544,2543,2544,2543,2544,2543,2544,5
1258,951,951,951,951,951,951,951,951,951,951,6
1259,1181,1181,1181,1181,1181,1181,1181,1181,1181,1181,6
1260,1205,1235,2994,1205,1235,2994,1205,1235,2994,1235,4
1261,1452,1452,1452,1452,1452,1452,1452,1452,1452,1452,6
1262,2962,2962,2962,2962,2962,2962,2962,2962,2962,2962,6
1263,2315,2315,2315,2315,2315,2315,2315,2315,2315,2315,6
1264,341,341,341,341,341,341,341,341,341,341,6
1265,3016,3016,3016,3016,3016,3016,3016,3016,3016,3016,6
1266,2603,2603,2603,2603,2603,2603,2603,2603,2603,2603,6
1267,2472,2472,2472,2472,2472,2472,2472,2472,2472,2472,6
1268,2127,2165,2203,2127,2165,2203,2127,2165,2203,2203,4
1269,2003,2003,2003,2003,2003,2003,2003,2003,2003,2003,6
1270,2724,2724,2724,2724,2724,2724,2724,2724,2724,2724,6
1271,1291,1291,1291,1291,1291,1291,1291,1291,1291,1291,6
1272,590,592,590,592,590,592,590,592,590,592,5
1273,1252,1252,1252,1252,1252,1252,1252,1252,1252,1252,6
1274,483,483,483,483,483,483,483,483,483,483,6
1275,1017,1017,1017,1017,1017,1017,1017,1017,1017,1017,6
1276,1460,1460,1460,1460,1460,1460,1460,1460,1460,1460,6
1277,37,37,37,37,37,37,37,37,37,37,6
1278,1130,1130,1130,1130,1130,1130,1130,1130,1130,1130,6
1279,1216,1216,1216,1216,1216,1216,1216,1216,1216,1216,6
1280,1148,1148,1148,1148,1148,1148,1148,1148,1148,1148,6
1281,1956,1959,1998,1956,1959,1998,1956,1959,1998,1998,4
1282,2261,2261,2261,2261,2261,2261,2261,2261,2261,2261,6
1283,1254,1254,1254,1254,1254,1254,1254,1254,1254,1254,6
1284,2189,2189,2189,2189,2189,2189,2189,2189,2189,2189,6
1285,1270,1270,1270,1270,1270,1270,1270,1270,1270,1270,6
1286,1783,1783,1783,1783,1783,1783,1783,1783,1783,1783,6
1287,1324,1629,1324,1629,1324,1629,1324,1629,1324,1629,5
1288,1083,1120,1159,1196,1083,1196,1083,1120,1159,1196,3
1289,1167,1205,1167,1205,1167,1205,1167,1205,1167,1205,5
1290,1150,1150,1150,1150,1150,1150,1150,1150,1150,1150,6
1291,1995,2076,1995,2076,1995,2076,1995,2076,1995,2076,5
1292,2875,2875,2875,2875,2875,2875,2875,2875,2875,2875,6
1293,896,898,934,896,898,934,896,898,934,934,4
1294,683,2938,683,2938,683,2938,683,2938,683,2938,5
1295,3030,3030,3030,3030,3030,3030,3030,3030,3030,3030,6
1296,162,162,162,162,162,162,162,162,162,162,6
1297,758,758,758,758,758,758,758,758,758,758,6
