cell,maxmcc
0,0.6
1,0.6616167640139134
2,0.48148148148148145
3,0.6270544465288198
4,0.4726304186039512
5,0.4101675241928226
6,0.49265895172303803
7,0.600099198148979
8,0.615761131012764
9,0.5571420284083805
10,0.5080424086525079
11,0.5459486832355505
12,0.560611910581388
13,0.48911598804451845
14,0.5092720883635867
15,0.6963106238227914
16,0.6489327854329603
17,0.5790562220793116
18,0.625
19,0.40637772717369386
20,0.7216878364870322
21,0.5443310539518174
22,0.5303491306562569
23,0.3326121760930659
24,0.693584974141045
25,0.47937644619880754
26,0.6210590034081187
27,0.6017797552836485
28,0.5057116329928112
29,0.5847351773491256
30,0.522926418802265
31,0.4213437361468322
32,0.5293330621827873
33,0.5743401100475389
34,0.615761131012764
35,0.5083042452524145
36,0.6291342872277006
37,0.7277364232049438
38,0.5607501255725158
39,0.6752304944551178
40,0.5872801368884133
41,0.4518689194467694
42,0.45133857602476013
43,0.5713623881818716
44,0.5489074312123959
45,0.42640143271122083
46,0.5833333333333334
47,0.5193548676269514
48,0.45630518910673146
49,0.5960239698501034
50,0.48304589153964794
51,0.615761131012764
52,0.601844440563991
53,0.5217732845620352
54,0.655612168542959
55,0.48420012470625223
56,0.6190839473613646
57,0.5773502691896257
58,0.6130060338328881
59,0.5775353766869084
60,0.5303491306562569
61,0.5217732845620352
62,0.6396021490668312
63,0.45722379673248675
64,0.4259188050152892
65,0.6943650748294136
66,0.7222222222222222
67,0.6215188768538847
68,0.7590721152765896
69,0.5328142380422692
70,0.47918703335441704
71,0.6013377943029549
72,0.6874696087731698
73,0.5760740949796733
74,0.6248969054286483
75,0.6601213010026343
76,0.763250463826135
77,0.5077524002897474
78,0.539670194292455
79,0.5466882353208311
80,0.5852245974361905
81,0.49760765550239233
82,0.5400617248673216
83,0.4057411124598246
84,0.6975184488828855
85,0.668946008992534
86,0.5312921105596637
87,0.6707702909835204
88,0.4949616346001923
89,0.6787006317892075
90,0.6339667779924166
91,0.5927601809954751
92,0.537430772925014
93,0.5789020570930277
94,0.5211332011832283
95,0.48655535611497364
96,0.600099198148979
97,0.7347071583103029
98,0.8412698412698413
99,0.693584974141045
100,0.6494998689336408
101,0.5457882752158589
102,0.6625413488689132
103,0.6547562327751437
104,0.5640760748177662
105,0.6747699033149638
106,0.6494998689336408
107,0.5753723590625356
108,0.39159937423690744
109,0.6940736846273916
110,0.5382548280972278
111,0.667124384994991
112,0.7459756021776387
113,0.6215188768538847
114,0.6248969054286483
115,0.4887364537748325
116,0.5276026258916159
117,0.6601213010026343
118,0.6531972647421809
119,0.7143171713697036
120,0.6093898274052314
121,0.6682922888477266
122,0.46770717334674267
123,0.6494998689336408
124,0.3805211953235953
125,0.561131124067762
126,0.6474735605170387
127,0.6874696087731698
128,0.5232166435699436
129,0.6825396825396826
130,0.6805741948407684
131,0.6291342872277006
132,0.48863636363636365
133,0.7008255578851516
134,0.6940736846273916
135,0.7728525967890878
136,0.6005325641789633
137,0.5790660241435861
138,0.635850784457874
139,0.5498051602938211
140,0.5833333333333334
141,0.6150505749344252
142,0.5624833862511962
143,0.5408622961347709
144,0.7160363101040004
145,0.615761131012764
146,0.6805248267132351
147,0.49691249191764436
148,0.49949290539169905
149,0.6900655593423541
150,0.755706842606574
151,0.5945883900105631
152,0.6285648694397382
153,0.5692759968856999
154,0.7899464730200436
155,0.4637130167514838
156,0.6000059924121083
157,0.5624833862511962
158,0.649519052838329
159,0.5447047794019222
160,0.6093898274052314
161,0.6018358754926051
162,0.6607224515001643
163,0.7216878364870322
164,0.5217732845620352
165,0.5692759968856999
166,0.5002981308593826
167,0.643231870972044
168,0.45701357466063347
169,0.5929994533288809
170,0.5276026258916159
171,0.7484551991837489
172,0.4769955154381276
173,0.49930705718126556
174,0.6270544465288198
175,0.6728587693886119
176,0.48911598804451845
177,0.48420012470625223
178,0.4923659639173309
179,0.6000059924121083
180,0.6857339868096689
181,0.7017770964047549
182,0.4795122238161563
183,0.605604066583037
184,0.6399446119896117
185,0.5961068185077816
186,0.5189020443586946
187,0.542083290513823
188,0.5322873025539941
189,0.52
190,0.5271194646651204
191,0.651311611681508
192,0.5355619784549367
193,0.4600571105698491
194,0.44891403355632525
195,0.601844440563991
196,0.6453485131733212
197,0.5188745216627708
198,0.552112919444132
199,0.7160363101040004
200,0.5466882353208311
201,0.5841132909764998
202,0.6272303234501363
203,0.5293330621827873
204,0.4925634395455
205,0.6667221043064584
206,0.5193548676269514
207,0.6805248267132351
208,0.5211332011832283
209,0.61295205952238
210,0.4769955154381276
211,0.5713623881818716
212,0.5904276641096714
213,0.615761131012764
214,0.6226998490772391
215,0.6018358754926051
216,0.6411483253588517
217,0.6787006317892075
218,0.6072478497753466
219,0.5571420284083805
220,0.5872801368884133
221,0.52
222,0.42544459644322846
223,0.633856404504044
224,0.678914604256241
225,0.4447495899966607
226,0.4680878626390806
227,0.6857339868096689
228,0.4796874435475383
229,0.5286195286195287
230,0.5083042452524145
231,0.8273902855210983
232,0.6005325641789633
233,0.5753723590625356
234,0.5739480576625673
235,0.763250463826135
236,0.6339667779924166
237,0.45630518910673146
238,0.6446583712203042
239,0.6857339868096689
240,0.635850784457874
241,0.4987413913553295
242,0.5909278263416963
243,0.6606334841628959
244,0.4969241611489845
245,0.42766860172384985
246,0.5972761465940561
247,0.5773502691896257
248,0.5361185533187384
249,0.522926418802265
250,0.53813823519705
251,0.642344751602731
252,0.6423172335936725
253,0.5590169943749475
254,0.600099198148979
255,0.5571420284083805
256,0.6743558189451947
257,0.5578973528215934
258,0.5833333333333334
259,0.5260936858500342
260,0.4497681421231907
261,0.5847351773491256
262,0.53813823519705
263,0.5286195286195287
264,0.533001790889026
265,0.5520524474738834
266,0.6975184488828855
267,0.655612168542959
268,0.7008255578851516
269,0.5617437798685708
270,0.49930705718126556
271,0.7618064470073773
272,0.7160363101040004
273,0.36363636363636365
274,0.7884298457197201
275,0.6898343981885279
276,0.4459450376949545
277,0.4590923832421634
278,0.6649284750350865
279,0.48911598804451845
280,0.5704743343506947
281,0.5852245974361905
282,0.6571428571428571
283,0.4297722474802028
284,0.667045768100612
285,0.5765599193746258
286,0.7023477274561407
287,0.6681531047810609
288,0.5904276641096714
289,0.6747699033149638
290,0.7151013537622166
291,0.5615533925834306
292,0.732292093352318
293,0.5980433538121547
294,0.4679120443343131
295,0.5972761465940561
296,0.6443815868826047
297,0.7618064470073773
298,0.7396395675758787
299,0.5345224838248488
300,0.6092717958449424
301,0.7264891597367924
302,0.615761131012764
303,0.755706842606574
304,0.667045768100612
305,0.4547697342208882
306,0.48302230704184124
307,0.7399400733959437
308,0.6172133998483676
309,0.6659120918162917
310,0.763250463826135
311,0.828078671210825
312,0.6270544465288198
313,0.4357069698652675
314,0.6494998689336408
315,0.6135258977005952
316,0.47581541941895394
317,0.5466882353208311
318,0.6453485131733212
319,0.6975184488828855
320,0.6163649961485784
321,0.625
322,0.5826987807288609
323,0.635850784457874
324,0.6787006317892075
325,0.6411483253588517
326,0.597766393027815
327,0.5760740949796733
328,0.5929994533288809
329,0.5174020267150052
330,0.655612168542959
331,0.6940736846273916
332,0.5382548280972278
333,0.5103545438827408
334,0.5945643676931176
335,0.5048267902790238
336,0.5604395604395604
337,0.6396021490668312
338,0.6649284750350865
339,0.6253635012747127
340,0.5980433538121547
341,0.4297722474802028
342,0.6807175771920092
343,0.6831615920317885
344,0.4645188948913181
345,0.5692759968856999
346,0.5871365639519861
347,0.6013377943029549
348,0.53813823519705
349,0.6339667779924166
350,0.40771775315010045
351,0.5217732845620352
352,0.55
353,0.5385172043328621
354,0.4057411124598246
355,0.7775419143502352
356,0.635850784457874
357,0.643231870972044
358,0.41845262477275313
359,0.5569045355497197
360,0.605604066583037
361,0.597766393027815
362,0.5885714285714285
363,0.7560635367692795
364,0.5232710646939505
365,0.4035804121180255
366,0.6059827069546495
367,0.55
368,0.5704743343506947
369,0.7
370,0.5960239698501034
371,0.6443842824670218
372,0.5769682726204466
373,0.5713623881818716
374,0.5617437798685708
375,0.7022121747039765
376,0.768616432123654
377,0.658702969519582
378,0.635850784457874
379,0.5532833351724881
380,0.5188745216627708
381,0.7560635367692795
382,0.4911436350228294
383,0.649519052838329
384,0.46806441448386027
385,0.552112919444132
386,0.542083290513823
387,0.6707702909835204
388,0.5773502691896257
389,0.5567809085027716
390,0.6632996632996633
391,0.6093898274052314
392,0.497468338163091
393,0.5411994792469634
394,0.7348469228349535
395,0.6059827069546495
396,0.7468671973263985
397,0.5660175036135799
398,0.5147734916075589
399,0.7984472665856134
400,0.5961068185077816
401,0.6857339868096689
402,0.6130060338328881
403,0.5276026258916159
404,0.6807175771920092
405,0.6215188768538847
406,0.6726727939963124
407,0.5319061074502314
408,0.526635431152213
409,0.584729075647938
410,0.4925634395455
411,0.6547562327751437
412,0.5411994792469634
413,0.6399446119896117
414,0.6272303234501363
415,0.5466882353208311
416,0.7151013537622166
417,0.5332647821200915
418,0.6000846283554659
419,0.4865433470311616
420,0.6900655593423541
421,0.6275858941193139
422,0.4461613267582838
423,0.4671198287892241
424,0.6707702909835204
425,0.5753723590625356
426,0.43463356032809364
427,0.5188745216627708
428,0.5904276641096714
429,0.5051814855409226
430,0.8027374854050526
431,0.6365239496641676
432,0.7002186247515697
433,0.47155766038319696
434,0.5276026258916159
435,0.5447047794019222
436,0.5838438510819999
437,0.6932325934139483
438,0.6287372835939984
439,0.6494998689336408
440,0.784911248942992
441,0.5382548280972278
442,0.7094390134677043
443,0.5217732845620352
444,0.5020602926268245
445,0.678914604256241
446,0.5854812407564532
447,0.6633880657639324
448,0.5171430023650757
449,0.5624833862511962
450,0.5260936858500342
451,0.6659120918162917
452,0.5871365639519861
453,0.5617437798685708
454,0.7327952057001721
455,0.5468369674750406
456,0.7242878681140971
457,0.5945643676931176
458,0.5156929620972371
459,0.48717948717948717
460,0.5929994533288809
461,0.555720126229905
462,0.458682472293863
463,0.6409795742933276
464,0.4342571563774075
465,0.5382548280972278
466,0.6874696087731698
467,0.5466882353208311
468,0.44226898133585163
469,0.552112919444132
470,0.6898343981885279
471,0.5584945425171289
472,0.5909278263416963
473,0.615761131012764
474,0.667124384994991
475,0.7347071583103029
476,0.41437876660176987
477,0.5408622961347709
478,0.6040718517322203
479,0.4865433470311616
480,0.5790660241435861
481,0.5685352436149611
482,0.5739480576625673
483,0.5826987807288609
484,0.6963434431202348
485,0.5193548676269514
486,0.7468671973263985
487,0.5847351773491256
488,0.601844440563991
489,0.5841132909764998
490,0.5002780094738025
491,0.6682922888477266
492,0.4769955154381276
493,0.4923659639173309
494,0.601844440563991
495,0.5704743343506947
496,0.6130060338328881
497,0.5276026258916159
498,0.46141203876656334
499,0.5484729361528488
500,0.4344001219866636
501,0.47581541941895394
502,0.5874473963050967
503,0.5344015374529363
504,0.5607501255725158
505,0.5211332011832283
506,0.5271194646651204
507,0.48302230704184124
508,0.687322439220206
509,0.4157485898378407
510,0.472455591261534
511,0.6851144473160397
512,0.6059827069546495
513,0.5773502691896257
514,0.5193548676269514
515,0.658702969519582
516,0.5896032831737346
517,0.6059827069546495
518,0.6737497456694624
519,0.5773502691896257
520,0.5303491306562569
521,0.4258373205741627
522,0.5631113467731971
523,0.432406553190849
524,0.6361072620956485
525,0.512296083069553
526,0.6148908857509627
527,0.6339667779924166
528,0.5847351773491256
529,0.5904276641096714
530,0.5896032831737346
531,0.7017770964047549
532,0.693584974141045
533,0.4773219316247945
534,0.4637130167514838
535,0.5147734916075589
536,0.5064629847238543
537,0.6607224515001643
538,0.5604395604395604
539,0.49320348059807845
540,0.7938566201357354
541,0.5847351773491256
542,0.5005173307126191
543,0.5312921105596637
544,0.5205674283520202
545,0.4629100498862757
546,0.6339667779924166
547,0.7198707287006141
548,0.670721181477857
549,0.42127007609892303
550,0.7649463099740119
551,0.4330127018922193
552,0.5743401100475389
553,0.5271194646651204
554,0.615761131012764
555,0.5463235193135126
556,0.6059827069546495
557,0.6453485131733212
558,0.4140393356054125
559,0.6527777777777778
560,0.6919127086007703
561,0.5260936858500342
562,0.5852245974361905
563,0.6489327854329603
564,0.50709255283711
565,0.6134100392656419
566,0.5092720883635867
567,0.52
568,0.8003117018171004
569,0.53125
570,0.6649284750350865
571,0.4769955154381276
572,0.6547562327751437
573,0.718326140056885
574,0.5193548676269514
575,0.5790660241435861
576,0.5929994533288809
577,0.6547562327751437
578,0.643231870972044
579,0.6134100392656419
580,0.7092993656151906
581,0.5319061074502314
582,0.5005173307126191
583,0.46054685728553363
584,0.625
585,0.4889205555420481
586,0.5232166435699436
587,0.5789020570930277
588,0.569377990430622
589,0.5773502691896257
590,0.5904276641096714
591,0.5713623881818716
592,0.6443842824670218
593,0.6000059924121083
594,0.533001790889026
595,0.6272303234501363
596,0.46054685728553363
597,0.42720460055933956
598,0.42640143271122083
599,0.5114083119567588
600,0.5457882752158589
601,0.7440955783130765
602,0.5952277431812029
603,0.48072304238752694
604,0.6215188768538847
605,0.600099198148979
606,0.8003117018171004
607,0.5062104997714462
608,0.6134100392656419
609,0.5108850621400399
610,0.6606334841628959
611,0.7092181826645518
612,0.47619373329613723
613,0.6559304988834465
614,0.6682922888477266
615,0.5090016366612111
616,0.49195657999029213
617,0.6825396825396826
618,0.53813823519705
619,0.44891403355632525
620,0.44857669101047376
621,0.636731017873357
622,0.5098463150578799
623,0.48304589153964794
624,0.38285714285714284
625,0.6248969054286483
626,0.5466882353208311
627,0.6681531047810609
628,0.5361185533187384
629,0.79639080275258
630,0.763250463826135
631,0.5826987807288609
632,0.5685352436149611
633,0.6005325641789633
634,0.5885714285714285
635,0.636731017873357
636,0.6253635012747127
637,0.7942857142857143
638,0.5841132909764998
639,0.6639137299238815
640,0.5443310539518174
641,0.7984472665856134
642,0.624232665862793
643,0.47809144373375745
644,0.44
645,0.8303258359155277
646,0.7516598260212388
647,0.6032119125755603
648,0.49949290539169905
649,0.48416483186574427
650,0.7017770964047549
651,0.5833333333333334
652,0.8300279198737096
653,0.5520524474738834
654,0.7061594164246574
655,0.5713623881818716
656,0.6637465183030647
657,0.5871365639519861
658,0.5904276641096714
659,0.3718678720805473
660,0.5569045355497197
661,0.6376153378033024
662,0.649519052838329
663,0.5260936858500342
664,0.6210590034081187
665,0.6805248267132351
666,0.4925634395455
667,0.6339667779924166
668,0.6533052580081484
669,0.6272303234501363
670,0.5443310539518174
671,0.6427645173496146
672,0.7271174583766905
673,0.526635431152213
674,0.7277364232049438
675,0.635850784457874
676,0.5332647821200915
677,0.5328142380422692
678,0.5382548280972278
679,0.5871365639519861
680,0.6708618466961839
681,0.642344751602731
682,0.48302230704184124
683,0.555720126229905
684,0.6851144473160397
685,0.7560635367692795
686,0.610785564835303
687,0.4720928632928928
688,0.768616432123654
689,0.5302948373744062
690,0.6887564582728789
691,0.7590721152765896
692,0.625
693,0.6005325641789633
694,0.48863636363636365
695,0.6847367880174606
696,0.601844440563991
697,0.5147734916075589
698,0.6143345440100666
699,0.5457882752158589
700,0.5306941097826292
701,0.6141922686399942
702,0.667124384994991
703,0.509912563593821
704,0.7473924880782187
705,0.5706644326895116
706,0.8158910693878249
707,0.5435859050002226
708,0.5332647821200915
709,0.698101163121484
710,0.6312279884865479
711,0.6324555320336759
712,0.6275858941193139
713,0.5852245974361905
714,0.6527777777777778
715,0.6453485131733212
716,0.5680190375273113
717,0.5584945425171289
718,0.5570706251171438
719,0.6134100392656419
720,0.5570706251171438
721,0.497468338163091
722,0.6318950701275056
723,0.5980433538121547
724,0.5624833862511962
725,0.6031746031746031
726,0.7646248280490423
727,0.7021511854826284
728,0.6196817475252878
729,0.584729075647938
730,0.6134100392656419
731,0.5631113467731971
732,0.509912563593821
733,0.5303491306562569
734,0.670721181477857
735,0.4512711148376279
736,0.5885714285714285
737,0.4769955154381276
738,0.5075239398084815
739,0.5495290968620477
740,0.5138888888888888
741,0.5896032831737346
742,0.5846845821518305
743,0.5385172043328621
744,0.5083042452524145
745,0.5769682726204466
746,0.5790562220793116
747,0.6291342872277006
748,0.6135258977005952
749,0.600099198148979
750,0.5108850621400399
751,0.5826987807288609
752,0.5571420284083805
753,0.5713623881818716
754,0.4969293465978882
755,0.4680878626390806
756,0.5961068185077816
757,0.4461613267582838
758,0.5382548280972278
759,0.44271887242357305
760,0.6975184488828855
761,0.3722779576087101
762,0.4720928632928928
763,0.5002981308593826
764,0.6248969054286483
765,0.5624833862511962
766,0.39970230490648306
767,0.5846845821518305
768,0.5921565254637922
769,0.5433239299507642
770,0.5615533925834306
771,0.45682168380158356
772,0.7003892132633236
773,0.5382548280972278
774,0.6287372835939984
775,0.6339667779924166
776,0.5361185533187384
777,0.5064629847238543
778,0.6538322262074268
779,0.775
780,0.5753723590625356
781,0.5433239299507642
782,0.5222329678670935
783,0.5400617248673216
784,0.6059134478302499
785,0.5624833862511962
786,0.625
787,0.6326312661279128
788,0.555720126229905
789,0.4680878626390806
790,0.6253635012747127
791,0.5332647821200915
792,0.5826987807288609
793,0.5411994792469634
794,0.5400617248673216
795,0.7410080177880776
796,0.6253635012747127
797,0.61295205952238
798,0.6939753828771712
799,0.6207835288969535
800,0.625
801,0.6253635012747127
802,0.45305152225567213
803,0.6590820436573076
804,0.6098048708871
805,0.5365373282078015
806,0.5260936858500342
807,0.4969293465978882
808,0.5400617248673216
809,0.676851592904777
810,0.6253635012747127
811,0.5217732845620352
812,0.5138581861552921
813,0.3844645254667628
814,0.5910804632890487
815,0.4280464902739756
816,0.6336996336996337
817,0.5332647821200915
818,0.5569045355497197
819,0.48114977090383854
820,0.5466882353208311
821,0.5319061074502314
822,0.5547950410914818
823,0.526635431152213
824,0.618668158322934
825,0.49691249191764436
826,0.42669419033768446
827,0.52
828,0.44857669101047376
829,0.4438800620417748
830,0.5591833437297304
831,0.45305152225567213
832,0.5286195286195287
833,0.6474735605170387
834,0.5935087914985075
835,0.6633880657639324
836,0.3766296914193305
837,0.45722379673248675
838,0.4377064334118014
839,0.6805248267132351
840,0.6475260220108946
841,0.5867227354607402
842,0.6682922888477266
843,0.4276234226015265
844,0.6059827069546495
845,0.6847367880174606
846,0.6287372835939984
847,0.5048267902790238
848,0.5998858827434879
849,0.47581541941895394
850,0.45682168380158356
851,0.42127007609892303
852,0.5311093184684907
853,0.497468338163091
854,0.7486251134176306
855,0.7285067873303167
856,0.7216878364870322
857,0.5624833862511962
858,0.5355619784549367
859,0.6494998689336408
860,0.7277477067903931
861,0.601844440563991
862,0.6427645173496146
863,0.5852245974361905
864,0.5232166435699436
865,0.6312279884865479
866,0.6607224515001643
867,0.649519052838329
868,0.5147734916075589
869,0.7222222222222222
870,0.5789020570930277
871,0.5570706251171438
872,0.6245007955370551
873,0.635850784457874
874,0.6637465183030647
875,0.6196817475252878
876,0.540774886492425
877,0.6446583712203042
878,0.6326312661279128
879,0.5773502691896257
880,0.5617437798685708
881,0.6805248267132351
882,0.49930705718126556
883,0.5904276641096714
884,0.667124384994991
885,0.615761131012764
886,0.43934521850105723
887,0.5929994533288809
888,0.44298119496145877
889,0.5570706251171438
890,0.5303300858899106
891,0.6196817475252878
892,0.6254017837577625
893,0.6940736846273916
894,0.6215188768538847
895,0.31511100761641775
896,0.6945819897225067
897,0.717978848413631
898,0.6172133998483676
899,0.5189020443586946
900,0.5156929620972371
901,0.6215188768538847
902,0.5260936858500342
903,0.6743558189451947
904,0.5960239698501034
905,0.732292093352318
906,0.5328142380422692
907,0.6275858941193139
908,0.569377990430622
909,0.6339667779924166
910,0.5697451763897606
911,0.5382548280972278
912,0.6275858941193139
913,0.6743558189451947
914,0.649519052838329
915,0.5591833437297304
916,0.7590721152765896
917,0.540774886492425
918,0.5972761465940561
919,0.7198707287006141
920,0.5466882353208311
921,0.6098048708871
922,0.5217732845620352
923,0.4949616346001923
924,0.6681531047810609
925,0.6533052580081484
926,0.5786876586795141
927,0.41437876660176987
928,0.6399446119896117
929,0.7002186247515697
930,0.48911598804451845
931,0.41845262477275313
932,0.3977475304908625
933,0.45722379673248675
934,0.649519052838329
935,0.5571420284083805
936,0.6787006317892075
937,0.5138581861552921
938,0.6326312661279128
939,0.515687954032345
940,0.5495290968620477
941,0.5669817440703095
942,0.5909278263416963
943,0.44063640803644827
944,0.624232665862793
945,0.7399400733959437
946,0.6743558189451947
947,0.4206990826757158
948,0.5293330621827873
949,0.6716258743858474
950,0.6148908857509627
951,0.5871365639519861
952,0.6708618466961839
953,0.5972761465940561
954,0.4707565417620042
955,0.6092717958449424
956,0.5400617248673216
957,0.615761131012764
958,0.7092181826645518
959,0.5841132909764998
960,0.7092181826645518
961,0.42046696423523816
962,0.3977358167229929
963,0.5847351773491256
964,0.5248868778280543
965,0.33907114487232726
966,0.4344001219866636
967,0.6336996336996337
968,0.6874696087731698
969,0.6975184488828855
970,0.6287372835939984
971,0.6000059924121083
972,0.6963434431202348
973,0.5584945425171289
974,0.8003117018171004
975,0.7340855437891157
976,0.6210590034081187
977,0.6787006317892075
978,0.8193785757076022
979,0.561131124067762
980,0.6527777777777778
981,0.6682922888477266
982,0.732292093352318
983,0.7347071583103029
984,0.5852245974361905
985,0.651311611681508
986,0.615761131012764
987,0.5284412565300922
988,0.7516598260212388
989,0.5847351773491256
990,0.6625413488689132
991,0.658702969519582
992,0.6601213010026343
993,0.5468369674750406
994,0.45305152225567213
995,0.6215188768538847
996,0.7008255578851516
997,0.6805248267132351
998,0.6482661291007433
999,0.5147734916075589
1000,0.5332647821200915
1001,0.8000181801424892
1002,0.624232665862793
1003,0.6940736846273916
1004,0.6707702909835204
1005,0.4237627068876458
1006,0.6779693608668246
1007,0.584729075647938
1008,0.7216878364870322
1009,0.624232665862793
1010,0.6527777777777778
1011,0.48717948717948717
1012,0.6098048708871
1013,0.6533052580081484
1014,0.5775064575515225
1015,0.6059134478302499
1016,0.44658330511703165
1017,0.6210590034081187
1018,0.8301396995150081
1019,0.5939240266756143
1020,0.6196817475252878
1021,0.6365239496641676
1022,0.5211332011832283
1023,0.5847351773491256
1024,0.44271887242357305
1025,0.4889205555420481
1026,0.6681531047810609
1027,0.6527777777777778
1028,0.5116646005818544
1029,0.7305170766586324
1030,0.4004906973834362
1031,0.4969241611489845
1032,0.7216396688393494
1033,0.5532833351724881
1034,0.6423172335936725
1035,0.7242878681140971
1036,0.7646248280490423
1037,0.3476767476825577
1038,0.6196817475252878
1039,0.47155766038319696
1040,0.44563426062418965
1041,0.7002186247515697
1042,0.667124384994991
1043,0.775
1044,0.5189020443586946
1045,0.5773502691896257
1046,0.38575837490522974
1047,0.649519052838329
1048,0.6210590034081187
1049,0.6321310123395755
1050,0.39638299190103055
1051,0.575335078855507
1052,0.48989794855663565
1053,0.6726727939963124
1054,0.5382548280972278
1055,0.5495290968620477
1056,0.5961068185077816
1057,0.5789020570930277
1058,0.5217732845620352
1059,0.5051814855409226
1060,0.4708709557974187
1061,0.4923659639173309
1062,0.509912563593821
1063,0.4330127018922193
1064,0.5584945425171289
1065,0.6737497456694624
1066,0.5960239698501034
1067,0.6148908857509627
1068,0.5443310539518174
1069,0.5945883900105631
1070,0.6143345440100666
1071,0.6807175771920092
1072,0.561131124067762
1073,0.633183748201243
1074,0.539470955255819
1075,0.655612168542959
1076,0.5571420284083805
1077,0.6659120918162917
1078,0.7002186247515697
1079,0.5385172043328621
1080,0.6000846283554659
1081,0.6287372835939984
1082,0.635850784457874
1083,0.6059827069546495
1084,0.6248969054286483
1085,0.5584945425171289
1086,0.6196817475252878
1087,0.6093721236796248
1088,0.6616167640139134
1089,0.7160363101040004
1090,0.7410080177880776
1091,0.47155766038319696
1092,0.5197011503876875
1093,0.53813823519705
1094,0.7305170766586324
1095,0.635850784457874
1096,0.6743558189451947
1097,0.6210590034081187
1098,0.7590721152765896
1099,0.5940280741424203
1100,0.6411483253588517
1101,0.7440955783130765
1102,0.5286195286195287
1103,0.47937644619880754
1104,0.6326312661279128
1105,0.624232665862793
1106,0.7801894976054939
1107,0.4991650425568579
1108,0.7
1109,0.7618064470073773
1110,0.555720126229905
1111,0.5562686173382623
1112,0.565685424949238
1113,0.7151013537622166
1114,0.6489327854329603
1115,0.5998858827434879
1116,0.5790660241435861
1117,0.5929994533288809
1118,0.6210590034081187
1119,0.5333333333333333
1120,0.5631113467731971
1121,0.6489327854329603
1122,0.8366600265340756
1123,0.6067099699809587
1124,0.5929994533288809
1125,0.5927601809954751
1126,0.61295205952238
1127,0.7514185566237654
1128,0.7689345314505777
1129,0.5847351773491256
1130,0.6143345440100666
1131,0.7560635367692795
1132,0.5707481124892302
1133,0.6489327854329603
1134,0.624232665862793
1135,0.637058989297032
1136,0.7285067873303167
1137,0.39159937423690744
1138,0.6716826265389877
1139,0.4769955154381276
1140,0.6291342872277006
1141,0.6050580452280906
1142,0.40755007156655354
1143,0.601844440563991
1144,0.5961068185077816
1145,0.4865433470311616
1146,0.633856404504044
1147,0.6443815868826047
1148,0.6857339868096689
1149,0.5896032831737346
1150,0.649519052838329
1151,0.655612168542959
1152,0.5959595959595959
1153,0.6270544465288198
1154,0.5874473963050967
1155,0.542083290513823
1156,0.6299407883487121
1157,0.6940736846273916
1158,0.6547562327751437
1159,0.6442571234795915
1160,0.8324272430248784
1161,0.7092181826645518
1162,0.7793215269467167
1163,0.42669419033768446
1164,0.6900655593423541
1165,0.6590820436573076
1166,0.658702969519582
1167,0.5921565254637922
1168,0.655612168542959
1169,0.5833333333333334
1170,0.48416483186574427
1171,0.48631013253702965
1172,0.6207835288969535
1173,0.5773502691896257
1174,0.7590721152765896
1175,0.5847351773491256
1176,0.6474735605170387
1177,0.6339667779924166
1178,0.6093898274052314
1179,0.7061594164246574
1180,0.755706842606574
1181,0.755706842606574
1182,0.5739480576625673
1183,0.6196817475252878
1184,0.605604066583037
1185,0.5789020570930277
1186,0.49478280832979943
1187,0.5972761465940561
1188,0.6336996336996337
1189,0.6272303234501363
1190,0.561131124067762
1191,0.6188319447426375
1192,0.5789020570930277
1193,0.6571428571428571
1194,0.67005939426049
1195,0.6000846283554659
1196,0.718326140056885
1197,0.49691249191764436
1198,0.3891402714932127
1199,0.48416483186574427
1200,0.7716711048373441
1201,0.5874473963050967
1202,0.49099025303098287
1203,0.5972761465940561
1204,0.41437876660176987
1205,0.5156929620972371
1206,0.6619762037264222
1207,0.569377990430622
1208,0.42766860172384985
1209,0.5773502691896257
1210,0.6805248267132351
1211,0.734968415259167
1212,0.6940736846273916
1213,0.4714045207910317
1214,0.720097680774254
1215,0.5271194646651204
1216,0.35455158870905
1217,0.6190839473613646
1218,0.5188745216627708
1219,0.5789020570930277
1220,0.5286195286195287
1221,0.666365866544252
1222,0.5895832882957227
1223,0.5686531931014617
1224,0.6123724356957946
1225,0.4949616346001923
1226,0.4377064334118014
1227,0.61295205952238
1228,0.6059827069546495
1229,0.5042986332124733
1230,0.6975184488828855
1231,0.6253635012747127
1232,0.5260936858500342
1233,0.7216878364870322
1234,0.5400617248673216
1235,0.6453485131733212
1236,0.5147734916075589
1237,0.5680190375273113
1238,0.5332647821200915
1239,0.55
1240,0.6728587693886119
1241,0.4444444444444444
1242,0.8017837257372731
1243,0.5972761465940561
1244,0.643231870972044
1245,0.4140393356054125
1246,0.5138581861552921
1247,0.5676028121409139
1248,0.615761131012764
1249,0.6571428571428571
1250,0.6349074934224451
1251,0.4769955154381276
1252,0.667124384994991
1253,0.5624833862511962
1254,0.46084724005134786
1255,0.6098048708871
1256,0.5567809085027716
1257,0.5569045355497197
1258,0.7516598260212388
1259,0.4691438047788693
1260,0.6707702909835204
1261,0.5400617248673216
1262,0.49760765550239233
1263,0.618668158322934
1264,0.5156929620972371
1265,0.6453485131733212
1266,0.5680190375273113
1267,0.6708618466961839
1268,0.5083042452524145
1269,0.667124384994991
1270,0.7222222222222222
1271,0.6134100392656419
1272,0.44857669101047376
1273,0.453118905014399
1274,0.4582149594801373
1275,0.552112919444132
1276,0.4276234226015265
1277,0.5904276641096714
1278,0.5374689682335793
1279,0.6275858941193139
1280,0.6453485131733212
1281,0.5972761465940561
1282,0.5753723590625356
1283,0.61295205952238
1284,0.5847312864165932
1285,0.7002186247515697
1286,0.37073364955723553
1287,0.3891402714932127
1288,0.5372131112471095
1289,0.6607224515001643
1290,0.5520524474738834
1291,0.5865765738514722
1292,0.5769682726204466
1293,0.5293330621827873
1294,0.6965977657191911
1295,0.53813823519705
1296,0.555720126229905