,i1,i2,i3,i4,i5,i6,i7,i8,i9,i10
1,194,195,184,117,122,261,188,186,223,227
2,200,614,249,403,158,238,363,364,439,401
3,530,1101,645,607,605,569,568,604,643,3015
4,119,155,122,88,124,121,118,83,90,87
5,1399,718,184,528,1101,1397,569,2086,568,645
6,183,188,3015,223,184,568,643,3012,227,645
7,223,188,187,3012,645,227,568,605,643,3015
8,184,605,188,223,187,568,3012,227,3015,643
9,1520,1597,1521,3033,1788,2014,1900,1483,1938,1976
10,22,2689,2730,147,24,68,186,67,643,19
11,227,184,223,569,3015,605,568,604,643,645
12,1125,1048,1122,3011,1084,2993,1205,122,364,403
13,1390,1360,1320,1358,718,1357,1319,1397,3003,1318
14,2436,2476,2479,2839,2800,2920,2516,2689,2880,2881
15,261,568,339,187,3012,223,188,643,227,3015
16,2952,2897,2839,2880,2893,2802,2888,2842,2800,2881
17,2735,1365,2730,2773,2771,1101,2236,1326,643,3015
18,1143,1369,1826,1318,1792,1372,1295,3004,1753,1788
19,381,609,192,652,2511,650,155,497,536,498
20,536,646,269,570,2511,267,498,573,268,535
21,1357,2545,1179,1368,1379,1319,3003,718,1143,1318
22,1365,3015,2274,2771,643,2086,1326,1101,2236,2237
23,2733,1101,2772,2735,2730,2771,2773,643,3015,2236
24,645,2125,2729,2809,2541,2086,1101,2648,1326,2237
25,2889,2952,19,151,2854,2898,2897,2895,2888,2893
26,304,155,266,232,268,117,360,195,194,269
27,363,247,399,439,248,401,361,360,362,170
28,2733,2735,2730,605,2773,1101,2771,3015,643,2236
29,2518,2517,2560,2436,2479,2477,2511,2476,2689,2516
30,1792,1370,3038,1488,1368,1297,1409,1318,1143,1295
31,1326,1368,1318,1409,1297,1333,3004,1143,1792,1295
32,2915,2549,2842,2592,2553,2511,2552,2800,2880,2881
33,965,122,964,2952,996,994,998,2330,2102,401
34,3038,1368,718,3003,1792,1297,1409,1295,1143,1318
35,376,300,452,3015,415,643,302,341,2934,339
36,304,497,419,155,536,498,269,609,267,268
37,227,452,568,605,302,341,2934,643,3015,339
38,2274,2735,2730,605,2771,1101,2773,3015,643,2236
39,2730,2772,2735,1101,605,2771,2773,3015,2236,643
40,2516,2432,2514,836,2513,2394,2509,2476,2512,2511
41,2733,1101,2730,2735,2771,2772,2773,643,3015,2236
42,2440,2400,2479,2356,2434,2437,401,2436,2435,3034
43,2735,2730,605,2771,2274,1101,2237,3015,643,2236
44,497,117,155,2516,536,2476,535,498,2512,2511
45,1372,1792,1368,2512,2511,3004,1753,1318,1788,1295
46,1368,2086,2729,2809,1381,2689,2541,645,1326,3034
47,403,327,401,161,362,364,363,3011,439,122
48,434,327,133,399,363,122,326,80,439,401
49,1161,1048,1125,1122,1205,1054,1120,2993,1084,122
50,2058,1792,718,3003,691,1297,1941,1295,1318,1143
51,261,645,568,223,187,188,3012,227,643,3015
52,2889,19,151,2898,2952,2854,2895,2897,2888,2893
53,363,691,726,728,2058,693,2994,2954,439,401
54,357,304,362,155,497,361,536,498,609,360
55,2274,2735,2771,1101,2730,2773,605,2236,3015,643
56,1397,183,184,19,186,643,150,2689,3012,187
57,1333,1143,1215,1370,1318,1368,1409,1295,3034,1326
58,2733,1101,2772,2771,2735,643,2730,2773,3015,2236
59,1217,1940,2950,1794,401,2605,2058,1381,1326,3034
60,396,363,399,248,439,401,170,362,361,360
61,2772,227,1101,2771,2773,2735,2730,2236,643,3015
62,192,650,268,497,536,2512,573,2511,498,535
63,396,363,399,248,439,401,170,362,361,360
64,1333,1368,1318,1788,3004,1369,3034,1326,1792,1295
65,155,266,497,536,360,609,267,269,498,268
66,187,2876,2888,2840,2844,2915,2839,2842,2880,2881
67,799,1377,798,1182,1414,764,761,1374,683,836
68,3012,269,267,2622,2660,1217,227,1368,268,266
69,2236,2772,2771,2773,2086,1101,1365,1326,3015,643
70,225,186,222,261,183,226,184,188,223,227
71,187,569,188,3012,605,568,645,227,643,3015
72,1101,607,2086,569,605,568,604,645,3015,643
73,232,192,498,266,195,267,194,269,360,268
74,167,129,164,162,160,119,3011,161,158,122
75,605,2274,2733,607,2773,2089,2086,2772,2507,2237
76,2689,1370,2516,2553,1145,1146,3038,1409,1417,1368
77,2728,2735,2086,2768,2807,2809,2730,2767,2689,1101
78,686,1941,1417,1445,3038,650,1409,1143,1368,685
79,2809,1399,227,2086,223,183,184,2689,1397,645
80,2842,2838,2917,2660,2839,2920,2840,2915,2880,2881
81,1216,1374,2545,1192,1417,1180,1143,1318,1179,1217
82,1344,1084,1192,403,1319,439,805,1318,364,363
83,650,1368,1143,1941,1318,2512,1397,1939,2660,2511
84,157,267,342,231,192,195,268,269,193,194
85,1403,2507,2089,605,2086,1101,1326,1365,3015,643
86,2545,1180,1417,1143,1217,1179,1344,1192,1319,1318
87,122,194,121,3023,119,195,155,83,118,87
88,650,2511,691,498,3004,573,727,686,1792,535
89,247,363,399,248,439,170,401,361,360,362
90,2086,1403,643,2771,2730,2735,1365,1101,1326,3015
91,233,121,83,119,87,24,155,194,118,195
92,184,186,261,3012,643,187,223,3015,188,227
93,691,1826,1939,1792,3004,1295,2512,1753,2511,1788
94,2733,1365,2089,2237,2507,2274,1326,2086,2236,1897
95,2771,2086,1365,1101,3015,2237,2773,643,1326,2236
96,2511,2516,2881,2912,1326,2916,2923,3034,2920,2915
97,2771,2773,2772,2089,2733,2507,1365,2086,1326,2236
98,2842,2584,2589,2508,2552,2553,2592,2880,2586,2881
99,1563,1417,1379,1368,1297,1374,3038,1318,1409,1143
100,1403,2507,2773,2771,2089,2772,2733,2086,1365,1326
101,2647,2605,2687,2649,2643,2686,1360,2652,2645,1397
102,2086,1897,605,2771,2773,1101,1326,3015,643,2236
103,2730,2772,2086,2773,2771,1101,1365,3015,1326,643
104,2772,1101,2086,2773,2771,605,2237,3015,643,2236
105,184,605,223,188,187,568,3012,227,3015,643
106,1368,1372,1297,691,1409,1143,1318,3004,1753,1295
107,121,122,119,90,155,83,87,194,118,195
108,2735,2730,1101,2772,2773,2771,605,2236,3015,643
109,497,269,536,2512,2511,267,498,573,268,535
110,2730,2735,1365,2771,1101,2772,2773,3015,643,2236
111,1179,1417,3038,1379,718,1357,3003,1319,1143,1318
112,1483,1521,2511,1597,1900,1520,2014,3033,1938,1976
113,2772,1101,2730,2735,2773,2771,605,2236,643,3015
114,193,268,232,362,170,361,195,194,269,360
115,1093,2993,2976,1091,1055,3003,1016,1053,3024,1054
116,1322,1192,183,1399,2516,1398,2689,1360,1397,2648
117,1122,1206,3024,1054,1084,1016,1277,3003,1205,2993
118,2508,2553,2689,2516,2394,2514,2476,2513,2512,2511
119,3003,2683,1397,2686,2643,1318,364,2563,2605,2645
120,1596,1938,3033,2512,1597,2242,2318,1976,2280,2511
121,1120,1054,1161,1017,1122,3024,1053,2976,1084,1016
122,2772,2771,1365,1897,2773,2086,2237,2274,1326,2236
123,1052,1091,1115,1117,1078,1016,1087,2976,1054,1053
124,1710,1900,3033,1938,2014,988,1521,950,1483,1976
125,1360,2442,1318,2923,2479,2915,2516,1397,2920,1398
126,121,90,3023,155,83,118,194,119,122,195
127,605,2773,2086,1365,2771,1101,3015,643,1326,2236
128,3012,645,452,2730,2735,568,605,227,3015,643
129,2434,1368,718,2400,2516,1370,2605,1326,1318,3034
130,1205,1192,1320,1390,1344,718,1357,3003,1319,1318
131,1143,1192,1368,1941,2545,1374,1318,1180,1217,1179
132,2889,2952,19,151,2854,2898,2897,2895,2893,2888
133,327,324,435,325,403,401,362,363,364,439
134,2733,1101,2730,2735,2772,2771,2773,3015,643,2236
135,453,376,340,300,336,302,341,415,2934,339
136,1365,1326,2730,2735,2773,1101,2771,3015,643,2236
137,643,2086,1897,2772,2771,2237,2773,1326,2274,2236
138,2432,2509,2513,1368,2512,2552,2514,2511,2553,2476
139,2772,2735,2730,1101,2771,605,2773,3015,643,2236
140,1390,1358,1417,1143,1319,1397,1357,718,3003,1318
141,2236,2771,2089,3015,1365,1326,643,1101,2086,2237
142,325,1205,3011,2993,327,122,363,403,439,364
143,802,364,434,1318,363,2994,362,360,401,439
144,364,248,2994,363,361,399,360,362,439,401
145,1101,2735,2730,605,2274,2771,2773,3015,643,2236
146,492,3012,645,530,452,227,568,605,3015,643
147,401,1370,1192,439,2058,2950,1405,1381,1326,3034
148,2686,2770,2479,2881,183,150,2436,2516,1397,2689
149,1078,1052,1090,1091,1127,1016,1087,1054,2976,1053
150,2733,2772,1101,2735,2773,2730,2771,2236,643,3015
151,2730,2889,19,151,2854,2897,2898,2895,2893,2888
152,1101,2733,2274,1365,1326,2772,643,2771,2773,2236
153,1101,2773,2689,2733,2771,2772,2507,2236,3015,643
154,363,364,1417,1319,802,1179,805,1217,1143,1318
155,1127,2725,1091,3003,3024,1016,2993,2976,1053,1054
156,605,1101,2772,2735,2730,2771,2773,3015,643,2236
157,2772,2086,1365,2773,1101,1326,3015,2771,643,2236
158,2772,1101,2735,2730,2771,2773,605,3015,643,2236
159,2237,2735,2086,1365,3015,1101,2771,643,1326,2236
160,434,361,248,326,2994,363,362,399,439,401
161,2735,2089,3015,643,1365,2771,2236,1101,2086,1326
162,327,1016,164,1053,3024,2976,122,2725,1054,2993
163,2733,2772,2773,2730,2735,605,2771,2236,3015,643
164,605,1365,2237,2086,2771,3015,1101,643,1326,2236
165,2773,1365,2735,2730,1326,2771,1101,3015,643,2236
166,396,363,399,248,439,401,170,362,361,360
167,1859,2274,2771,1897,1365,2086,1326,1101,2236,2237
168,1678,1379,1417,24,2242,1715,2280,1676,2512,2511
169,381,194,497,419,267,536,268,498,269,609
170,2772,1101,605,2735,2773,2730,2771,3015,643,2236
171,2886,2844,2800,2842,2839,2791,2838,2840,2880,2881
172,300,605,452,415,302,643,341,2934,3015,339
173,1277,1161,1357,1084,1125,1319,1318,1205,2993,3003
174,1101,2735,2773,2733,2507,2771,2772,2689,3015,643
175,322,363,399,248,439,401,170,362,361,360
176,1417,2438,2689,2516,2514,2394,2513,2476,2512,2511
177,2608,1383,2647,1398,2645,2652,2649,1360,1397,2648
178,2560,2726,2648,2512,2511,2516,3034,2476,1368,2689
179,2730,2773,2772,2733,2735,2689,2771,2236,3015,643
180,2897,2893,2895,147,3012,2898,151,2888,150,187
181,184,227,186,223,147,151,150,188,187,3012
182,1597,2511,1483,1520,1900,1521,3033,2014,1938,1976
183,1017,1087,1127,1091,3003,3024,1016,2976,1053,1054
184,1101,605,2771,2237,1326,2773,3015,643,2274,2236
185,450,2735,2771,605,2689,451,3015,2086,643,452
186,1318,326,2602,327,325,403,401,363,364,439
187,1161,1088,1152,1084,1319,1125,1205,2993,1318,3003
188,1205,2565,2683,1357,2643,2605,1319,3003,2645,1318
189,2508,2242,3033,1520,1597,1900,1938,2512,2511,1976
190,1093,1127,1017,3003,1016,2993,3024,1053,2976,1054
191,2773,2237,2735,3015,2772,2733,1101,643,2771,2236
192,223,302,605,188,341,2934,227,3015,339,643
193,1365,1326,2773,2735,1101,2730,2771,3015,643,2236
194,1122,80,439,1054,1120,1084,43,3011,161,122
195,2541,2516,2962,1360,1368,1318,1397,2476,2511,2512
196,1941,1379,1297,3038,1368,1319,1417,1179,1318,1143
197,1091,2952,1161,1087,1052,1053,2976,1120,1084,1054
198,363,247,399,439,170,360,248,401,361,362
199,2476,2508,2549,2592,2513,2512,2514,2552,2553,2511
200,2512,2438,2514,2511,2513,2648,2560,2476,2689,2516
201,1016,1052,1087,1356,1127,3003,2935,1053,1054,2976
202,1938,2513,2318,3033,1597,2242,2280,1976,2512,2511
203,2844,2920,2917,2840,2838,2888,2839,2842,2880,2881
204,2730,2735,1365,1326,2773,2771,1101,3015,643,2236
205,1205,1017,1122,364,1084,1053,2976,1054,3024,1016
206,267,2511,609,573,647,498,268,646,570,535
207,2647,2643,2687,1398,1318,2648,3003,2645,1397,1360
208,378,452,453,340,376,415,302,341,2934,339
209,1390,1105,1379,1357,3003,1417,718,1319,1143,1318
210,2923,2889,2888,2911,2802,2920,2800,2915,2893,2952
211,2880,2549,2546,2590,2551,2552,2586,2511,2508,2592
212,340,453,300,376,336,302,415,341,2934,339
213,434,363,248,399,170,361,439,401,362,360
214,186,188,415,643,223,302,227,341,2934,339
215,3024,1084,1016,161,2993,164,1053,2976,1054,122
216,2517,2478,2477,2726,2645,2476,2560,2516,2648,2689
217,434,2516,2476,361,2689,1397,362,401,439,360
218,2730,605,2274,2237,2771,1101,3015,1326,643,2236
219,1090,1127,1091,1053,2976,1120,1084,161,1054,122
220,269,232,439,193,361,194,360,362,195,170
221,2735,2694,2507,2733,2771,1365,1326,2089,1101,2086
222,2770,2807,1326,2086,2729,2809,2648,2541,2689,645
223,1228,1231,1344,401,1230,363,403,1192,364,439
224,1101,2733,2735,2730,2772,2771,2773,3015,643,2236
225,1413,1379,1357,3003,1319,1377,1374,1143,1417,1318
226,2511,2839,2436,2800,2479,2476,2880,2689,2516,2881
227,3011,325,327,403,122,401,362,363,364,439
228,605,1101,2735,2772,2730,2771,2773,3015,643,2236
229,3003,2647,1322,2645,2516,2689,1398,1360,1397,2648
230,604,227,605,569,3015,645,451,2689,643,452
231,1243,1122,1170,1160,1084,1319,3003,1277,1205,2993
232,25,2,16,147,150,2689,68,22,67,19
233,117,2,155,67,61,68,26,24,19,609
234,1377,1379,718,1374,1417,1357,1319,3003,1143,1318
235,1393,1319,1143,2962,1360,1357,718,3003,1397,1318
236,497,2476,2513,536,268,498,573,2512,2511,535
237,3033,2242,1521,1788,1862,1938,1483,1900,2511,1976
238,1520,988,3033,1521,2014,2511,1483,1938,1900,1976
239,643,1365,1101,1897,2086,2771,2274,2237,1326,2236
240,375,340,376,300,336,302,415,341,2934,339
241,1333,1409,1370,1372,1368,1318,1788,1295,2512,2511
242,399,357,248,170,536,439,401,361,362,360
243,2994,363,248,399,170,361,439,401,362,360
244,2274,2733,2773,1101,2735,2771,2730,643,3015,2236
245,1365,2648,2649,1382,2652,2645,1192,1326,3034,1381
246,2508,573,2516,2514,2394,2513,2476,535,2512,2511
247,2772,1326,2735,2730,1101,2771,2773,3015,643,2236
248,1326,605,1101,2735,2730,2773,2771,3015,643,2236
249,1397,1409,645,1326,2476,1370,1295,1369,1368,3034
250,1900,1710,3033,988,1938,2014,1521,1483,950,1976
251,1117,1093,1078,1016,1087,1091,1055,2976,1054,1053
252,1326,605,2773,2735,2771,1101,2730,643,3015,2236
253,605,2772,1101,2730,2773,2735,2771,2236,643,3015
254,3013,1230,2954,1192,2814,2774,1176,2987,401,3035
255,1055,3024,1127,1087,1091,1016,2976,1053,3003,1054
256,2730,2236,605,2771,1365,3015,643,2086,1101,1326
257,1295,3038,1357,3003,1409,1360,1374,1397,2511,1318
258,1318,1160,1161,1122,1088,1277,1125,1084,1205,2993
259,2730,2086,2773,1365,2771,1101,3015,1326,643,2236
260,1160,2993,1192,718,1344,1357,1205,1319,3003,1318
261,1370,2950,1297,3034,1794,1333,1318,1409,2511,1295
262,1084,1125,1357,1344,1170,2993,1319,1205,3003,1318
263,2242,1521,2512,1938,1862,1788,1483,1900,2511,1976
264,188,604,223,183,1397,184,150,2689,3012,645
265,1266,1228,2987,1231,1344,1374,1423,1305,1192,1381
266,1397,486,650,651,536,652,362,439,401,360
267,2086,1365,607,530,568,1101,2236,605,3015,643
268,261,186,150,147,151,223,187,227,3012,188
269,2476,2437,2434,2438,2477,2479,2645,2516,2436,2689
270,1520,2476,2242,2508,2394,1938,2513,1976,2512,2511
271,2771,2772,2735,2728,2767,2730,604,1101,3015,2689
272,187,223,260,225,645,261,265,226,227,3012
273,1449,272,799,762,683,1383,1421,2461,764,1182
274,83,117,121,261,122,186,188,184,227,223
275,1596,1749,2015,1710,1712,988,1976,1597,1900,1938
276,3033,1712,1521,1710,1597,988,1749,1938,950,1976
277,184,186,226,223,261,187,645,188,3012,227
278,322,359,184,188,225,223,261,3012,226,227
279,1295,1939,686,1297,691,3004,1941,1318,1792,1143
280,3009,92,349,156,129,121,161,119,158,122
281,607,604,261,568,569,226,645,3012,227,3015
282,2200,530,605,607,2545,643,3015,2089,2086,2507
283,322,359,362,401,195,439,284,361,360,170
284,197,3009,349,156,129,121,161,119,158,122
285,1780,1742,225,2767,222,3012,223,2086,226,227
286,1143,2987,1230,3035,1176,1192,1794,2815,2814,1217
287,1379,2545,1319,1374,1368,1417,1179,1217,1318,1143
288,2086,569,607,568,645,2507,604,605,643,3015
289,230,267,306,231,228,266,268,194,269,193
290,1712,988,1597,3033,1521,1710,1749,1938,950,1976
291,221,382,387,114,222,92,121,119,122,158
292,802,1417,805,718,1217,2545,1319,1179,1143,1318
293,726,3038,1409,1179,1940,1217,1939,686,1941,1368
294,1521,2014,1749,3033,1788,988,912,1938,950,1976
295,1318,1941,1408,1939,1397,1368,184,686,1179,1217
296,1318,3038,726,1374,1143,1417,1179,686,1217,1368
297,1370,1445,1409,3038,1406,1368,1318,1369,1372,1788
298,605,2236,2771,2773,1101,2086,1365,3015,1326,643
299,1180,363,161,119,1160,1161,401,3011,158,122
300,607,2507,645,2086,604,605,568,569,643,3015
301,1379,1409,726,3038,1374,1143,1417,685,1368,686
302,1941,2129,652,3038,2959,1417,1374,1368,1409,685
303,2507,1403,605,2089,1101,2086,3015,1326,1365,643
304,188,341,302,568,2934,605,227,339,643,3015
305,3012,452,2086,607,604,643,569,645,568,3015
306,164,401,403,362,2976,3011,439,364,363,122
307,362,1161,1122,327,122,1084,403,439,363,364
308,300,376,336,302,643,341,415,2934,3015,339
309,2735,2730,2771,1365,2773,1101,1326,2236,3015,643
310,1295,1379,1179,1409,3038,1374,1143,1417,686,1368
311,1597,1483,3033,988,1521,1710,1749,1938,950,1976
312,452,336,605,341,302,2934,415,643,3015,339
313,1143,2545,1417,1319,1216,1192,1180,1318,1179,1217
314,607,568,1101,604,569,2507,2086,605,643,3015
315,530,569,607,452,645,568,604,605,3015,643
316,1312,1197,1125,1428,1120,1217,1180,1160,1084,1161
317,1866,1826,1788,691,1295,1753,3004,686,1792,727
318,164,360,401,403,3011,362,364,439,363,122
319,1180,1344,1319,1192,805,1318,401,439,364,363
320,607,2507,2089,1326,1101,2086,1365,605,3015,643
321,1318,1374,727,1409,1417,3038,1143,1295,686,1368
322,230,229,268,157,342,269,192,193,194,195
323,2549,2476,2553,2514,2513,2394,2508,2509,2512,2511
324,1365,2507,2086,645,568,607,604,605,3015,643
325,1409,1318,1379,3038,1217,1179,1374,1143,1417,1368
326,1788,24,1637,1675,1638,2280,1678,2511,1715,1676
327,1409,3038,1333,1295,1866,1753,1318,1369,1372,1788
328,1143,1318,1826,1792,1369,1372,3004,1753,1295,1788
329,3038,718,1179,1377,1374,1379,1319,1417,1143,1318
330,568,605,341,452,302,2934,415,643,339,3015
331,1403,605,3015,2089,643,1670,2507,1365,2086,1326
332,25,16,1383,147,22,151,68,67,2888,19
333,164,1084,401,362,403,3011,439,364,363,122
334,1378,1152,1231,1374,1346,1344,1383,1180,1384,1192
335,114,156,257,92,129,222,121,119,158,122
336,3024,1054,1122,1016,1084,403,1205,364,122,2993
337,2773,2733,1365,2089,2086,1326,1897,2237,2274,2236
338,1379,1417,2962,1319,1357,718,3003,1397,1143,1318
339,530,607,569,2237,568,645,604,605,3015,643
340,1101,2772,2089,2274,2773,1365,2086,2237,1326,2236
341,1788,912,1521,3033,1483,2014,988,1938,950,1976
342,1398,223,150,2516,1360,645,183,184,1397,2689
343,1379,1417,1374,1318,1368,1297,3038,1143,1409,1295
344,1670,2507,605,2089,1101,3015,643,2086,1365,1326
345,248,164,364,158,363,161,439,401,3011,122
346,2089,530,1326,2086,1101,1365,2236,605,3015,643
347,2976,439,403,1084,1016,1054,3024,363,364,122
348,2089,2771,2733,2772,2773,2237,2086,1365,1326,2236
349,569,302,604,645,339,452,568,605,643,3015
350,1409,1379,3038,1417,1488,1374,1319,1297,1318,1143
351,192,232,195,193,498,266,194,267,269,268
352,1417,718,1143,364,363,805,1192,1344,1319,1318
353,286,285,403,360,3011,364,363,362,439,122
354,1205,2683,1161,1122,2602,805,1318,1084,364,363
355,285,286,323,3011,360,364,439,363,362,122
356,1670,2771,1403,3015,643,2089,1101,2086,1365,1326
357,1329,2733,1670,1101,2771,2089,2086,1403,1365,1326
358,344,269,651,652,268,650,381,497,536,498
359,360,286,327,285,403,362,364,363,122,439
360,1318,1179,1374,1295,3038,1417,1143,727,686,1368
361,497,652,651,650,381,269,266,535,498,268
362,223,2689,188,605,3012,568,645,227,3015,643
363,376,605,336,341,302,2934,643,415,3015,339
364,375,376,340,300,336,302,341,415,2934,339
365,2735,2476,2767,2560,2516,2688,2726,227,1101,2689
366,184,645,183,1398,150,1360,2516,2476,1397,2689
367,1413,1179,1145,1409,1379,3038,1143,1368,1417,1374
368,1145,1344,1449,1413,1417,1451,1192,1374,1179,1217
369,227,2809,2768,2728,2729,2735,2730,2767,2689,1101
370,1403,2773,2236,2771,3015,1101,643,1365,2086,1326
371,336,376,605,302,341,2934,415,643,339,3015
372,912,1520,3033,1938,2014,1521,1483,988,950,1976
373,3003,805,2605,403,1319,439,718,363,1318,364
374,286,364,285,361,399,360,363,401,439,362
375,718,1563,1374,1409,1417,3038,1379,1368,1318,1143
376,3012,569,452,604,227,645,568,605,643,3015
377,376,340,300,336,3015,341,302,415,2934,339
378,498,3023,304,536,155,232,268,269,195,194
379,1451,1413,1374,1417,1180,1216,1344,1192,1179,1217
380,324,435,286,360,285,401,362,364,363,439
381,285,286,327,324,325,362,403,363,364,439
382,147,2854,151,2897,150,2895,2893,187,2898,2888
383,327,2645,2565,1319,2993,1205,1318,403,363,364
384,2733,2771,2773,1101,643,2089,1365,2086,1326,2236
385,1143,2660,2512,535,652,497,650,536,2511,498
386,285,361,248,360,399,364,401,363,439,362
387,607,530,2771,1101,645,452,568,605,3015,643
388,691,1445,1104,3038,1409,1297,1295,1318,1143,1368
389,643,415,300,223,188,227,3015,302,2934,339
390,1417,1295,1409,2660,2508,2476,2513,1368,2512,2511
391,2733,2086,2772,643,1101,1365,2771,2773,1326,2236
392,360,286,327,285,122,403,362,363,364,439
393,3038,1368,718,2545,1379,1319,1417,1179,1143,1318
394,227,530,569,607,604,645,568,605,3015,643
395,1326,1365,2772,1101,2771,2773,605,3015,643,2236
396,1101,2772,2733,3015,2086,2771,452,643,2237,2236
397,147,16,25,26,24,61,22,67,68,19
398,2773,643,2733,2089,1101,2771,2236,1365,2086,1326
399,247,364,363,399,360,361,248,439,401,362
400,2773,2237,3015,1365,2086,2771,1101,643,1326,2236
401,1086,1087,1055,1091,2725,2976,3024,1016,1053,1054
402,2733,2771,2772,2773,2089,1897,1365,2086,1326,2236
403,802,535,2994,498,361,1318,362,439,401,360
404,2839,2800,2838,2842,2877,2844,2915,2881,2840,2880
405,1158,801,706,1161,1126,764,119,634,122,158
406,988,573,1788,650,1938,570,2511,535,912,609
407,1365,2237,1101,2771,3015,2274,2773,1326,643,2236
408,195,78,122,3023,24,155,83,121,119,118
409,285,363,399,401,282,439,248,361,360,362
410,1319,1048,1088,1125,1160,1161,1122,1084,2993,1205
411,1379,718,1397,1319,1417,1357,1374,3003,1143,1318
412,227,530,607,569,604,645,568,605,643,3015
413,2565,286,324,1205,2993,327,439,403,363,364
414,1101,2089,2772,2733,2773,2771,2086,1365,1326,2236
415,2839,2915,2840,2842,2920,2880,2917,2881,2802,2800
416,381,155,193,267,192,232,269,268,194,195
417,2773,2236,2771,2089,1101,3015,2086,643,1365,1326
418,1423,1384,1343,1344,1451,1449,1192,1179,1180,1217
419,25,16,1383,147,151,22,68,67,2888,19
420,1360,2915,2516,2513,1318,2660,1397,2476,2512,2511
421,2773,1365,2237,2086,2771,3015,1101,643,1326,2236
422,363,247,399,170,439,360,401,361,248,362
423,3015,338,340,300,336,341,415,302,2934,339
424,452,2730,2735,2773,568,2771,2236,605,3015,643
425,342,195,267,229,157,268,192,193,269,194
426,1143,1318,652,691,497,536,650,498,2512,2511
427,1712,950,1749,988,1900,912,2511,1938,1788,1976
428,2643,2683,2563,1318,2605,2645,439,403,363,364
429,2735,2772,1365,1101,2773,2771,3015,1326,643,2236
430,473,363,399,248,439,401,170,361,362,360
431,569,2086,605,530,643,413,415,450,451,452
432,399,324,398,435,360,401,364,363,362,439
433,2086,2733,2773,2772,1101,2771,2237,3015,643,2236
434,2683,2481,718,364,2643,1192,2645,2563,2605,1318
435,327,326,399,403,122,362,364,363,401,439
436,248,286,285,399,360,401,364,439,363,362
437,1374,1377,1417,1357,1192,1344,1319,718,3003,1318
438,1217,1146,1377,1344,1379,1179,1319,1143,1417,1318
439,2089,2773,2733,2086,2772,2237,2771,3015,643,2236
440,376,452,300,3015,336,341,415,302,2934,339
441,1483,1749,1520,1521,1596,2014,3033,1597,1938,1976
442,1343,1084,1188,1384,1152,1417,1192,1319,1344,1318
443,1710,988,1520,950,3033,1483,1521,2014,1938,1976
444,643,2772,2773,2733,1101,2089,2771,2086,1365,1326
445,1090,1087,2976,1055,1091,3024,1016,3003,1053,1054
446,1679,1715,1754,1794,1678,1866,1792,1680,1828,3004
447,341,452,568,2934,302,605,415,339,643,3015
448,2730,2735,1326,1365,2773,2771,1101,605,3015,643
449,1357,3003,2545,1179,718,1379,1417,1319,1143,1318
450,1319,3003,1397,3038,1297,1409,1368,1143,1295,1318
451,1143,1372,1369,691,1753,3004,1792,1788,1295,727
452,2773,2733,2735,605,2772,2771,452,2236,643,3015
453,2735,2730,2773,605,2274,2771,1101,3015,643,2236
454,1374,1360,1417,1357,3003,1397,2512,1143,2511,1318
455,473,247,399,248,401,439,361,360,362,170
456,530,2771,2730,2735,227,568,2236,605,3015,643
457,247,363,399,248,439,360,361,170,401,362
458,1520,3033,950,1521,2014,1900,1938,988,1483,1976
459,1086,1087,1091,1055,1155,1053,1054,1125,3003,1383
460,435,325,122,327,403,362,401,364,363,439
461,1089,1084,1091,2976,1087,1054,1086,1125,1016,1053
462,2965,155,125,121,88,124,83,118,90,87
463,2962,3003,3038,1297,1397,1409,1143,1368,1318,1295
464,2551,2590,2586,2880,2549,2511,2552,2508,2592,2881
465,268,24,233,266,232,3023,117,269,194,195
466,685,1715,498,1938,1792,650,1753,1788,3004,535
467,3015,2089,643,2771,1101,1365,2237,2086,1326,2236
468,2934,1710,1938,3033,2014,1483,1521,988,950,1976
469,229,267,192,157,232,268,195,193,269,194
470,1520,1710,3033,1938,2014,1483,1521,988,950,1976
471,1179,1146,1377,1368,1374,1319,1379,1143,1417,1318
472,1344,1368,2545,1379,1377,1143,1179,1318,1374,1417
473,1205,1152,1417,718,1357,1192,1344,3003,1319,1318
474,2730,3015,1365,2086,2771,643,2237,1101,1326,2236
475,2476,1358,2511,2516,2648,1357,3003,1360,1397,1318
476,2285,2978,2461,2367,1680,2365,2613,2575,2324,2286
477,2993,2565,2563,2605,1397,1319,1357,2645,3003,1318
478,2604,2565,2646,2643,2683,2563,2605,3003,1318,2645
479,2570,1360,1397,2648,2645,2649,2687,2652,2608,2647
480,650,3003,360,362,486,536,1318,1397,439,401
481,2645,3003,1205,2651,2725,327,2993,363,403,364
482,2772,2773,2089,2237,2086,1365,2733,1326,2771,2236
483,415,2689,2733,2236,2735,605,2771,3015,643,452
484,1156,1122,1120,1159,1125,1084,3003,1161,1318,80
485,2735,1365,1101,2772,605,2773,2771,2236,3015,643
486,805,1277,1241,1238,363,327,1205,2993,403,364
487,1365,1326,2772,1101,605,2771,2773,3015,643,2236
488,1374,1344,1377,1146,1179,1319,1379,1143,1417,1318
489,643,1365,1101,2086,2771,2773,1326,2237,2274,2236
490,2516,2689,573,498,2513,268,535,2511,2512,2476
491,261,186,2881,150,223,3015,188,187,3012,227
492,300,605,336,341,302,643,2934,415,3015,339
493,2687,1397,2686,2645,401,362,439,2689,361,360
494,691,1753,1488,1409,1297,1333,1318,1143,1372,1295
495,1413,3038,1379,1417,1357,1319,3003,1374,1143,1318
496,396,434,363,399,248,361,439,360,401,362
497,1794,1715,1417,1357,3003,1372,1318,2512,1788,2511
498,2880,2800,2839,2802,2842,2881,2897,2888,2952,2893
499,1413,1143,1145,1379,1377,1368,1217,1179,1374,1417
500,286,327,360,285,439,362,403,122,363,364
501,1120,1125,1346,1122,1318,122,1161,403,80,1084
502,2730,36,19,2854,151,2897,2898,2895,2893,2888
503,399,248,497,536,439,170,401,361,362,360
504,1442,1670,2733,2771,1101,2089,1403,2086,1365,1326
505,1188,1344,1383,1338,1377,1319,1357,1374,3003,1318
506,2733,2772,2086,1101,2773,1326,2771,1365,3015,643
507,3038,1374,1319,1179,1297,1379,1417,1143,1318,1368
508,1344,1205,802,1357,3003,1417,718,1319,1143,1318
509,1602,3004,1638,1792,1676,1866,1678,1828,1715,1680
510,283,322,439,401,284,396,362,248,361,360
511,1086,1052,1090,1091,1127,1087,1016,2976,1054,1053
512,363,2994,3003,486,802,362,1397,1318,401,439
513,570,536,269,2512,2511,267,498,573,268,535
514,1243,1017,2976,1053,1277,1016,3024,1054,1205,2993
515,1597,1520,2394,2514,2476,2509,1976,2513,2512,2511
516,360,419,497,304,268,155,232,195,194,269
517,326,285,361,363,248,360,399,401,439,362
518,1101,2274,2735,605,2771,2730,2773,3015,643,2236
519,376,3015,340,300,336,302,415,341,2934,339
520,269,267,647,573,498,268,609,646,570,535
521,1090,1091,1087,1127,2935,1016,3003,1053,1054,2976
522,399,434,364,361,2994,363,360,362,439,401
523,117,536,360,497,304,232,195,155,194,269
524,2660,1938,2394,1976,535,2513,2508,1788,2512,2511
525,1101,2733,2772,2771,2089,2773,2086,1365,1326,2236
526,1091,2993,1127,1017,3003,1016,3024,1053,2976,1054
527,363,2649,362,1397,439,2652,2686,2687,2645,360
528,226,261,3015,186,643,223,188,2934,339,227
529,1109,1087,1356,2935,1122,1161,2976,1084,1120,1054
530,363,247,399,439,170,401,360,248,361,362
531,1358,1417,1344,1397,1320,718,1357,1319,3003,1318
532,1417,1296,3003,1409,1319,1374,1297,1143,1318,1295
533,283,363,399,248,361,439,362,401,170,360
534,1192,718,1344,1217,2545,1417,1319,1179,1143,1318
535,1365,2649,2086,2388,2645,2648,2652,2541,1381,1326
536,268,267,192,498,155,497,419,536,194,269
537,1093,1091,1127,1017,2993,1016,1053,3024,2976,1054
538,2129,2508,1788,535,1900,2513,1938,1976,2512,2511
539,2645,2605,1390,718,1358,1397,1319,1357,3003,1318
540,1374,1230,1346,1409,3020,1490,1423,1192,1381,1180
541,1710,1520,3033,1938,2014,988,1521,950,1483,1976
542,1520,1710,3033,1938,2014,1521,988,1483,950,1976
543,2802,2917,2920,2840,2839,2800,2915,2842,2880,2881
544,3003,2014,1483,988,1900,1938,2512,1788,2511,1976
545,184,186,643,261,187,3012,223,3015,188,227
546,1344,3038,1413,1377,1379,1319,1374,1143,1417,1318
547,232,536,419,193,266,498,194,267,269,268
548,2735,2730,2089,3015,2771,1403,1101,2086,1365,1326
549,188,2842,2917,2840,150,2888,2880,3012,2881,187
550,248,363,360,434,399,2994,361,362,439,401
551,1192,1146,3003,1377,1379,1344,1143,1417,1319,1318
552,2733,3015,1365,2771,643,2086,1326,1101,2237,2236
553,1014,1084,1046,1048,401,40,439,998,43,80
554,1101,2809,2729,1326,2541,2237,645,2086,2689,2648
555,2962,1297,1319,1357,1295,1397,3003,718,1143,1318
556,1322,183,3003,1399,1318,1398,2516,2689,1360,1397
557,1127,3003,1093,1017,2993,1016,1053,2976,3024,1054
558,1320,718,1379,1374,1417,1357,3003,1319,1143,1318
559,1087,2725,1093,1091,1055,1397,3024,3003,1053,1054
560,184,187,3012,186,261,339,2934,223,188,227
561,2907,2923,2888,2912,2915,2952,2920,2893,2802,2800
562,1377,1357,3003,1319,718,1374,1379,1417,1143,1318
563,1086,1048,1088,1161,1125,1160,1122,1205,2993,1084
564,2477,2514,1397,1360,2648,2512,2516,2689,2476,2511
565,150,568,188,223,3012,645,2689,227,3015,643
566,3012,452,2730,2934,2735,568,605,227,3015,643
567,2809,2728,645,1326,1101,2729,2689,2541,2086,2237
568,2838,2800,2839,2920,2802,2840,2917,2880,2888,2881
569,1788,3033,1900,1521,950,2014,1938,1483,988,1976
570,1101,2730,605,2735,2772,2771,2773,3015,643,2236
571,67,68,2854,22,2895,151,2897,2893,2888,19
572,1054,80,1159,1161,1383,1125,1120,1122,1346,1084
573,396,363,399,248,170,439,401,361,362,360
574,1319,1563,3003,1488,3038,1297,1409,1143,1318,1295
575,399,327,325,326,403,362,364,363,401,439
576,2689,2934,2773,2771,2735,227,2236,2730,643,3015
577,403,2639,2643,2686,2563,2645,2605,363,364,439
578,3015,2773,643,1365,1101,2237,2771,2086,1326,2236
579,647,266,650,570,267,2511,573,498,268,535
580,1143,718,2476,2962,3003,2512,1360,2511,1318,1397
581,1120,1086,1161,1277,1122,1125,1084,1205,2993,122
582,1091,1078,1086,1117,1052,1016,1087,1054,2976,1053
583,2514,2842,2512,2436,2479,2880,2511,2516,2476,2881
584,434,363,399,170,248,439,401,361,362,360
585,248,434,363,399,170,361,439,401,362,360
586,186,261,2689,227,150,184,223,188,187,3012
587,2477,2726,2560,1360,1397,2648,2511,2476,2516,2689
588,1127,1091,1078,1016,1117,1087,2935,1054,2976,1053
589,2917,2628,2508,2838,2844,2664,2800,2840,2880,2881
590,2237,1101,1326,605,2771,2773,2274,3015,643,2236
591,1179,1180,1379,1344,1374,1377,1417,1319,1143,1318
592,691,2512,650,2511,498,1753,573,3004,1792,535
593,1368,1374,3003,1360,3034,2511,1397,1409,1318,1295
594,2434,2356,2435,2400,2605,401,1381,1326,2398,3034
595,396,361,360,398,435,364,363,362,401,439
596,3033,1521,2511,1788,988,2014,1900,1483,1938,1976
597,1016,3024,2648,2608,1360,1055,1053,1054,2570,1383
598,1941,1297,2962,3038,1143,1409,1318,1939,1397,1368
599,2102,1496,2900,994,1031,998,2855,1381,1490,2330
600,1088,3003,1086,1120,1122,1161,1205,1125,1084,2993
601,2735,1365,1326,2772,1101,2771,2773,3015,643,2236
602,2511,1370,3038,1488,1368,1297,1409,1318,1143,1295
603,1344,1375,1409,1180,2950,1423,1373,2987,1192,1381
604,2774,1230,1405,2987,401,1192,439,3035,3034,1381
605,1319,1370,3038,1488,1368,1409,1297,1318,1143,1295
606,184,186,261,187,3012,223,643,188,3015,227
607,2934,1597,1900,1596,1483,3033,2014,1521,1938,1976
608,2838,2791,2877,2904,2844,2915,2840,2800,2881,2880
609,1753,497,691,3004,650,498,573,2512,2511,535
610,247,284,399,170,439,248,401,361,360,362
611,604,569,2729,2809,450,2648,2541,645,2086,360
612,1397,2660,498,802,650,1941,2512,1143,1318,2511
613,2839,2838,2840,2952,2915,2917,2920,2880,2888,2881
614,2434,1360,2687,2643,2605,3003,2686,1318,1397,2645
615,3012,605,341,223,188,2934,227,3015,339,643
616,2605,2994,1192,326,3035,434,364,363,439,401
617,1088,1087,1052,1125,1120,1048,1054,1161,1122,1084
618,1296,1794,1143,3038,1374,1297,1333,1318,1409,1295
619,2732,645,2733,2735,2730,227,2771,2689,643,3015
620,1048,1016,1053,1120,1122,1205,1054,1084,2993,122
621,324,362,286,2993,122,327,439,403,363,364
622,1101,2274,2772,2735,2730,2773,2771,3015,643,2236
623,1179,1941,1939,3038,1318,1217,1409,1143,686,1368
624,1360,2689,401,184,439,645,362,361,1397,360
625,399,396,434,645,248,439,361,401,362,360
626,1216,805,1179,1180,1192,2994,364,363,1217,401
627,2274,605,2773,1101,2735,2771,2730,2236,643,3015
628,530,604,569,607,605,645,568,1101,643,3015
629,2089,227,641,718,606,568,2086,1101,569,645
630,1365,1670,530,604,2507,2086,605,607,3015,643
631,1364,643,2771,2772,1101,2773,2086,1403,1365,1326
632,1417,2545,681,2089,1368,1374,683,1180,1217,1179
633,1710,1712,912,2015,1788,950,988,1597,1900,1938
634,238,162,363,200,364,362,122,158,401,439
635,536,486,170,439,362,381,401,498,652,360
636,342,231,154,269,192,157,117,195,194,193
637,2086,645,1101,607,1365,568,1326,605,3015,643
638,195,362,192,361,381,194,498,170,652,360
639,223,1398,2648,150,184,183,645,1397,2689,360
640,569,3012,530,339,227,645,605,568,643,3015
641,607,569,3012,604,227,645,568,605,643,3015
642,2771,2089,2773,1364,1403,2086,1101,643,1365,1326
643,399,324,326,398,403,362,364,363,401,439
644,2643,2648,2605,2647,2686,2687,2649,2652,1397,2645
645,2086,569,605,452,568,604,2689,3015,645,643
646,1828,1792,1867,1143,1370,3038,1866,1368,1409,1295
647,1364,607,1326,1365,568,2086,1101,605,3015,643
648,261,568,2689,187,188,184,223,3012,645,227
649,2771,1403,2089,2772,2773,643,1897,2086,1365,1326
650,1792,1941,1488,3038,1409,1295,1368,1297,1318,1143
651,605,2730,2735,2773,2771,1365,1326,1101,643,3015
652,266,535,381,497,536,267,269,498,609,268
653,1897,2771,2086,1326,3015,1101,643,2274,2237,2236
654,193,357,170,362,284,269,361,194,195,360
655,3038,1409,1368,1318,1143,1333,1369,1788,1372,1295
656,2994,363,248,399,170,361,439,360,401,362
657,2730,2237,2771,1326,2773,2274,1101,3015,643,2236
658,2689,1399,2511,2476,1360,1409,1368,183,1397,1792
659,420,26,269,233,232,117,155,24,195,194
660,651,1143,381,650,192,497,535,536,652,498
661,249,399,434,403,2994,362,363,364,439,401
662,2993,2952,1205,403,364,1084,164,161,3011,122
663,1326,605,2730,2735,2771,2773,1101,2236,3015,643
664,192,342,232,117,229,157,269,195,193,194
665,3038,1258,1296,1374,1409,1488,1318,1297,1143,1295
666,2735,643,1403,2730,2086,2771,1365,3015,1101,1326
667,1179,1297,439,401,691,2058,802,1941,1318,1143
668,1101,2735,2771,605,2773,227,2730,2236,643,3015
669,1365,1326,2771,2730,2735,2773,1101,2236,643,3015
670,1016,812,1053,1084,2976,3011,161,1054,164,122
671,1365,2773,2771,3015,1326,1101,2274,643,2237,2236
672,227,2507,2773,2771,1364,2772,1326,2086,1365,1101
673,1417,2513,1318,2318,2242,1372,2280,1788,2512,2511
674,396,284,399,248,439,170,401,361,362,360
675,2773,2771,568,2730,2735,605,227,2236,3015,643
676,1365,2730,2237,2771,2773,1101,3015,643,1326,2236
677,1866,1794,1409,1828,1318,1295,1792,1372,3004,1333
678,2728,2729,3015,643,1365,2767,2735,2730,2689,1101
679,1326,2771,2086,605,2274,1101,3015,643,2237,2236
680,2274,2735,2771,605,1101,2730,2773,3015,643,2236
681,605,1365,2730,1326,2773,2735,2771,1101,643,3015
682,1941,1563,686,1318,1488,3004,1297,1295,1792,1143
683,2605,1319,2516,2686,363,1360,439,3003,1318,1397
684,326,3011,403,327,362,364,401,363,122,439
685,1417,2592,2513,2514,2552,2476,2516,2511,2553,2689
686,2058,2660,1297,1941,1792,3004,1318,691,1143,1295
687,1054,327,403,363,439,364,164,161,3011,122
688,1531,998,1373,2950,1180,3020,1217,1794,1490,1381
689,376,300,340,336,3015,302,341,415,2934,339
690,2198,2311,2648,1859,2613,2535,1897,2274,2237,2236
691,1291,2089,1329,1364,2771,1101,2086,1403,1365,1326
692,2237,2730,1326,2771,1101,2773,3015,2274,643,2236
693,439,193,232,362,269,194,195,170,361,360
694,399,195,439,248,652,401,361,360,362,170
695,1563,1829,1941,1318,1409,1753,1143,1295,3004,1792
696,150,2730,2854,151,2893,19,2895,2898,2897,2888
697,2065,1192,2954,993,2987,2815,3035,1217,2814,1176
698,1383,3003,2651,2565,2643,2652,2434,1360,2645,1397
699,267,3023,536,233,193,232,268,269,195,194
700,363,248,399,170,652,361,439,362,401,360
701,1318,1791,1755,1754,1295,3034,1333,1788,1792,3004
702,2771,2730,2237,1326,1101,1897,643,2274,3015,2236
703,1365,2089,2773,2771,2086,2237,2274,1897,1326,2236
704,2817,2814,1192,363,326,364,2774,3035,439,401
705,1794,1318,2575,1372,2613,3034,1409,1680,1295,1333
706,695,473,2058,697,728,362,439,2954,729,401
707,2479,2438,2514,2477,2516,2513,2476,2512,2689,2511
708,124,233,119,83,90,155,118,194,195,87
709,1381,2814,2058,2774,2987,1230,439,3035,1192,401
710,2330,1679,2575,1638,1893,2280,1640,2613,1680,1677
711,1101,2237,568,2689,645,605,2771,2236,3015,643
712,1365,3015,2771,2773,1101,643,1326,2237,2274,2236
713,453,376,300,452,336,302,415,341,2934,339
714,2730,37,1383,151,61,36,22,67,68,19
715,2898,68,2854,67,151,2895,2730,2897,2888,19
716,568,605,3012,2735,2730,339,227,2934,3015,643
717,1597,1520,3003,1483,1938,1900,2512,1788,1976,2511
718,381,231,419,3023,498,535,380,194,193,342
719,284,2994,363,360,248,361,399,362,439,401
720,647,573,268,646,536,650,2511,497,498,535
721,36,2952,2898,151,2854,19,2895,2897,2893,2888
722,1161,1152,1184,1192,1231,1384,1346,1122,1344,1084
723,304,419,536,497,155,267,268,498,269,609
724,2509,2512,2242,1938,3033,1596,2511,1520,1597,1976
725,2773,2735,605,2274,2771,2730,1101,3015,643,2236
726,1318,1258,1333,1326,3034,1297,3004,1792,1143,1295
727,1483,1520,2242,1597,1788,2512,1900,1938,2511,1976
728,227,2772,1101,2771,2773,2735,2730,2236,643,3015
729,24,118,3023,233,117,232,269,155,194,195
730,1297,1563,1319,1379,3038,1417,1409,1374,1318,1143
731,1101,2772,2274,2771,2735,2730,2773,643,3015,2236
732,605,2237,2730,2771,1101,2773,2274,3015,643,2236
733,691,1179,3003,2058,2660,1941,1297,1295,1318,1143
734,1101,605,2772,2735,2771,2730,2773,643,3015,2236
735,1423,1387,1346,1348,1048,1386,1120,1122,1084,2952
736,184,188,183,223,568,227,3012,3015,643,645
737,1373,1602,1866,1794,1295,1318,1828,1372,1409,1333
738,1370,1217,1230,2987,1409,1373,2950,1192,1180,1381
739,573,267,419,231,536,268,342,498,535,269
740,2686,2647,2643,1192,2434,2648,1318,1360,1397,2645
741,1397,2476,2516,2,184,19,3012,150,187,2689
742,1326,1297,1318,1409,3034,1143,3004,1333,1792,1295
743,303,375,376,300,336,415,302,341,2934,339
744,326,434,249,399,364,363,2994,362,439,401
745,268,193,152,157,117,232,155,269,195,194
746,395,60,361,26,284,357,194,195,24,360
747,1368,2516,2438,2514,1295,2394,2513,2476,2512,2511
748,2650,1277,1243,2481,433,1170,2725,2651,285,2993
749,2773,2771,1326,1101,3015,1897,2237,643,2274,2236
750,1326,1365,2772,2089,2086,2733,2771,2274,2237,2236
751,1296,1370,1297,1318,3034,1326,1143,1333,1409,1295
752,1319,2962,2434,2645,1397,1941,718,3003,2605,1318
753,1344,1231,2987,1230,1374,1423,1409,1180,1192,1381
754,912,498,646,570,267,609,2511,573,268,535
755,1016,1357,1127,1358,1053,1391,1356,2976,1054,3003
756,2881,2438,2436,1192,2477,2479,2511,2476,2516,2689
757,2772,1101,2274,2735,2771,2730,2773,643,3015,2236
758,2274,2694,2089,2733,2237,2086,2735,2771,452,2236
759,450,1101,2733,2089,2771,2541,2086,452,2236,2237
760,605,1101,227,2771,2773,2735,2730,2236,643,3015
761,2274,1101,2772,2735,2771,2730,2773,643,3015,2236
762,359,401,284,322,362,283,396,248,361,360
763,1056,1360,2993,3024,1322,1055,1093,1054,2570,1397
764,2648,2807,2086,2729,1101,2809,2689,2541,1326,645
765,1101,2773,2772,452,2733,2735,2771,3015,643,2236
766,1318,1370,2512,2511,1368,1939,1295,1326,1369,3034
767,1213,1303,3020,1373,1230,1405,1490,2330,3034,1381
768,2442,2563,2686,2643,2687,2645,2605,2481,1397,2652
769,1895,1295,1893,1856,2613,1716,1718,1677,1680,1333
770,1483,1788,1520,1597,3033,1900,1938,2512,2511,1976
771,1101,605,2274,2771,2735,2773,2730,2236,643,3015
772,1344,1305,1231,2952,2774,2814,3035,2817,1230,1192
773,2694,2772,2089,2086,2733,2735,452,2771,2237,2236
774,381,499,650,2511,536,268,155,497,498,535
775,2772,605,1101,2771,2773,2730,2735,2236,643,3015
776,152,157,268,304,155,232,117,195,269,194
777,1101,2274,605,2771,2735,2730,2773,643,3015,2236
778,570,571,190,267,532,268,498,609,573,535
779,1678,1318,2319,2318,1718,1333,1372,1716,1677,2280
780,605,2773,2274,2735,2771,2730,1101,643,2236,3015
781,486,691,1326,3004,1941,2058,1143,1755,652,3034
782,2652,1269,1343,2651,1346,1231,1344,1192,1397,1381
783,2839,2436,2842,2477,2689,2479,2880,2516,2476,2881
784,3034,1372,1369,1318,1333,1753,1792,3004,1295,1788
785,183,225,186,19,341,188,223,227,2934,339
786,2365,3014,2236,2364,2461,1893,2575,2324,2613,2286
787,1297,718,1794,1215,1409,1318,1143,1295,1326,3034
788,1291,2086,1403,3015,2771,1365,2730,1326,2735,1101
789,261,186,147,150,151,223,187,188,3012,227
790,1375,1423,1180,1266,2950,1230,1192,1373,2987,1381
791,1365,2086,643,2773,1101,2771,1326,2237,2274,2236
792,643,227,2772,3012,2771,2730,2773,2735,3015,2689
793,2934,1710,3033,1938,2014,1483,1521,988,950,1976
794,3035,3020,1266,1423,1794,1180,1230,1192,2987,1381
795,1048,1052,1159,1087,1125,1120,1122,1054,1161,1084
796,836,535,1976,2689,988,2516,2476,2511,3034,2512
797,1326,2772,1101,2735,2773,2730,2771,643,3015,2236
798,2086,1365,2733,1101,1326,643,2237,2274,2771,2236
799,1596,1520,1521,1483,1900,1597,2014,3033,1938,1976
800,1297,1563,1143,1318,1333,1788,1753,3004,1295,1792
801,435,285,327,362,325,324,403,363,364,439
802,2274,227,1101,2771,2773,643,2730,2735,2236,3015
803,1318,439,2605,718,363,1794,3035,364,1192,2058
804,2735,1365,643,1101,2274,2733,2773,2772,2771,2236
805,1125,1241,1161,3003,1084,1160,1318,1319,2993,1205
806,1192,2397,1326,1373,1382,1217,1336,2359,3034,1381
807,1212,2817,2987,1230,3013,1176,2774,1192,3035,2814
808,1365,2236,1101,2767,2771,2773,2772,2689,2735,2730
809,2772,1101,2274,2771,2773,2735,2730,643,2236,3015
810,691,1370,3038,1488,1368,1297,1318,1409,1143,1295
811,2237,2807,2809,450,2689,2729,2541,2086,2648,360
812,395,362,188,284,184,357,183,223,361,360
813,1891,1642,1640,2575,2324,1680,2613,2286,1893,1677
814,1397,2425,2608,286,2649,2687,2645,2463,2652,285
815,1217,1443,1101,1365,1364,1405,718,1381,1326,3034
816,2920,2888,2802,2917,2800,2839,2840,2842,2880,2881
817,1368,1370,1297,1409,3004,1143,1318,1792,1333,1295
818,1266,1192,1531,3020,1490,1423,1180,994,998,2952
819,2602,1318,2639,2605,2058,403,401,363,364,439
820,1075,1386,1490,1073,1387,39,1423,1381,998,43
821,1336,1382,1230,1373,1367,1405,1490,3034,1328,1381
822,605,2772,1101,2771,2730,2735,2773,643,3015,2236
823,1101,227,2689,2730,2735,2773,2771,2236,643,3015
824,266,497,536,155,573,269,498,267,535,268
825,2772,1101,605,2735,2771,2730,2773,643,3015,2236
826,1217,1213,1174,2950,1373,1326,1405,1176,1381,3034
827,691,1939,1755,2512,1792,2511,1788,535,1753,3004
828,2772,227,2773,2771,2934,2236,2730,643,2735,3015
829,2987,3020,2065,998,1537,1794,2102,1490,2330,1381
830,1751,1318,1755,2511,1295,1939,1792,1753,3004,1788
831,1382,1375,1230,1409,1180,2950,2987,1192,1373,1381
832,3034,1423,1180,1305,1266,1373,1230,1192,2987,1381
833,3034,1297,1143,1370,1397,1326,1368,1318,1409,1295
834,568,3012,605,2735,339,2730,227,2934,3015,643
835,1520,3033,1788,988,1900,2014,1521,1938,1483,1976
836,988,3033,1521,2014,2512,1900,1483,1938,2511,1976
837,324,325,435,327,403,401,362,364,363,439
838,2058,1318,2605,718,652,1326,439,486,401,3034
839,473,360,248,2994,170,399,361,362,439,401
840,1859,2730,2771,1897,643,1101,3015,2274,2237,2236
841,2916,2802,2917,2800,2923,2920,2904,2912,2907,2915
842,1217,1336,1382,3034,1373,1754,1794,1490,2330,1381
843,2733,2772,1101,2773,643,2771,2735,2730,3015,2236
844,2952,40,1031,994,3020,1537,998,1490,2330,1381
845,1318,1718,1894,1895,1893,1716,1856,2613,1677,1333
846,3034,3003,1409,1192,1329,1374,1405,1326,1318,718
847,605,2274,2771,1101,2735,2773,2730,643,3015,2236
848,988,1938,1939,1856,2512,2511,1326,1976,3034,535
849,1305,1428,2813,1236,1230,1192,2817,2814,2774,3035
850,1375,1266,1382,1230,1423,1192,1180,1373,2987,1381
851,1346,1344,1180,1266,1269,1305,2987,1192,1423,1381
852,1192,1490,1373,1328,1382,1326,2359,1336,3034,1381
853,2549,2476,2514,1417,2513,2660,2508,2512,1368,2511
854,192,655,531,157,651,645,614,527,652,718
855,1483,2014,1712,1597,950,3033,1749,1788,1938,1976
856,2771,2541,2809,2807,2089,1326,1364,1365,2086,1101
857,643,1405,1329,2771,1367,1101,1364,1403,1365,1326
858,643,2086,2237,2771,2772,1101,2773,2236,1365,1326
859,1421,682,681,1343,602,1192,639,606,1383,1180
860,2772,1859,2089,1365,2086,2237,2274,1326,1897,2236
861,1192,183,1397,2511,2476,184,2689,1360,1417,2516
862,1788,1710,3033,988,1521,2014,1483,1938,950,1976
863,267,268,535,192,193,231,498,342,269,194
864,2086,2773,1403,2771,2730,1365,2735,3015,1101,1326
865,570,610,193,3015,194,950,571,912,609,532
866,643,1403,2237,1365,2773,2772,2086,1859,1897,1326
867,2772,2733,2507,1897,2237,2089,1365,2086,2236,1326
868,1318,1333,1370,1295,685,1409,3038,1143,1866,1368
869,247,282,439,399,401,360,170,361,248,362
870,2730,2771,1101,2237,605,2773,2274,3015,643,2236
871,2773,2730,1326,2237,2735,2771,2236,1101,3015,643
872,452,223,188,3012,2934,568,605,227,3015,643
873,1368,1413,1563,1379,1417,3038,1143,1318,1409,1374
874,605,2730,2771,2237,2773,1101,2274,3015,643,2236
875,2086,1403,1365,2771,643,2730,2735,1326,1101,3015
876,2773,2728,3012,2771,2772,2730,2735,3015,227,2689
877,188,341,302,568,605,227,2934,339,643,3015
878,1368,1143,1826,3004,1318,1369,1753,1295,1372,1788
879,439,282,200,238,401,361,360,248,170,362
880,25,26,147,24,22,61,609,67,68,19
881,2058,652,691,1297,401,2954,1143,729,726,686
882,1101,2771,3015,643,1859,2237,1326,1897,2274,2236
883,304,498,232,195,193,266,267,194,269,268
884,439,361,248,200,401,360,614,238,170,362
885,2773,2089,643,2771,1101,1365,2237,2086,1326,2236
886,2771,2086,3015,643,1326,1859,2237,1897,2274,2236
887,1794,1417,1258,1176,2058,3034,3004,1295,1297,1143
888,1374,3038,1318,1409,1488,1792,1368,1297,1295,1143
889,439,238,614,248,401,361,360,170,362,652
890,2277,2536,2311,1859,2535,2237,2613,1897,2274,2236
891,462,2954,399,473,729,2994,726,362,439,401
892,1365,643,2771,2086,1859,2237,1326,1897,2274,2236
893,1826,2613,1596,1677,1788,2319,2318,2242,2511,2280
894,2854,3012,151,2897,2893,150,2895,2888,2898,187
895,223,2934,188,605,339,3012,568,227,3015,643
896,227,2772,1101,2735,2730,2771,2773,2236,643,3015
897,261,186,151,187,3012,643,223,3015,188,227
898,1941,2660,1318,1397,3004,1368,1143,1939,1295,1792
899,2660,2394,498,2511,2508,536,2509,609,573,535
900,3020,577,347,401,1490,653,998,1943,993,651
901,381,233,3023,117,232,268,155,269,195,194
902,1088,2952,1122,1086,1384,1148,1125,1120,1084,1490
903,1184,1378,1152,1413,1377,718,1384,1417,1192,1344
904,307,155,233,267,232,268,269,193,194,195
905,2730,2237,2773,2274,2771,1101,605,3015,643,2236
906,2086,1403,2771,1365,643,2730,2735,1326,1101,3015
907,2770,569,2541,450,604,2809,2689,2086,645,2648
908,3034,1563,1794,1143,1409,1318,3004,1333,1792,1295
909,2895,2840,2952,2880,2897,2839,2888,2893,2842,2881
910,605,1101,2735,2771,2730,2274,2773,3015,643,2236
911,473,363,434,399,326,362,651,439,652,401
912,1215,1409,1405,1143,718,2058,1176,1794,3034,1326
913,614,267,361,362,232,170,269,193,194,195
914,497,399,486,170,439,361,401,362,652,360
915,1319,1374,3038,1297,1417,1379,1409,1368,1318,1143
916,1596,1597,3004,1976,1372,1750,1712,1676,1715,1788
917,568,2771,2773,605,2735,2730,227,2236,643,3015
918,2563,2605,1101,2400,2645,1326,3034,2398,2356,1381
919,267,231,268,192,419,194,536,269,498,609
920,340,376,453,336,452,302,415,341,2934,339
921,1329,1377,1384,1413,1143,1417,1374,718,1344,1192
922,192,230,342,232,267,268,269,193,195,194
923,2652,1319,1358,2645,718,1360,1357,1318,3003,1397
924,2920,2800,2842,2917,2840,2839,2802,2888,2880,2881
925,452,2735,2089,2086,2772,2733,2274,2771,2237,2236
926,223,188,2730,2735,3012,339,227,2934,3015,643
927,1297,486,686,1792,1941,1318,691,1143,3004,1295
928,1016,363,327,164,3024,1054,403,364,2993,122
929,2773,1403,643,1365,2771,2730,1326,3015,2735,1101
930,2952,36,19,151,2854,2898,2897,2895,2893,2888
931,3020,2987,1180,2952,1230,1192,2774,3035,2817,2814
932,1428,1122,718,2774,1344,2817,3035,1230,2814,1192
933,322,363,399,248,439,401,170,362,361,360
934,1213,2987,1192,2950,1373,1176,1405,3034,1326,1381
935,2237,2735,605,2771,2730,2773,2274,3015,643,2236
936,2850,2889,151,2952,2898,2854,2895,2897,2888,2893
937,1319,1417,1296,1488,1409,1374,1297,1318,1295,1143
938,1048,1152,1384,1088,1346,1160,1125,1161,1122,1084
939,2089,2733,2773,1101,2237,2771,2086,1365,1326,2236
940,1122,1120,439,1054,364,1084,164,161,3011,122
941,536,497,419,194,498,266,360,267,269,268
942,1101,2086,607,645,604,568,530,605,3015,643
943,2772,2773,2733,2089,1403,2771,1101,2086,1365,1326
944,2388,1357,2962,718,1399,3003,1398,1318,1360,1397
945,1370,3038,1258,1296,1409,1488,1318,1297,1143,1295
946,2772,1101,605,2735,2730,2773,2771,3015,643,2236
947,2735,605,2771,1101,2730,2773,2274,3015,643,2236
948,2274,2735,2771,2773,2730,1326,1101,643,3015,2236
949,718,1755,1318,1174,1176,3004,1215,1788,3034,1326
950,1213,2950,1417,1212,3013,1215,1405,1176,1326,3034
951,1596,1900,3033,2242,1938,1520,2512,1597,2511,1976
952,1048,2935,1087,1091,1052,1120,1053,2976,1084,1054
953,2773,2735,2730,2274,2771,1326,1101,3015,643,2236
954,1192,3035,1213,2987,2058,1326,1405,1381,1176,3034
955,2802,2839,2917,2920,2840,2842,2915,2800,2880,2881
956,1125,1048,1120,1205,1122,3011,403,1084,2952,122
957,1941,486,693,1318,1295,2058,401,726,1143,691
958,605,2274,1101,2735,2771,2773,2730,643,2236,3015
959,1755,535,685,650,2511,646,1792,1788,1753,3004
960,2014,1520,3033,2242,1483,1938,1900,2512,2511,1976
961,2772,605,1101,2771,2773,2730,2735,2236,643,3015
962,200,3011,363,326,399,161,439,122,401,362
963,1212,3013,718,1417,1211,1215,1143,3034,1176,1326
964,2330,2813,1230,80,1192,43,40,2987,1423,1381
965,2733,1101,2772,2771,2773,2735,2730,2236,643,3015
966,497,266,267,192,381,573,536,268,498,535
967,2508,2553,2881,3034,2514,2513,2516,2476,2512,2511
968,1417,1336,1373,1253,1217,1405,1381,1176,1326,3034
969,1368,1333,3004,2511,1753,1369,1318,1372,1295,1788
970,1976,988,2660,3004,3034,2476,1939,2512,535,2511
971,2733,2735,2274,2730,1101,2771,2237,643,3015,2236
972,2733,1101,2772,2771,2735,643,2730,2773,3015,2236
973,1365,3015,2771,2274,1101,2237,2773,643,1326,2236
974,652,728,486,439,691,686,2954,726,729,401
975,569,2507,2089,604,530,2086,605,607,3015,643
976,2089,2086,683,605,569,530,604,3015,643,607
977,2507,2089,604,569,2086,530,605,3015,607,643
978,2086,1101,1670,605,1403,568,1326,1365,3015,643
979,605,2810,530,2807,2086,2773,1783,2733,607,2772
980,1192,1183,1084,1179,1155,1384,1421,1152,1383,1180
981,1368,2129,2959,608,647,651,650,718,652,685
982,683,568,645,604,530,569,605,607,643,3015
983,1941,3038,2129,1680,718,1374,1368,1417,652,685
984,652,1680,1414,1374,2132,2095,2129,685,836,646
985,612,681,651,642,1080,1421,1155,1180,602,1182
986,184,187,225,265,188,223,261,226,227,3012
987,231,610,570,912,195,306,193,194,571,532
988,229,228,267,230,192,269,268,193,195,194
989,1383,223,1414,382,874,269,420,1182,798,836
990,399,195,284,439,248,401,361,170,362,360
991,530,607,2545,605,2086,2089,3015,643,2507,2237
992,1943,652,613,655,1180,612,310,687,653,651
993,119,3023,232,233,381,269,268,155,194,195
994,1555,2733,2772,2275,2236,2089,2086,2507,2274,2237
995,1943,1120,802,363,1084,201,841,364,439,122
996,1445,3038,1751,1368,1483,1318,1938,1369,1372,1788
997,3033,1483,1597,1900,1712,950,1749,1788,1938,1976
998,650,1828,1826,1676,1715,1753,1788,3004,1866,1792
999,2545,1413,1216,1192,1374,1451,1449,1180,1179,1217
1000,2086,1365,2771,1859,2773,2274,2237,1897,1326,2236
1001,342,610,570,912,195,306,532,571,193,194
1002,376,300,340,3015,336,302,341,415,2934,339
1003,1597,988,1710,1483,1521,3033,2014,1938,950,1976
1004,988,1710,1596,1749,1788,1712,1597,1900,1976,1938
1005,2735,645,568,2773,227,2771,2689,2236,643,3015
1006,192,193,498,231,194,266,535,269,267,268
1007,1192,718,527,2648,568,2086,1101,645,528,569
1008,2242,1754,1718,3004,1676,1716,1715,1788,2280,2511
1009,683,836,1451,1449,1377,1374,682,2092,685,2129
1010,1597,647,646,570,1938,571,912,950,532,609
1011,2730,2920,19,151,2854,2897,2893,2898,2895,2888
1012,2545,1319,1377,1379,1368,1179,1374,1417,1143,1318
1013,1357,1377,3003,3038,1379,1319,1374,1417,1143,1318
1014,1417,1318,1792,2516,183,1360,2689,1397,1939,1368
1015,2198,2238,2200,2086,1783,2089,2507,2772,2316,1823
1016,231,380,195,230,535,228,306,342,194,193
1017,1127,1084,2993,164,1016,1053,3024,122,2976,1054
1018,1939,1826,1788,686,691,1295,1753,3004,727,1792
1019,1520,988,1710,3033,2014,1483,1521,1938,950,1976
1020,2274,1101,2772,2735,2730,2771,2773,643,3015,2236
1021,230,228,498,381,380,535,194,193,306,342
1022,605,1101,2733,2772,2735,2237,2771,3015,643,2236
1023,2987,1305,1346,1374,1423,1230,1344,1231,1180,1192
1024,1333,1715,1867,1828,1372,1753,3004,1788,1866,1792
1025,1120,3024,1053,2976,1054,122,1205,1016,1122,1084
1026,1101,2733,2507,2089,1365,2274,1326,2086,2237,2236
1027,1101,2771,452,2089,2275,2086,2507,2274,2237,2236
1028,1159,1125,364,363,1197,122,1120,1084,1160,1161
1029,1192,2481,2651,1344,1346,1360,2652,2645,1383,1397
1030,452,453,376,300,336,341,302,415,2934,339
1031,381,419,497,267,268,536,155,269,498,609
1032,413,415,450,491,341,453,451,452,339,2934
1033,415,302,341,2934,605,452,568,339,643,3015
1034,2844,2800,2846,2838,2806,2839,2840,2842,2880,2881
1035,2772,1101,2771,3015,1326,2773,2237,643,2274,2236
1036,413,605,453,415,227,3015,2934,451,643,452
1037,2508,2438,1295,2516,2514,2394,2513,2476,2512,2511
1038,325,285,401,398,324,435,362,364,363,439
1039,452,2689,1101,645,2771,605,2237,2236,3015,643
1040,401,284,362,439,322,396,283,248,361,360
1041,439,2086,1192,363,1322,184,1360,2652,2689,1397
1042,2773,2733,2771,643,1403,1101,2089,2086,1365,1326
1043,1563,1295,1379,1368,3038,1409,1867,1143,1374,1417
1044,2086,2735,1365,2730,2771,1101,643,3015,1326,2236
1045,1384,1386,1231,1122,1084,1346,1180,1423,2952,1192
1046,2954,2775,1143,2994,1297,686,726,729,439,401
1047,1179,1941,726,1939,498,1217,650,1368,535,686
1048,2735,605,2730,1101,2771,2773,2274,3015,643,2236
1049,1360,1792,2962,718,1368,1409,3003,1143,1318,1397
1050,2398,2487,2567,2525,1381,2526,2655,2359,834,3034
1051,155,498,248,399,439,170,401,362,361,360
1052,1297,1143,1333,1318,1369,1788,727,1368,1372,1295
1053,645,605,415,451,339,227,3015,2934,643,452
1054,2772,1326,2274,1101,2771,2773,605,3015,643,2236
1055,122,1231,1046,1050,1122,1048,1346,1192,1084,80
1056,302,188,223,341,452,3015,227,2934,643,339
1057,912,1521,3033,2014,1483,988,1788,950,1938,1976
1058,1318,2645,2647,2605,3003,1360,2652,2686,2687,1397
1059,453,452,376,300,336,302,415,341,2934,339
1060,2735,1101,605,2730,2274,2771,2773,3015,643,2236
1061,396,434,569,248,645,439,361,401,362,360
1062,186,19,184,150,2689,3015,643,188,187,3012
1063,1305,2987,1490,3020,1266,1423,1230,1180,1381,1192
1064,439,401,283,322,284,362,396,248,361,360
1065,2812,2776,2952,439,2775,3035,2817,2774,401,2814
1066,2507,2733,1326,2089,2773,2772,2237,1365,2086,2236
1067,1900,1520,2509,2513,3033,1597,1938,2512,2511,1976
1068,325,286,285,122,327,362,403,364,363,439
1069,399,248,2994,434,170,439,361,401,362,360
1070,1365,2772,2773,605,1101,2237,2771,3015,643,2236
1071,1318,1370,1753,2512,1368,2511,1409,3004,1792,1295
1072,1216,1344,401,1319,2545,1192,1180,1318,1179,1217
1073,1326,2274,2735,2730,2771,1101,2773,3015,643,2236
1074,2605,1358,2687,1357,1360,2686,2516,3003,1397,1318
1075,1409,1379,1417,718,1374,1357,1319,3003,1143,1318
1076,2898,2895,2888,147,2897,2893,36,150,151,187
1077,2274,605,2771,1101,2730,2773,2735,2236,643,3015
1078,187,261,339,3012,2934,223,188,3015,643,227
1079,1365,2773,2771,2274,1101,2237,1326,3015,643,2236
1080,2917,2802,2839,2840,2920,2915,2842,2800,2880,2881
1081,1365,604,2507,1670,1326,2086,607,605,3015,643
1082,1157,1184,1120,1086,1116,1119,1125,1148,1490,1084
1083,1143,2092,1451,1413,2129,1179,1368,685,1374,1417
1084,347,1421,612,1155,3031,687,310,1180,653,651
1085,231,570,573,610,535,193,194,571,306,532
1086,1364,2735,2086,2773,2730,1403,2771,1101,1365,1326
1087,1357,2545,1192,1180,3003,1319,1217,718,1179,1318
1088,693,802,1179,1297,2058,3003,1941,718,1318,1143
1089,912,1520,3033,1938,2014,1521,950,1483,988,1976
1090,36,2730,19,151,2854,2897,2893,2895,2898,2888
1091,616,1182,158,687,1155,1421,655,653,651,1180
1092,645,2941,188,2881,187,1217,227,2622,1368,2660
1093,571,647,685,266,912,570,3015,269,306,609
1094,186,265,225,187,223,188,261,226,3012,227
1095,2733,1783,2089,2773,2772,2086,605,3015,607,643
1096,2236,2772,2730,2771,2773,1365,1101,1326,3015,643
1097,652,836,685,2092,718,2129,1417,1179,1374,1368
1098,605,1670,1364,1101,2086,1403,3015,1365,643,1326
1099,186,1101,184,188,3015,3012,223,187,643,227
1100,1152,1451,1384,1216,1413,1374,718,1180,1179,1217
1101,1749,1712,3033,1520,912,1788,1976,1597,1938,609
1102,1412,1414,3038,652,1413,269,1374,1409,685,1368
1103,607,605,2089,1670,1365,3015,1326,2086,2507,643
1104,1397,1357,2545,1319,1143,3003,1217,718,1179,1318
1105,1158,1159,1125,1197,122,1084,1120,1160,1161,1180
1106,1408,3038,1941,1409,1318,718,1179,1217,1143,1368
1107,2666,2844,2749,2842,2664,2839,2838,2840,2880,2881
1108,261,183,2086,223,3012,227,184,568,569,645
1109,1318,1409,3038,1179,1217,686,1374,1417,1143,1368
1110,2730,1329,2771,1364,2089,1403,1101,1365,2086,1326
1111,1152,1086,3024,1384,1054,1120,1122,3003,1125,1084
1112,682,1374,683,1143,1417,1217,1179,1368,652,718
1113,1788,571,647,912,950,532,1938,646,570,609
1114,1938,610,647,950,912,570,571,646,532,609
1115,1791,1793,1143,1755,1828,1867,1866,1753,3004,1792
1116,1344,1180,364,1318,1417,1192,1143,1179,1217,718
1117,192,230,266,232,267,269,195,193,268,194
1118,605,2771,2237,1326,1101,2773,2274,3015,643,2236
1119,2316,2773,1783,2089,2237,2086,2733,2772,1821,1823
1120,2728,3015,2729,643,2735,2767,1365,2730,2689,1101
1121,1368,1417,1357,1179,1192,718,1318,3003,1360,1397
1122,1520,1710,3033,988,1938,2014,1521,1483,950,1976
1123,2089,2773,643,1403,1364,2771,1101,2086,1365,1326
1124,1398,2086,1192,223,1399,1360,183,645,184,1397
1125,225,147,261,151,186,339,2934,223,188,227
1126,2771,1365,1326,2086,1101,605,2237,3015,643,2236
1127,1829,691,1318,1563,1941,1295,686,1143,3004,1792
1128,2771,2772,1101,3015,2237,2274,2773,643,1326,2236
1129,1370,1368,1374,3038,1488,1297,1409,1295,1318,1143
1130,195,399,248,439,652,401,170,361,362,360
1131,233,78,232,269,26,117,155,24,195,194
1132,1488,1297,1788,1318,1333,1753,1143,3004,1792,1295
1133,1409,3038,686,1318,1179,1217,1374,1417,1143,1368
1134,536,2511,647,570,267,646,573,498,268,535
1135,498,650,2512,691,686,1753,1792,2511,535,3004
1136,363,399,195,248,401,439,361,360,362,170
1137,375,340,376,300,336,302,341,415,2934,339
1138,1148,1084,1344,1184,1152,1346,1384,651,1180,1192
1139,364,363,2056,1794,3034,1192,3035,2058,439,401
1140,2920,2838,2917,2839,2842,2802,2840,2800,2880,2881
1141,452,607,1101,2771,2773,568,2236,605,3015,643
1142,357,396,399,248,439,401,170,362,361,360
1143,161,1091,3024,1120,364,3011,1054,1084,439,122
1144,3038,1488,1318,1297,1409,1333,1143,3004,1792,1295
1145,122,1050,1088,1086,1048,1161,1122,1120,1125,1084
1146,2730,1365,2086,2771,643,3015,2237,1326,1101,2236
1147,227,1101,605,2735,2771,2730,2773,2236,643,3015
1148,1488,691,1297,1333,1318,1409,1143,1753,1372,1295
1149,2237,2274,2730,2771,1101,2773,1326,3015,643,2236
1150,1125,1160,439,3011,403,1122,363,122,1084,364
1151,2735,605,2771,2730,2274,1101,2773,3015,643,2236
1152,2730,2086,2772,2771,2773,1101,1365,1326,3015,643
1153,2730,2773,1403,2771,2086,643,1101,3015,1365,1326
1154,2236,2773,1365,2771,2730,1326,2735,1101,643,3015
1155,2089,2773,2771,3015,1101,2086,643,1365,2236,1326
1156,535,912,570,195,610,306,193,571,194,532
1157,1052,1088,2993,1048,1125,1161,1160,1122,1084,1205
1158,338,340,300,3015,336,302,415,341,2934,339
1159,605,491,492,643,453,413,450,415,451,452
1160,1794,1370,1297,1143,3038,1372,1333,1318,1409,1295
1161,1520,1521,2014,1483,1597,3033,2511,1900,1938,1976
1162,605,2274,1101,2735,2730,2771,2773,643,3015,2236
1163,605,227,1101,2771,2735,2773,2730,2236,643,3015
1164,67,2770,3003,2516,2645,2686,1398,2689,1360,1397
1165,2541,3015,2648,604,2089,1101,643,2507,2086,2237
1166,604,1326,1101,607,645,227,568,605,3015,643
1167,1417,1374,1319,718,1941,1397,1357,3003,1143,1318
1168,192,497,536,381,535,266,498,269,267,268
1169,2730,2771,2735,2089,3015,1403,1365,2086,1101,1326
1170,363,247,399,439,248,401,361,360,362,170
1171,573,231,381,192,535,498,266,269,267,268
1172,1319,398,403,805,2994,1318,364,363,401,439
1173,2359,2242,1716,1718,1893,2613,2319,2280,2318,1677
1174,1370,1372,3038,1488,1368,1297,1318,1409,1143,1295
1175,2733,2771,2089,1365,1897,2086,1326,2274,2237,2236
1176,1101,605,2773,2771,227,2735,2730,2236,643,3015
1177,2730,2086,2773,1365,2771,1101,3015,643,1326,2236
1178,3012,568,2771,605,2735,2730,2934,227,3015,643
1179,2773,607,2237,1365,2086,2236,1101,605,3015,643
1180,1417,1397,1379,1409,3038,1143,2512,1318,2511,1368
1181,340,300,643,336,302,341,415,3015,2934,339
1182,25,1192,1383,147,151,22,2888,68,67,19
1183,285,282,439,399,401,170,248,360,361,362
1184,2237,2735,2274,2730,1101,2771,2773,643,3015,2236
1185,3038,1368,1258,1318,3004,1488,1297,1792,1143,1295
1186,419,497,117,304,232,360,155,195,194,269
1187,2236,3012,2735,568,605,2730,2934,227,3015,643
1188,1344,1326,2649,2652,1416,2648,1382,1192,2645,1381
1189,2735,2730,2773,2771,568,227,605,2236,3015,643
1190,1897,2771,3015,1101,1326,2773,643,2237,2274,2236
1191,2689,2730,568,2735,2236,2771,605,452,3015,643
1192,1710,1520,3033,1938,2014,1521,1483,988,950,1976
1193,1143,1788,1409,2512,1318,1753,2511,1295,3004,1792
1194,186,302,223,188,341,3015,643,227,2934,339
1195,1120,1087,1052,3024,1091,1016,1053,2976,1084,1054
1196,2236,227,2772,2771,2730,2773,2735,2689,643,3015
1197,1521,1520,1597,1483,2014,2511,3033,1900,1938,1976
1198,1120,403,364,439,164,1084,2952,161,3011,122
1199,568,150,2881,223,643,188,187,3012,227,3015
1200,2800,2553,2508,2590,2511,2549,2592,2552,2880,2881
1201,2516,2512,1409,2514,2552,2513,2553,1368,2689,2511
1202,1297,3038,1318,1368,1409,1143,1369,1333,1372,1295
1203,169,2817,403,363,364,3011,122,2952,439,401
1204,1087,1052,1205,1017,2993,3024,1053,1016,2976,1054
1205,326,285,435,325,399,362,401,364,363,439
1206,2771,150,188,223,2516,2735,3012,2476,227,2689
1207,2359,2065,3035,1192,2058,1794,1230,2330,401,1381
1208,2565,1346,1084,1384,1383,1318,1344,1192,3003,718
1209,363,284,322,283,396,248,362,439,361,360
1210,1893,1716,2319,2613,2318,1718,2242,1677,2511,2280
1211,1379,1413,1297,1417,1319,3038,1409,1143,1374,1318
1212,605,2735,2274,2730,2771,1101,2773,3015,643,2236
1213,2735,2730,1365,2771,2773,1101,1326,3015,643,2236
1214,2733,1101,2772,2771,2735,2730,2773,643,3015,2236
1215,186,302,3015,341,643,188,223,227,2934,339
1216,1091,3024,3003,1084,1016,1053,2976,164,122,1054
1217,381,536,497,535,419,498,266,269,267,268
1218,187,261,3012,223,3015,643,339,188,2934,227
1219,2730,2274,2772,1101,2735,2773,2771,3015,643,2236
1220,122,1356,3024,2993,1016,2725,2976,1053,1054,3003
1221,1101,2772,605,2733,2735,452,2771,3015,643,2236
1222,1212,1192,3013,2774,401,2987,2954,2814,1176,3035
1223,1192,2514,2648,2553,2513,2476,1417,2516,2511,2689
1224,1143,652,362,3003,802,486,1318,1397,439,401
1225,2993,3024,1016,1127,1391,1356,1053,2976,1054,3003
1226,1369,1483,1372,1939,3003,1976,1318,2512,2511,1788
1227,994,1230,1423,1180,2987,1794,3020,998,1490,1381
1228,2730,530,2934,2771,492,415,605,3015,452,643
1229,121,88,124,118,194,83,155,195,90,87
1230,1710,1900,3033,988,1938,2014,1521,950,1483,1976
1231,413,3015,451,453,341,415,643,339,2934,452
1232,491,378,340,451,415,453,341,452,339,2934
1233,1017,1091,1127,1093,1016,3024,1053,3003,2976,1054
1234,1862,2242,3003,1483,1938,1900,1788,2512,2511,1976
1235,1357,1344,1297,1192,1417,1319,3003,1143,718,1318
1236,434,363,248,399,170,439,401,362,361,360
1237,36,68,2689,2730,19,151,147,150,3012,187
1238,2809,2770,2807,2541,2089,1101,2507,2648,2086,2237
1239,3015,2735,2733,2086,643,2274,2771,1101,2237,2236
1240,2934,2735,2771,568,2730,605,2236,227,3015,643
1241,2687,1318,1192,2476,1360,1397,2560,2516,2689,2648
1242,363,284,399,248,439,170,401,362,361,360
1243,1900,1483,1596,1521,1520,1597,2014,3033,1938,1976
1244,1409,1941,1297,1488,1318,691,1295,1143,3004,1792
1245,3023,360,232,536,498,194,193,267,268,269
1246,227,2771,2237,568,2689,645,605,3015,452,643
1247,187,186,3012,19,261,223,188,339,2934,227
1248,342,570,646,912,498,573,571,535,532,609
1249,2994,651,155,536,486,362,360,652,439,401
1250,2733,1101,2735,2689,2773,2730,2771,643,2236,3015
1251,1101,2733,2771,2274,2089,1365,2086,1326,2237,2236
1252,1374,718,1217,1192,1179,1344,1319,1417,1143,1318
1253,1390,1329,1358,1319,1360,718,1357,3003,1397,1318
1254,234,118,3023,233,117,232,269,155,195,194
1255,1428,1048,1120,1344,1152,1088,1125,1384,1122,1084
1256,231,267,380,266,419,498,269,342,268,535
1257,1101,2772,643,2236,2689,2773,2771,3015,2730,2735
1258,1295,1755,1318,2512,1753,3004,1939,2511,535,1788
1259,1750,1369,1751,1295,2511,1939,1753,3004,1318,1788
1260,1120,2935,812,1053,164,2976,1084,161,1054,122
1261,1296,3038,1143,1370,1326,1297,1333,1318,1409,1295
1262,1326,1336,2400,1382,1192,1217,1373,2950,3034,1381
1263,2772,2274,605,2771,1326,1101,2773,3015,643,2236
1264,2274,530,2730,492,2771,605,2236,3015,452,643
1265,2772,2735,2730,1101,2773,605,2771,3015,643,2236
1266,2687,1360,2643,1318,2516,2434,2605,2686,1397,2645
1267,2516,2432,2508,2509,2514,2394,2476,2513,2512,2511
1268,1365,1101,2086,643,2771,2773,2237,2274,1326,2236
1269,1228,1180,1344,1413,1305,1266,2987,1423,1192,1381
1270,2434,2649,2605,2652,2687,2647,1381,3034,2645,2648
1271,2772,2730,2735,1101,605,2771,2773,3015,643,2236
1272,282,247,399,439,360,361,248,401,170,362
1273,2733,2274,1101,2735,2771,2773,2730,643,3015,2236
1274,284,363,399,170,248,439,401,360,361,362
1275,1328,1490,2330,1217,2359,1382,1336,1373,3034,1381
1276,1143,1377,1179,1180,718,1417,1192,1344,1319,1318
1277,184,186,261,187,3012,643,223,3015,188,227
1278,1343,1231,1226,1122,1374,1084,1344,1228,1318,1192
1279,1369,1368,1753,3004,1792,1318,1372,1333,1788,1295
1280,3038,1374,1357,1417,718,1379,1319,3003,1143,1318
1281,1368,1413,1143,1344,1379,1179,1318,1377,1417,1374
1282,1374,3003,1297,1370,1143,1368,1318,1326,1409,1295
1283,2772,227,2773,2236,2771,2735,2730,2934,643,3015
1284,1183,1421,1125,1377,1346,1374,1344,3003,1384,1383
1285,1211,1369,2950,1318,1409,1370,718,1368,1326,3034
1286,605,227,2274,2771,2773,2735,2730,2236,643,3015
1287,2541,2516,1364,2648,1381,1368,645,2689,1326,3034
1288,1266,1230,43,1269,1389,1387,1192,2987,1423,1381
1289,1348,1122,1346,1386,2952,1269,1387,1192,1423,1381
1290,1409,1370,1318,1792,1368,3034,1333,1215,1295,1326
1291,1216,1192,1368,1143,1417,1374,1180,718,1217,1179
1292,2585,2917,2586,2508,2840,2920,2915,2880,2660,2881
1293,1159,1152,1384,1091,1086,1054,1122,1125,1120,1084
1294,643,227,2767,2772,2771,2773,3015,2730,2735,2689
1295,2730,2771,605,2237,1101,2773,2274,3015,643,2236
1296,121,24,119,90,124,155,195,83,118,87
1297,2689,607,1365,1326,2771,2237,2086,1101,3015,643
