,0,1,2,3,4,5,6,7,8,9
1,903,528,621,408,1407,715,479,646,900,259
2,557,974,1408,629,525,863,559,562,630,595
3,1477,715,987,1408,2011,719,755,683,756,1024
4,46,1448,89,58,90,92,87,49,88,85
5,1361,715,2126,2578,1449,719,1820,1785,683,676
6,2727,1504,715,1488,679,755,2767,1543,677,2763
7,719,1289,73,1488,296,987,646,607,756,605
8,869,72,1489,296,38,188,114,2937,35,73
9,2015,1446,1489,2167,2092,2960,2931,2168,1522,1977
10,150,1527,69,38,73,107,35,71,75,114
11,716,1353,848,259,719,1491,755,753,715,754
12,1049,1491,1208,1334,559,1126,1199,1017,1168,1203
13,1347,2421,1130,1149,2081,949,1529,2647,1776,1148
14,1846,2674,2719,1529,2716,2758,2676,2754,2982,2677
15,263,1529,570,266,340,569,532,2935,227,303
16,2917,1567,2867,3018,2845,2887,2968,2847,2921,2888
17,1900,530,1253,1567,645,456,1936,1938,1899,568
18,1376,953,1182,1567,1032,1103,1450,1145,952,1181
19,1191,656,500,1605,3026,622,654,427,503,658
20,3023,1143,2243,1605,953,1065,838,3026,917,989
21,1187,1305,1605,1450,1183,1188,1452,1148,1189,1184
22,719,2697,1252,1605,2354,2810,2505,684,2241,645
23,683,2012,1253,1643,1064,1671,644,1443,646,2013
24,2657,1249,719,1643,2505,794,759,2617,755,758
25,73,1682,1327,263,152,38,148,70,30,35
26,292,1682,134,426,123,177,372,254,330,255
27,290,1682,214,371,365,216,292,174,177,254
28,644,1252,2697,1720,1633,722,1102,645,568,683
29,2720,1990,1720,2716,2719,2723,2678,2683,2758,2718
30,1343,1186,1720,1450,1183,1189,1452,1181,1187,1188
31,1231,1149,1720,1453,1228,1109,1231,1191,1186,1188
32,2886,2512,2408,2677,1758,3018,2845,2716,2881,2674
33,1758,1242,2228,672,1470,2043,790,2270,1586,2267
34,1345,1130,1148,2081,1758,1450,1125,1181,1149,1188
35,1758,340,569,3013,266,570,303,263,3016,228
36,463,1796,382,533,419,422,3026,2978,305,383
37,454,1796,644,2935,568,569,570,263,340,531
38,569,1253,1796,3013,568,532,645,570,644,684
39,645,1252,1796,569,530,684,532,644,531,3016
40,2322,2632,1834,2513,2395,2281,2514,2593,2512,2477
41,1834,683,2734,1252,1102,2696,2808,684,1253,2984
42,1354,2690,2086,679,1834,3018,1096,2158,2763,2087
43,2013,1253,2657,1834,2938,1102,722,756,2697,2012
44,841,1262,1872,2213,920,840,918,917,919,878
45,1181,1377,1872,1522,1450,952,1182,1103,1145,1339
46,1284,2087,792,3018,1872,2763,756,716,2086,793
47,1013,595,1872,629,560,709,630,562,557,559
48,2967,2043,562,2229,1872,1625,1134,751,672,484
49,1279,1910,789,2382,1168,1087,559,1208,1017,1161
50,1308,1109,1910,884,1038,1181,1032,1149,1306,1071
51,720,2810,73,1910,683,36,70,2773,646,35
52,73,1910,1327,263,148,30,152,70,38,35
53,1306,886,1274,1948,843,1038,840,884,1236,844
54,473,1948,178,426,472,474,254,434,216,256
55,530,1215,1948,3013,646,532,569,531,645,683
56,296,1948,37,216,38,262,72,35,73,114
57,1271,847,1149,1986,1453,1181,1109,1271,1454,1186
58,2166,1215,2984,1986,683,1102,2773,2126,1063,1026
59,1311,2480,1679,2081,884,1471,1986,1186,1040,1162
60,402,1986,178,313,174,330,139,254,292,216
61,1064,2984,2956,1986,644,1443,2773,2996,683,1063
62,1223,917,2024,533,2213,878,920,919,840,918
63,288,2024,139,216,362,174,292,217,178,214
64,2211,1305,1218,1188,1413,1032,2024,1454,1183,2171
65,508,2024,219,424,435,313,426,474,256,472
66,2845,674,2024,3018,2890,2850,2886,2774,2888,2847
67,1532,919,2062,1684,1679,924,918,1682,921,917
68,2886,1872,2677,2587,2062,2759,2875,2845,2888,2881
69,644,1253,2062,607,532,719,683,568,569,2938
70,1893,2762,2062,2767,2773,2722,2727,2724,1892,2721
71,489,2100,716,259,646,568,450,570,677,683
72,987,1361,2100,756,715,683,719,755,716,1024
73,254,2100,321,214,362,177,174,292,216,213
74,1013,2341,559,2100,1810,2967,1161,891,1207,1127
75,1404,3006,719,2138,1671,683,2546,1634,646,722
76,1948,2556,2138,2514,2592,2594,2512,2515,2632,2477
77,1555,2768,719,2138,987,683,2773,1024,2690,756
78,1455,1183,2138,952,1035,1224,1450,954,1032,1181
79,1283,2138,716,2763,987,719,2650,715,756,755
80,2677,2216,2887,2176,2839,2845,2968,2841,2881,2884
81,1684,1307,919,1435,2176,1226,1161,1149,917,1683
82,1161,2176,1338,1130,1312,1435,1164,1049,1129,1125
83,2081,1458,2483,843,2176,2478,2562,884,2518,2522
84,155,2176,533,386,305,231,3026,153,382,229
85,1328,605,2176,684,607,719,568,645,646,683
86,1161,1226,2214,1348,1168,1435,919,1164,1149,1338
87,124,2214,90,3012,78,92,58,88,49,89
88,1414,2214,1030,2210,1183,1409,913,1181,953,952
89,668,2214,216,2995,174,408,519,362,173,214
90,379,1253,2214,1900,530,1102,493,342,568,1976
91,89,2214,58,124,49,92,89,90,60,88
92,2935,2214,189,531,152,227,263,265,266,303
93,1183,2211,1411,2252,2281,952,1522,1182,2210,1181
94,3016,1328,2253,530,645,532,644,531,570,569
95,1253,569,2253,683,530,532,2938,493,3016,645
96,2081,1277,2676,751,2253,2466,3018,2763,2645,677
97,493,1328,2253,644,683,569,530,3016,570,532
98,2215,2676,2253,2594,2758,2716,2678,2632,2593,2677
99,1342,2253,1145,2366,1452,1188,2213,1186,1189,1183
100,1328,569,2253,645,568,644,532,570,531,2938
101,1355,2647,2253,1134,2043,1703,791,2650,1058,1057
102,1900,531,1253,2328,3013,683,379,1860,530,569
103,1253,644,2328,532,645,531,2938,568,570,569
104,568,1252,2328,2935,645,532,569,493,644,570
105,70,983,2328,296,30,188,73,38,35,71
106,1145,2213,1377,2328,1182,2366,1450,1184,1181,1183
107,129,2328,426,85,88,84,92,49,123,90
108,1252,531,2328,228,2935,569,645,568,644,532
109,953,2243,2328,1296,3026,1065,838,533,724,989
110,2810,1253,2328,645,2505,2658,681,2734,720,2938
111,1452,2328,1344,1188,1145,1186,1450,1187,1189,1148
112,2167,3034,2328,2960,2092,2243,2129,2130,2281,2244
113,1215,568,2328,228,645,493,532,569,3016,683
114,207,2979,177,292,362,174,214,216,213,254
115,1435,2366,2043,1163,3025,2647,751,2941,1208,675
116,2647,1347,3015,2121,2650,2727,2645,2724,2648,2722
117,1315,2382,3015,1130,1435,2081,1161,1128,2421,1129
118,2593,3015,3015,2515,2512,2555,2477,2514,2552,2594
119,1354,3015,2042,751,1129,1435,1776,1161,1128,2081
120,1826,3015,2243,1484,1255,1103,2168,2281,2320,2167
121,1314,3015,2420,1334,1203,1161,1300,1163,1164,1166
122,683,3015,1253,3013,531,569,532,568,607,684
123,1240,3015,2421,1300,2081,1130,2941,1435,1049,1161
124,2960,1484,3015,2129,2054,2282,2167,2931,2130,3034
125,1429,2677,677,3015,3018,2763,3008,751,679,2674
126,46,3015,426,129,84,88,49,92,90,123
127,531,1253,3015,1898,3013,645,1633,1102,684,568
128,1215,3015,570,228,644,683,266,568,531,569
129,3015,751,2250,1181,1312,2081,884,2443,2176,2097
130,1187,3015,1384,1168,1161,1454,1188,1148,1345,1189
131,1344,3015,949,1112,1130,1684,1148,1682,1149,1075
132,73,1327,2404,148,30,263,152,70,35,38
133,1277,2404,713,2081,1208,709,1472,1161,1049,1168
134,2810,1253,2404,645,2734,722,644,2735,684,3016
135,340,2404,1102,73,531,266,379,227,263,530
136,684,2404,1253,493,1633,1102,645,379,1063,568
137,1253,2404,493,2697,1938,2938,379,530,683,569
138,2245,2443,2514,2881,2594,2510,2512,2395,2550,2477
139,645,2443,1253,532,1102,530,1253,569,493,3016
140,1148,1386,2443,2081,1130,1125,1776,2079,1149,1129
141,1252,2443,2657,2938,645,719,758,2658,684,756
142,1089,2443,710,1472,1208,713,561,1168,709,1049
143,653,2441,1269,2443,844,803,884,845,2443,843
144,173,898,2443,520,664,408,555,522,519,560
145,532,2443,1252,645,1102,342,530,569,1253,493
146,683,2443,1100,531,605,646,570,569,568,532
147,1186,1277,2443,2081,884,1678,1134,1001,1470,1159
148,1425,2677,2443,2758,2761,2719,2716,2721,2760,2678
149,2977,2382,2518,2646,2081,1161,1017,1049,2421,2458
150,1063,2518,645,1253,1443,722,1026,3016,644,1102
151,70,2518,152,73,30,227,72,148,38,35
152,569,2518,1252,2697,1102,645,532,568,644,531
153,2808,1328,2518,719,683,2736,720,2695,756,722
154,843,1346,2518,2480,779,885,919,918,886,884
155,1127,2421,2518,2941,2081,1472,1208,1161,1049,1168
156,1253,2518,645,2697,1102,569,722,608,1063,644
157,1252,2518,569,530,683,532,493,644,645,3016
158,531,2518,1215,340,645,1102,530,569,1253,532
159,1253,2518,1900,645,2697,568,1443,1102,722,531
160,716,2518,786,522,751,525,753,754,521,715
161,1253,2518,2354,722,1900,2697,1026,568,645,1102
162,2561,1049,2518,174,1339,783,1089,1169,709,818
163,568,2556,1253,645,1102,570,569,532,644,531
164,1253,2556,1900,645,2354,1026,568,1936,1102,531
165,722,2556,1253,2697,342,1938,530,1102,456,531
166,434,2556,174,2961,177,440,362,216,212,254
167,645,2697,2556,1252,1899,2658,2938,1862,646,1898
168,1103,2320,2556,1562,1903,1484,1181,2167,1521,2243
169,422,2556,575,533,724,536,2978,3026,495,460
170,1253,2594,569,1063,645,530,532,1253,1102,493
171,2594,2634,2845,3018,2888,2881,2883,2885,2922,2886
172,531,2594,416,340,569,568,263,570,644,2935
173,1168,2647,2594,1316,2081,2421,1435,1776,1161,2382
174,1328,2696,2594,719,1102,722,2768,756,720,683
175,212,2594,326,177,365,362,174,254,216,214
176,2517,2594,2137,2514,2593,2515,2512,2555,2477,2554
177,1319,2682,2594,791,2650,2727,716,2647,715,755
178,2964,1541,2594,2445,2158,2512,2213,2447,2727,2722
179,1252,2808,2594,645,1102,2697,2773,2810,684,722
180,71,2594,227,75,38,22,76,73,35,152
181,73,2594,227,75,38,263,72,35,76,152
182,1712,2594,2243,2015,2168,2016,2960,2281,2092,2167
183,1238,2594,2421,2941,1130,2081,1435,1049,1017,1161
184,684,2594,1253,3013,569,379,1102,568,645,493
185,530,2594,1290,227,1063,379,608,493,1102,532
186,709,2594,1279,884,2081,1160,1738,1168,1049,1038
187,1316,2594,2382,1337,1130,1776,2081,1435,1161,1129
188,1350,2605,2594,784,2081,1339,1472,1168,1161,2647
189,2243,1484,2594,952,1636,1255,2960,2168,2167,2281
190,709,2594,2458,1334,1127,2973,2081,1435,1017,1161
191,2810,1253,2594,644,2697,645,2695,722,568,2734
192,2935,2594,532,454,3013,644,303,568,569,570
193,1253,2594,531,2697,1102,342,722,456,568,1063
194,598,2594,1014,1703,2081,1161,1207,561,634,562
195,1452,2594,1387,1187,1220,1189,1409,1454,1229,1450
196,1187,2594,1342,1450,1145,1073,1188,1452,1186,1189
197,1279,2594,1297,2153,1666,1300,1049,1017,1163,1161
198,371,2594,2961,517,212,440,519,174,369,555
199,2758,2286,2631,2593,2676,2512,2677,2716,2632,2674
200,2512,2631,2972,2478,2483,2556,2514,2439,2516,2517
201,2631,1127,2421,709,1663,2081,1161,1017,1049,1083
202,1750,2631,2243,1103,1484,1903,2167,1521,2168,2281
203,2847,2631,2341,3018,2925,2917,2968,2887,2923,2916
204,1215,2631,530,2697,645,532,531,569,2938,683
205,1161,2631,1334,1164,559,1166,1300,1163,1203,1168
206,1296,2631,724,2243,1027,647,533,953,649,571
207,2645,1731,2631,2081,2678,2677,2720,2716,2722,1730
208,228,2631,2935,531,340,227,303,266,3013,263
209,1183,2631,1347,1187,1452,1454,1450,1186,1188,1347
210,2867,2670,2886,2851,3018,2921,2845,2968,2847,2888
211,2479,2670,2716,2593,2510,2758,2674,2512,2677,2632
212,263,2670,531,228,266,340,303,227,3013,569
213,427,2670,475,585,254,206,237,400,552,474
214,569,2670,2935,228,266,340,188,570,644,227
215,1127,2670,1334,560,1321,1168,1161,1017,1049,1208
216,1652,2719,2670,2939,2722,2716,1690,2720,2964,2758
217,2404,848,2670,1346,840,3008,2482,2478,2518,2443
218,1253,2670,379,1900,645,1102,531,1936,1026,342
219,1049,2670,2382,1208,561,1663,1089,709,1160,1017
220,245,2670,254,214,440,174,177,216,292,213
221,2670,1252,644,2697,758,645,568,532,2938,684
222,987,2670,2617,1249,756,2505,719,753,755,793
223,2081,1316,2670,847,1161,1040,1470,1159,1163,845
224,1367,2670,2772,684,1102,1671,644,645,2695,722
225,1130,2670,1188,1384,2081,1125,1186,1184,1129,1149
226,2716,1991,2670,2982,2758,2719,2676,2674,2754,2677
227,664,2670,1050,559,630,709,560,557,666,562
228,1253,2670,569,2697,722,1102,645,684,570,644
229,1428,2645,2670,2082,2647,2727,2081,2722,2650,2158
230,1328,2670,493,1026,683,1102,608,987,1101,568
231,1352,2670,1435,2988,1128,1776,1163,1161,1130,1314
232,34,2670,76,2937,152,35,73,75,38,36
233,2981,2670,68,38,71,2937,17,74,73,35
234,1168,2670,1187,1346,2081,1184,1450,1186,1183,1188
235,1422,2670,2211,1149,2081,1168,1453,1181,1450,1109
236,1412,2670,1030,2281,533,1065,878,1183,1181,1027
237,1255,2670,2168,3034,951,2960,1407,952,1521,1522
238,3034,2670,2129,2960,2243,2092,2244,2130,2167,2281
239,1253,2670,722,2697,1938,530,1102,379,2938,531
240,340,2670,531,227,379,266,606,2935,263,303
241,1449,2670,2322,1220,1903,2211,1484,991,1103,1409
242,216,2670,506,123,400,427,237,474,292,177
243,2670,593,2961,400,173,407,552,403,402,401
244,1253,2670,683,1102,1443,1671,1063,1026,1444,1253
245,2085,2670,1284,2690,792,2650,715,2763,716,755
246,2593,1791,2670,1408,2210,878,2512,3018,2395,2477
247,1253,2670,494,2697,1938,722,606,1102,342,2012
248,1253,2670,530,1102,342,532,531,456,1063,1026
249,2619,1265,2670,679,2211,2689,2123,1300,2767,2763
250,3034,2670,2167,2960,2243,2931,2168,2244,3034,2281
251,1703,2670,2646,1242,751,2081,2500,1096,2460,1741
252,1253,2708,530,1900,1026,342,722,456,1063,1102
253,568,2708,1253,2697,645,1102,570,531,722,644
254,1002,2708,1277,884,1161,812,844,847,1163,1277
255,2500,1317,2708,2005,1435,2647,1161,2421,2081,2382
256,645,2708,1253,2354,1900,2697,531,1102,568,569
257,2447,2708,1534,2440,2360,2366,2445,2369,2363,2478
258,1354,2708,2988,1776,1129,2081,1049,1435,1334,1161
259,379,2708,1253,645,1900,3013,568,1102,531,684
260,1351,2708,1337,1472,1129,2081,1161,1186,1130,1128
261,1647,2708,2285,1145,2213,2366,1068,2322,2211,1685
262,1130,2708,1353,2081,1337,1435,1161,1049,1128,2004
263,951,2708,1522,2960,1255,1181,2168,1521,1407,952
264,949,2708,35,1239,69,2937,38,74,70,36
265,2947,2708,1279,789,1161,2081,1163,1128,1282,1700
266,803,2708,1153,656,848,622,653,805,884,615
267,531,2708,1215,646,605,570,568,569,683,532
268,227,2708,111,38,263,73,266,152,35,340
269,2720,1578,2708,2761,2754,2719,2722,2716,2760,2758
270,1599,2708,2168,1103,1484,952,2243,1255,1181,1407
271,683,2728,2708,1632,987,2773,719,2768,1024,756
272,2708,1743,756,2126,1024,683,715,719,1063,2011
273,1718,2708,1500,1725,2035,1735,1722,1719,1720,2952
274,684,2708,931,980,259,753,783,719,715,607
275,1602,2708,2054,2206,2960,2931,2168,2205,2129,2092
276,1598,2708,2168,2243,2931,2960,3034,2244,2205,2281
277,677,2708,1703,181,186,679,259,1702,755,258
278,943,2708,1476,524,683,677,1703,1058,980,1439
279,1308,2708,880,2081,1109,884,1306,882,1032,843
280,2416,2708,1387,2116,2496,2376,2420,2380,2153,1426
281,2011,2708,719,1630,1024,715,683,755,756,2126
282,1366,2708,719,1479,987,1671,683,1024,646,1634
283,2708,292,630,214,408,365,216,591,174,177
284,1391,2708,919,2341,896,1204,887,1199,891,975
285,719,1667,2708,2619,2728,1063,2849,683,2964,756
286,787,2708,2081,1240,933,1666,1809,1199,751,819
287,920,2746,1306,1188,917,1187,1035,1075,1226,1186
288,719,2746,1365,987,684,1366,605,1024,607,683
289,533,2746,154,539,231,499,3026,574,155,229
290,2931,2746,3034,2244,2281,2168,2960,2243,2205,3034
291,2417,2746,1425,2948,2980,2606,2420,2453,1424,2496
292,1310,2746,1149,1168,1161,1435,919,1338,1125,1188
293,1188,2746,1456,2213,918,1148,1035,1032,1149,1075
294,1446,2746,2243,3026,2960,2167,2931,2168,2244,2281
295,1423,2746,1436,1025,884,1777,1096,924,3008,921
296,1035,2746,2949,1681,1186,1452,1189,1075,1185,1147
297,1413,2746,1065,1484,1183,953,913,1181,1447,952
298,607,2746,1215,493,3016,568,532,569,683,570
299,1011,2746,557,1168,630,1205,561,559,666,1207
300,1441,2746,1063,2085,756,2011,719,987,755,1024
301,1418,2746,1185,1075,1681,1035,1452,1189,1183,1224
302,1531,2744,1035,1183,1680,917,1450,1224,1032,1075
303,1328,2744,569,607,568,683,532,605,646,570
304,2744,454,531,263,568,532,646,644,2935,570
305,1856,2744,2724,1026,2158,2727,2682,2647,1063,2648
306,595,2744,973,2967,1207,559,630,1168,2977,561
307,1088,2744,1472,2941,675,1130,1208,783,1049,752
308,340,2744,569,341,683,568,2935,531,644,570
309,569,2744,1253,3013,645,532,530,644,570,3016
310,1035,2744,2949,1185,1681,1452,1189,1075,1183,1224
311,3034,2744,2243,2893,2960,3034,2206,2931,2205,2281
312,644,2744,341,569,531,570,683,568,2935,341
313,1168,2744,1346,919,1683,1125,1435,885,1161,1127
314,1553,2744,719,2085,987,755,683,2011,756,1024
315,1290,2744,607,1024,605,646,719,568,570,683
316,919,2744,1313,891,1165,1161,887,1163,1203,1166
317,1181,2744,2213,1414,952,1184,1450,2210,1145,1182
318,559,2744,1011,2994,630,1203,595,1208,561,1168
319,1313,2744,1226,1129,919,1435,1161,885,1338,1164
320,1328,2744,569,646,605,531,568,532,683,570
321,1380,2744,1035,1413,1183,1189,1681,1224,1075,1452
322,229,2744,347,3026,155,78,344,533,346,307
323,1910,2744,2589,2881,2677,2593,2587,2515,2591,2632
324,1252,2744,605,646,532,683,568,569,570,607
325,2949,2744,1185,1681,1075,1452,1035,1183,1189,1224
326,2213,2744,1525,1181,2320,1903,1484,2322,1182,2281
327,953,2744,1422,1484,2960,1145,1450,913,1181,952
328,1374,2744,1027,1145,952,953,1032,1181,1065,951
329,1305,2744,1185,1188,1452,1187,1145,1148,1344,1189
330,2935,2744,569,341,683,568,570,340,341,531
331,568,2744,1366,646,569,605,532,570,683,607
332,68,2744,76,70,30,152,73,75,35,38
333,1203,2744,559,1011,1208,630,1168,2977,561,2994
334,1014,2744,2081,2647,715,1703,1057,753,677,1778
335,2413,2744,1425,2420,2606,2380,2300,2415,2304,2496
336,1240,2744,2382,559,1208,1472,1168,1049,1161,1203
337,3016,2744,1253,493,530,683,2938,644,569,532
338,2213,2744,1382,2081,1184,1910,2484,1952,1186,2366
339,715,2744,1327,719,1024,683,755,682,987,756
340,3016,2744,1253,532,493,645,644,569,568,570
341,1484,2744,2168,2243,2931,2960,2167,2281,2130,2244
342,1356,2744,2650,755,2085,1096,987,2763,2647,2121
343,1452,2744,2213,1380,1186,1145,1189,1450,1183,1188
344,1328,2744,646,531,605,570,568,683,532,569
345,897,2744,559,630,1207,863,561,629,595,557
346,646,2744,1252,568,532,605,683,570,531,569
347,1049,2744,560,1206,1088,1017,1203,1161,1208,2977
348,1252,2744,2810,646,2658,719,644,2734,683,645
349,568,2744,378,646,2935,569,683,570,531,644
350,1344,2744,1148,1450,1184,1188,1187,1183,1306,1147
351,177,2744,195,277,385,174,292,231,346,239
352,1164,2744,1338,1312,919,1435,1129,1161,1186,1226
353,630,2744,1088,559,1208,664,561,629,557,595
354,2567,1275,2744,824,2081,1339,1168,1124,820,2561
355,629,2744,975,561,557,525,664,630,598,595
356,683,2744,1328,570,568,607,646,532,569,644
357,1328,2744,644,1900,645,530,569,3016,2938,683
358,659,2744,155,2961,503,654,474,164,622,427
359,1051,2744,629,561,1208,783,664,559,525,709
360,1189,2744,1147,2949,1681,1035,1452,1183,1075,1224
361,660,2744,2961,427,473,155,506,475,503,622
362,2773,1591,2744,719,755,2767,683,2769,716,756
363,531,2744,341,683,569,570,379,568,644,2935
364,379,2744,73,340,531,266,227,2935,303,263
365,1615,2744,2689,756,2121,987,2720,683,2727,2964
366,1386,2744,1096,1411,2211,1227,1416,1132,1187,1113
367,1643,2744,1343,1186,1073,1452,1189,1147,1187,1185
368,1075,2744,1343,1683,1035,1186,919,1681,1112,2952
369,2744,1555,2768,719,1024,683,2773,2690,987,756
370,531,2744,1253,1900,3013,645,379,568,2938,684
371,341,2744,569,568,683,2935,570,340,531,644
372,1446,2744,2167,2893,2931,2960,2131,2282,2899,3034
373,1312,2744,886,1130,1338,1472,1125,1161,884,1127
374,1010,2744,561,629,677,783,557,525,559,523
375,1342,2744,1186,1450,1145,1188,1452,1148,1187,1189
376,568,2744,682,646,532,683,644,531,570,569
377,340,2744,531,3013,683,379,568,570,2935,263
378,203,2744,177,160,205,195,213,123,201,216
379,1035,2744,1344,1683,919,1186,1681,1075,1112,2952
380,1208,2744,710,1050,677,525,709,559,713,783
381,1277,2744,784,1472,675,1208,1049,1168,824,709
382,227,2744,73,75,38,263,71,76,35,152
383,1313,2744,1472,1128,1338,1125,1130,1161,1049,1129
384,646,2744,1252,493,644,568,570,605,569,532
385,1342,2744,842,656,653,658,803,843,805,654
386,936,2744,174,595,629,561,664,559,630,557
387,1215,2744,569,1366,683,568,532,605,646,570
388,1188,2744,1342,1183,1452,1186,1450,1181,1187,1189
389,265,2744,569,340,2935,266,570,227,303,531
390,1567,2744,2881,1182,1905,1409,1145,1068,1184,1181
391,1253,2744,532,2697,683,2938,530,569,493,722
392,751,2744,1050,174,560,2941,1208,677,525,783
393,2744,1345,1186,1413,1452,1189,1183,1454,1187,1188
394,646,2744,1138,530,570,644,569,683,532,531
395,532,2744,1215,644,683,530,569,493,3016,645
396,646,2744,1252,531,644,530,570,645,569,532
397,32,2744,75,73,30,31,76,152,35,38
398,1253,2744,570,493,644,530,645,3016,569,532
399,559,2744,935,174,629,555,594,664,630,557
400,1215,2744,569,645,531,568,644,684,3016,532
401,818,2744,1127,2647,752,1168,2941,1125,1208,783
402,570,2744,1253,607,568,683,569,532,644,531
403,2480,1307,2744,843,884,653,840,886,919,882
404,2750,2744,2845,3018,2888,2918,2883,2881,2886,2847
405,1425,2744,2420,2117,2339,2416,2076,2380,2299,1425
406,1408,2744,2243,989,3026,952,2167,1065,953,913
407,1102,2744,2697,493,1215,683,2938,530,532,569
408,88,2744,132,58,124,49,92,46,90,89
409,824,2744,557,485,629,524,408,555,630,595
410,1315,2744,2382,2988,1128,1435,1161,1300,1130,2421
411,1384,2744,1184,2081,1130,1149,1125,1450,1186,1183
412,644,2744,682,646,531,568,570,683,530,569
413,1315,2744,2567,713,2081,1208,784,1472,1049,1168
414,1253,2744,644,493,645,530,3016,2938,532,569
415,2835,2744,2845,3018,2887,2883,2881,2968,2888,2847
416,346,2744,197,533,154,231,344,155,307,229
417,1253,2744,569,3013,1633,2935,645,531,568,532
418,1344,2744,1684,920,1127,1186,1683,1685,919,1681
419,32,2744,75,70,30,73,152,76,35,38
420,2211,2745,1646,2081,2556,1181,2553,2485,2041,2483
421,1253,2745,568,1900,2354,379,1936,531,569,530
422,555,2745,2961,174,408,593,629,522,519,212
423,2745,340,569,3013,683,530,379,263,2935,531
424,1252,2745,569,645,493,646,568,644,570,532
425,385,2745,495,536,346,3026,457,382,384,499
426,803,2745,1263,2213,1035,842,653,1032,843,801
427,2129,2745,3034,2960,2243,2130,2167,2281,1521,1522
428,2941,2745,1316,2647,2081,713,1049,1472,1168,1161
429,532,2745,1253,2697,683,1102,493,2938,530,569
430,666,2745,2961,371,440,174,519,479,446,369
431,1555,2745,532,1063,683,530,570,1102,493,568
432,1051,2745,677,783,713,525,755,715,752,675
433,1252,2745,2810,684,758,568,645,3016,681,722
434,1161,2745,2042,751,1241,884,709,1128,2081,1279
435,525,2745,937,557,2941,751,560,523,559,709
436,859,2745,1353,560,1208,629,975,709,1203,1049
437,2004,2745,1314,1168,1435,1776,1161,2079,1125,2081
438,1187,2745,1305,1450,1681,1183,1185,1188,1452,1186
439,569,2745,1252,530,493,606,644,3016,570,532
440,266,2745,531,340,379,530,227,606,263,303
441,2320,2745,1484,2893,2960,2243,2931,2245,2281,2244
442,1129,2745,1312,1186,1435,1164,919,1161,1338,1226
443,3034,2745,2167,2960,2281,2931,2243,3034,2168,2244
444,1252,2745,493,645,3016,530,644,532,569,683
445,1355,2745,2647,751,2421,2081,2941,1435,675,2648
446,3021,2745,2366,1182,2322,995,2213,2369,1181,1145
447,683,2745,341,569,568,2935,570,379,531,340
448,1215,2745,570,607,684,568,569,532,683,644
449,1450,2745,1346,1187,1183,1454,1452,1188,1148,1186
450,1388,2745,1183,1952,2081,1907,1148,1181,1184,1149
451,1374,2745,953,1181,1183,1224,1103,951,1450,952
452,1214,2745,531,379,1102,645,530,570,532,569
453,1253,2745,456,2697,568,645,1102,531,342,1063
454,2366,2745,1419,2445,2213,2364,2408,2447,2409,2369
455,365,2745,249,177,174,254,440,213,214,216
456,532,2745,1139,3013,646,605,493,568,683,569
457,174,2745,744,2961,522,196,555,408,519,173
458,1484,2745,2129,2960,2243,2092,2281,2130,2244,2167
459,751,2745,2500,1280,2081,2646,1741,2421,2648,1318
460,559,2745,975,677,2941,525,751,755,783,562
461,1161,2745,2421,1316,2941,2646,2081,1435,1168,1049
462,124,2745,89,58,88,46,92,89,49,90
463,1345,2745,1907,1183,2081,1130,1952,1186,1910,1181
464,2442,2745,2716,2512,2881,2593,2677,2510,2632,2674
465,253,2745,88,426,262,138,330,372,49,292
466,1065,2745,1373,571,2243,724,952,1181,953,533
467,1253,2745,531,3013,645,379,568,569,684,532
468,2931,2745,1636,2244,2129,2960,3034,2093,2167,2282
469,310,2745,3026,305,268,384,533,382,346,229
470,3034,2745,2167,2931,2129,2960,2282,2244,2130,3034
471,1305,2745,1147,1681,1188,1452,1186,1183,1189,1187
472,1189,2745,1305,1186,1681,1148,1187,1147,1188,1305
473,1349,2745,1186,1129,1125,1435,1454,1226,1161,1149
474,1253,2745,493,2697,1938,683,530,2938,645,569
475,1460,2745,2369,2447,2364,2483,2366,2485,2445,2409
476,2322,2745,1492,2366,1907,2213,2363,2369,1944,2368
477,1316,2745,2081,1130,2382,2647,1776,1161,2042,2005
478,1316,2745,1776,751,1435,1049,1130,2081,1161,1128
479,1352,2745,2043,715,2648,783,716,2082,755,2647
480,844,2745,1191,805,653,840,884,842,845,803
481,1052,2745,2647,677,2081,752,525,755,675,753
482,531,2745,1253,1063,342,645,568,1102,1139,644
483,1252,2745,532,227,1102,379,530,570,493,1214
484,1317,2745,2686,751,2421,2639,2081,2640,675,2382
485,1252,2745,531,3013,1102,2935,644,645,568,569
486,2745,1472,1277,2382,709,2081,1168,2567,1087,1161
487,569,2745,1253,3013,2935,645,493,568,532,3016
488,1344,2745,1187,1452,1183,1681,1186,1188,1413,1185
489,379,2745,1253,2697,645,493,1102,568,569,2938
490,231,2745,1303,724,1067,572,192,913,116,495
491,1478,2745,2771,2051,722,2734,2733,2811,2810,2052
492,263,2745,568,1102,341,3013,683,531,340,379
493,1460,2745,2478,1436,1604,1113,1133,2481,2250,1422
494,1222,2745,1452,1338,1224,1145,1188,1181,1450,1182
495,1345,2745,1148,2081,1450,1145,1187,1183,1188,1307
496,709,2745,2158,677,524,754,715,525,753,487
497,2281,2745,1562,1103,1903,952,1181,1484,991,1183
498,2925,2745,2874,3018,2886,2917,2845,2847,2888,2921
499,1343,2745,1185,1681,1035,1452,1075,1341,1186,1147
500,1126,2745,1334,560,1208,1161,1300,1203,3004,1163
501,2081,2745,1279,751,2647,2382,1134,981,2005,2421
502,30,2745,72,227,75,35,114,70,152,38
503,216,2745,469,2961,201,437,133,196,362,238
504,1290,2745,644,1862,645,530,2938,1938,569,531
505,1161,2745,2079,1428,1130,2382,2005,2081,1125,2042
506,530,2745,1253,645,531,569,683,532,644,3016
507,1341,2745,1187,1413,1681,1183,1186,1189,1452,1185
508,1273,2745,1188,884,1435,1168,1306,1149,919,1109
509,1145,2745,2366,1450,1944,2213,2170,1182,2369,1181
510,1462,2745,1247,1226,1828,1025,1403,1436,1112,1229
511,1127,2745,2420,1435,2081,1161,1049,1168,2421,2458
512,3035,2745,805,2443,1038,845,840,884,844,842
513,1181,2745,2243,724,989,838,533,953,3026,1181
514,1353,2745,2421,1130,1472,2081,1049,2420,1161,1129
515,2243,2745,1978,1484,2512,1255,1521,1977,2167,2281
516,201,2745,178,195,201,159,203,123,216,198
517,174,2745,594,974,525,630,559,519,555,629
518,1253,2745,684,2354,1671,340,1063,644,645,1102
519,2935,2745,531,340,227,379,606,570,263,303
520,1106,2745,647,989,649,723,724,3023,688,611
521,1049,2745,2081,709,1169,2421,1127,818,751,1161
522,824,2745,1274,198,886,552,783,852,817,1274
523,430,2745,241,155,123,474,427,238,195,164
524,1713,2745,1181,2243,1484,952,1446,1183,1407,1409
525,645,2745,1253,493,3016,684,568,644,532,569
526,1301,2745,1164,2421,1435,1297,1161,1049,1298,2420
527,1388,2745,2682,1095,2081,1436,679,949,751,2647
528,302,2745,569,228,152,227,2935,532,188,644
529,1087,2745,2081,1334,1666,1204,2153,1083,1663,1161
530,519,2745,2961,174,408,555,365,522,212,555
531,2745,1348,1186,1452,1188,1454,1450,1187,1189,1148
532,1382,2745,1187,1450,1454,1183,1188,1452,1186,1189
533,481,2745,779,196,2961,173,552,479,401,198
534,1307,2745,1188,1125,1435,1186,1161,1187,1306,1148
535,681,2745,2503,1286,2763,753,2650,716,2463,755
536,2978,2745,533,423,305,268,3026,460,382,422
537,1435,2745,1300,1127,2420,1130,1334,1161,1049,1129
538,1447,2745,2243,1065,1181,952,2168,1407,2167,1522
539,1384,2745,2484,2081,1149,2364,2366,2211,2369,1148
540,754,2745,2650,1130,2083,1817,1057,2686,2160,753
541,2093,2745,3034,2282,2960,2129,2931,2244,1484,2167
542,2960,2745,1598,2167,2129,2931,2282,2244,2130,3034
543,2745,2637,2845,3018,2888,2881,2883,2887,2847,2968
544,1446,2745,2130,1255,2960,2167,1407,1446,2168,1484
545,187,2745,2935,531,189,152,265,263,303,227
546,1344,2745,1186,1452,1188,1382,1185,1187,1189,1148
547,277,2745,177,231,292,174,346,195,239,213
548,645,2745,1253,1900,531,379,1936,530,569,1862
549,2887,2745,2229,3018,2845,2774,2968,2882,2850,2847
550,748,2745,2081,716,525,751,754,753,715,752
551,1345,2745,1186,1454,1681,1188,1452,1185,1148,1187
552,1252,2745,2810,645,2657,568,2697,719,2658,2938
553,2745,902,2081,2647,754,1778,1134,2083,1057,753
554,2745,1288,2657,719,987,2505,794,2617,2658,1288
555,1306,2745,1187,1452,1454,1183,1450,1148,1344,1188
556,2645,2745,1350,2082,755,2724,2647,2727,2158,2043
557,1163,2745,2973,1301,1435,709,1017,1160,1334,1049
558,1186,2745,1382,1452,1188,1183,1454,1450,1148,1187
559,1242,2745,2645,755,1134,949,751,2648,679,2647
560,226,2745,152,531,340,227,148,263,266,303
561,2745,2907,2888,3018,2921,2851,2847,2845,2917,2886
562,1145,2745,1343,2366,1187,1189,1148,1188,1184,1183
563,2745,1352,1300,2421,1129,1435,1161,1125,1128,2988
564,2555,2745,1950,2721,2512,2677,2596,2553,2939,2722
565,1172,2745,2810,2937,683,1406,1133,987,2808,2773
566,1100,2745,532,228,2935,569,644,568,646,570
567,2745,1288,2658,681,2771,645,2617,756,2697,2657
568,2801,2745,2845,3018,2888,2887,2881,2882,2847,2968
569,2960,2745,1446,2282,2092,2015,2129,2016,1522,2167
570,493,2745,1252,1102,645,644,530,1253,569,532
571,34,2745,152,30,70,148,75,73,35,38
572,2686,2745,1128,753,2081,751,2648,754,791,677
573,516,2745,2961,173,408,479,552,212,440,174
574,1145,2745,2366,1380,1450,1187,2213,1223,1181,1183
575,559,2745,1012,709,525,560,557,783,562,784
576,1215,2745,2984,644,340,1101,1443,645,1102,1214
577,1277,2745,751,883,2081,783,716,1472,1161,2941
578,683,2745,1253,493,1938,379,530,2938,569,645
579,1372,2745,953,2243,3026,1065,1181,913,533,724
580,1187,2745,2211,1382,2081,1450,1183,1148,1188,2213
581,1317,2745,2382,1301,1129,1162,2081,1321,1334,1049
582,1300,2745,1130,2421,1316,2081,1435,1049,1161,1017
583,3018,2745,1802,2717,2676,2758,2754,2674,2716,2677
584,173,2745,706,408,519,215,332,522,174,555
585,552,2745,2961,585,407,254,400,475,403,408
586,363,2745,265,35,226,72,38,189,262,227
587,1799,2745,2716,2158,2553,2720,2939,2512,2964,2722
588,1203,2745,2421,709,2081,1435,1168,1049,1161,1017
589,2888,2745,2558,3018,2845,2887,2885,2881,2922,2883
590,1253,2745,493,3013,1102,645,379,568,569,684
591,1188,2745,1352,2081,2140,1168,1797,1148,1187,1189
592,953,2745,1297,2281,724,1065,1181,533,1183,1030
593,1723,2745,2323,2081,2484,2211,2440,2134,2363,2322
594,1284,2745,755,2087,259,1744,1095,2085,756,753
595,1314,2745,751,2647,2005,1170,754,1134,1352,679
596,2244,2745,1446,2092,2960,2129,2281,2243,2167,2130
597,1242,2745,2648,715,2081,2682,716,751,755,2647
598,1344,2745,1101,1148,1181,1450,1184,1187,1183,1188
599,1590,2745,755,1321,2123,1057,1817,906,978,1134
600,1316,2745,2421,752,2646,2081,2941,1168,1161,675
601,1253,2745,530,2697,683,532,493,2938,645,569
602,1418,2745,1145,2366,1188,1450,1223,1181,1182,1187
603,3029,2745,2081,1354,1134,1738,2160,789,2005,2083
604,1277,2745,2081,847,1134,789,1159,1470,1040,1161
605,1188,2745,1341,1145,1450,1186,1452,1183,1189,1182
606,224,2745,2935,570,265,189,303,263,532,227
607,2129,2745,1788,2243,2960,2931,2281,2167,2244,2130
608,2881,2745,2750,3018,2885,2845,2888,2883,2886,2847
609,1030,2745,1486,2243,1027,1183,913,1181,953,952
610,593,2745,174,408,522,555,332,519,212,485
611,1251,2745,719,296,987,756,759,795,1024,755
612,1341,2745,2441,842,653,1032,803,2443,843,840
613,2882,2745,1728,3018,2888,2845,2887,2881,2847,2968
614,1388,2745,2647,2081,2603,2562,2644,2643,2722,2648
615,417,2745,227,569,2935,228,188,644,532,266
616,1279,2745,848,2043,790,1134,1040,751,1038,884
617,1738,2745,1162,1355,2382,1130,2081,1666,1049,1128
618,1380,2745,2366,1068,1188,995,1145,2213,1148,2369
619,645,2745,1328,2984,1102,1405,722,1101,1290,1026
620,1127,2745,2382,559,1334,1130,1161,1017,1208,1049
621,784,2745,1472,2458,1161,1339,1353,1168,1208,1049
622,2734,2745,1253,608,342,1064,722,2697,645,1063
623,1381,2745,1035,1168,1181,1148,1075,1032,1188,1038
624,754,2745,1280,259,487,1058,715,719,525,677
625,525,2745,862,755,449,715,410,487,448,447
626,1311,2745,919,1127,1683,1435,1226,887,1161,885
627,2745,1253,456,1026,608,530,342,645,1063,1102
628,2013,2745,1441,681,1671,1936,1821,646,1785,683
629,1554,2745,1097,2126,719,1439,715,1780,683,1441
630,1366,2745,644,1859,3006,1633,1861,646,719,1862
631,1862,2745,1328,719,1936,646,1899,1900,1973,1974
632,1129,2745,1353,784,752,1204,897,1205,1355,1089
633,2745,1564,2092,1484,2960,2167,1483,2130,2016,2015
634,630,2745,975,559,561,557,629,595,520,519
635,552,2745,2961,443,371,441,407,481,403,408
636,155,2745,461,499,3026,231,154,536,116,153
637,644,2745,1291,1671,569,683,530,532,646,570
638,369,2745,2961,439,441,481,440,445,401,371
639,717,2745,1312,2650,2937,1095,719,679,2932,756
640,570,2745,492,188,606,646,644,683,569,532
641,719,2745,1365,1024,683,755,607,987,684,756
642,1328,2745,607,1899,719,1862,1938,646,683,2938
643,525,2745,1090,559,1058,715,523,557,560,595
644,2682,2745,1280,791,2500,2647,755,2650,715,716
645,1367,2745,719,1287,1113,1133,987,683,1368,756
646,2745,1380,1186,1643,1450,995,1679,1183,1188,1682
647,1328,2745,607,1671,987,719,684,2938,683,756
648,1514,2745,2763,719,987,2769,756,683,2767,2727
649,607,2745,1328,1900,568,646,683,1899,644,645
650,1305,2745,1186,1450,1183,1032,1109,1073,1149,1181
651,607,2745,1253,3013,570,568,683,569,532,644
652,578,2745,153,164,229,3026,310,500,653,155
653,2938,2745,2696,1253,2810,683,2697,607,646,719
654,251,2745,255,409,440,216,330,178,372,292
655,1181,2745,1340,1452,1035,1681,952,1221,1224,1413
656,446,2745,630,560,555,525,369,519,522,371
657,1026,2745,1974,494,1253,1937,342,1102,379,1938
658,785,2745,2645,1576,1063,2081,2598,2517,2647,2643
659,88,2745,60,37,59,38,138,71,124,49
660,2961,2745,1159,543,444,884,655,622,848,653
661,559,2745,1050,748,628,864,1049,709,520,863
662,1334,2745,1088,560,1508,1207,1199,630,1300,1203
663,569,2745,1253,530,1102,645,456,532,570,531
664,309,2745,495,382,536,3026,268,305,499,533
665,1228,2745,1149,1307,918,1450,920,1188,1186,1225
666,1253,2745,1821,456,1899,568,1862,1900,1858,1936
667,884,2745,1272,842,653,886,803,882,919,885
668,646,2745,2697,3014,340,1063,645,2658,1102,644
669,1253,2745,2658,722,2050,342,1102,644,2938,2697
670,1089,2745,560,1508,1206,630,1017,1049,1203,595
671,2658,2745,1253,644,2810,645,568,2735,2657,2938
672,1327,2745,2809,681,683,720,2769,722,756,2810
673,1484,2745,990,2281,1676,1181,1407,1103,1183,1255
674,327,2745,409,214,216,440,174,408,365,372
675,532,2745,3014,228,646,1139,531,568,683,570
676,1253,2745,568,1974,2354,456,1900,342,1937,1862
677,1223,2745,1303,952,1145,1450,1032,1188,1187,1181
678,1442,2745,2733,1024,681,683,2772,2768,2773,987
679,1252,2745,2658,645,719,2697,756,646,2657,758
680,1253,2745,532,2697,342,645,1102,569,568,340
681,1253,2745,2658,3016,1102,568,645,683,2697,644
682,1186,2745,919,1347,1306,886,1032,880,843,884
683,1348,2745,1435,2211,1148,949,1130,1226,1149,1436
684,2745,976,710,560,629,751,525,557,562,559
685,2719,2745,2295,2594,2512,2678,2683,2716,2677,2758
686,1186,2745,1267,840,1032,1035,843,1306,1109,1033
687,1017,2745,557,1051,562,1207,630,1049,559,2994
688,1244,2745,1778,755,1057,2160,1134,1817,753,2083
689,340,2745,606,3013,570,263,531,379,2935,569
690,1290,2745,684,2241,719,2938,1252,607,683,756
691,1290,2745,1899,1858,1973,1824,1900,1936,1821,1328
692,606,2745,1253,2697,2050,1102,722,570,2938,2658
693,2745,246,2961,216,365,174,177,292,214,440
694,2961,2745,326,371,212,479,482,440,174,369
695,1186,2745,1343,2213,1450,1181,1032,1183,1149,1109
696,30,2745,227,34,152,148,70,75,73,35
697,709,2745,1240,847,2153,1666,1161,789,1049,812
698,1816,2783,977,2647,755,525,715,791,2650,676
699,160,2783,203,213,203,196,159,200,195,198
700,475,2783,2961,591,403,173,408,400,552,401
701,1186,2783,1231,1228,1220,1450,1192,1032,1188,1191
702,1063,2783,1824,342,1253,494,1821,1938,1064,1975
703,1862,2783,1253,530,531,1936,1899,1900,569,568
704,2967,2783,709,2081,884,789,560,826,751,790
705,1068,2783,2949,1450,1183,1188,995,1181,1145,1189
706,1038,2783,1240,1716,847,844,886,1040,883,887
707,2479,2783,2027,2603,2598,2512,2515,2556,2516,2518
708,123,2783,127,426,49,78,92,88,90,84
709,3029,2783,1242,2043,896,1199,1470,1164,790,787
710,2320,2783,1563,1103,2366,1903,2322,991,1522,1181
711,756,2783,2810,1252,2657,722,2505,645,758,2696
712,569,2783,2697,1253,2012,722,2938,2658,568,644
713,340,2783,569,227,3013,303,266,263,531,228
714,68,2783,148,30,75,70,152,73,35,38
715,2783,34,2882,3018,152,38,70,30,75,73
716,720,2783,227,1102,340,3016,228,265,683,644
717,2168,2783,1446,1103,2960,1255,1181,1027,1407,1484
718,424,2783,533,536,3026,2978,724,499,610,495
719,485,2783,824,755,408,715,524,447,525,486
720,1222,2783,689,917,3026,803,724,919,653,651
721,34,2783,1327,152,36,228,70,148,73,35
722,1279,2783,2421,3029,2042,1738,675,2081,2382,751
723,315,2783,424,3026,433,305,500,432,2978,422
724,2167,2783,1864,1484,1255,1977,2243,1521,2281,2168
725,1063,2783,342,1900,1253,530,494,379,1102,1026
726,1453,2783,1232,1149,1191,1109,1306,1455,1188,1270
727,1446,2783,2168,1181,2281,2960,1255,1103,1484,1407
728,2783,1291,644,1671,340,1063,646,1443,1102,645
729,49,2783,154,124,78,92,116,88,155,156
730,1188,2783,1344,1184,1450,1186,1149,1183,1145,1147
731,1253,2783,646,2012,1102,722,644,1063,645,684
732,2783,1253,2354,342,1937,1063,494,1862,1974,1102
733,1032,2783,1308,843,1038,1148,1306,884,919,842
734,1671,2783,683,1253,2354,1026,646,644,1063,1102
735,1164,2783,2382,789,2967,2153,1161,2081,599,3029
736,1506,2783,2810,756,2086,987,2763,716,753,755
737,1068,2783,3021,2213,1182,2366,995,1145,1181,1183
738,2044,2783,1244,2647,753,1057,1778,2123,2571,2083
739,536,2783,1179,1901,1027,2978,3026,2986,3011,1181
740,1425,2783,2758,2081,2939,2639,2759,2680,2723,2596
741,177,2783,38,35,17,2937,73,68,16,74
742,1271,2783,1186,1228,1412,1181,1272,1149,1230,1183
743,303,2783,531,227,340,644,266,2935,228,570
744,1239,2783,590,560,779,709,812,1049,664,1201
745,160,2783,3026,155,229,154,533,153,116,231
746,262,2783,138,124,426,292,71,88,176,86
747,2058,2783,2515,2322,2556,2512,2477,2285,2517,2514
748,949,2783,2647,976,2498,1247,2081,751,2645,1284
749,342,2783,1824,1253,756,722,2013,1102,644,1938
750,645,2783,1252,531,1102,644,530,570,569,532
751,1188,2783,1270,1181,1450,1454,1229,1187,1183,1271
752,1109,2783,1275,2081,847,1453,1168,1159,1038,844
753,2122,2783,1281,2571,1057,755,1778,2647,1134,753
754,2281,2783,1219,3026,2130,1407,1522,2243,2167,2053
755,2081,2783,709,2647,1134,1161,2461,1246,981,2005
756,1541,2783,2716,2720,2674,2758,2718,2677,2754,2676
757,2354,2783,1253,683,1671,1102,2013,644,1063,1026
758,530,2783,1366,1063,608,645,379,493,1102,532
759,1213,2783,2734,645,756,568,1174,2697,722,720
760,1366,2783,645,2984,340,1063,646,684,1102,644
761,1329,2783,646,2354,1102,1671,683,644,1063,1026
762,524,2783,1545,1209,18,1828,2005,1436,3025,2932
763,1054,2783,2647,755,949,1096,1133,679,2645,753
764,1247,2783,2617,681,3018,2505,759,2658,756,2655
765,2783,1253,531,2697,1102,645,530,532,1252,570
766,1304,2783,2213,1032,1450,1188,2210,952,1183,2171
767,1313,2783,1033,1161,1282,1197,1163,1049,1083,1352
768,1358,2783,2648,791,2158,2645,716,755,2686,1320
769,1183,2783,1490,1452,952,1189,1103,1450,1068,1181
770,2168,2783,1484,1181,2243,1560,2960,1255,1407,1522
771,1291,2783,608,2012,1064,342,1671,644,683,1063
772,1241,2783,3029,1776,2081,709,1161,1666,751,789
773,1252,2783,2697,531,1063,645,2695,530,1102,532
774,724,2783,1184,115,919,840,653,533,3026,917
775,1253,2783,340,2354,683,1671,1102,644,722,1063
776,3012,2783,426,178,99,123,115,86,84,126
777,646,2783,1405,2697,2012,1102,1671,683,644,1063
778,2168,2783,1105,2978,3026,2281,2986,2960,2243,2167
779,953,2783,2951,1903,1181,1032,952,1068,1217,1183
780,1253,2783,494,1900,1063,342,608,1026,1102,987
781,1271,2783,1034,2443,883,1038,1186,1109,844,1032
782,1320,2783,2083,1134,754,2158,753,2160,1057,1097
783,2716,2783,1996,3018,2758,2674,2676,2719,2721,2677
784,1452,2783,1308,1181,1188,952,1032,1454,1450,1183
785,227,2783,302,531,148,228,152,263,188,266
786,1604,2783,2285,2366,1907,2213,2369,1944,2322,2368
787,1109,2783,1310,1453,884,1149,1181,1186,1271,1452
788,2013,2783,1253,494,760,1101,342,756,1938,1102
789,111,2783,266,38,303,189,152,35,227,263
790,1280,2783,2044,1019,2571,1663,940,1134,3029,1282
791,722,2783,1253,2697,530,493,2938,532,569,683
792,1102,2783,2466,1746,188,2774,683,1325,2984,2543
793,1636,2783,2130,2960,2282,2092,3034,2129,2167,2931
794,2967,2783,2267,1665,2043,1134,939,1470,1587,2270
795,1279,2783,2153,1161,1334,1091,2081,1049,1282,1163
796,1340,2783,2440,839,2210,2443,2515,918,2213,2477
797,1026,2783,2012,1253,646,1671,1102,722,2013,1063
798,532,2783,2697,1252,645,1102,530,1253,493,569
799,1636,2783,2167,2960,2130,2244,2931,2243,2281,2168
800,1306,2783,1181,1186,1450,1032,1188,1229,1452,1183
801,884,2783,1315,2081,1128,1738,1159,1134,1472,1162
802,227,2783,1443,2849,1063,683,1442,2984,3013,1064
803,2783,1278,709,2081,751,819,788,677,786,675
804,1252,2783,2734,531,645,2697,568,644,2695,532
805,2988,2783,1313,2081,1129,1435,1049,1161,1127,1338
806,1283,2783,2160,869,1817,1096,1744,755,2085,753
807,1278,2783,884,2153,709,1666,1162,812,1161,1049
808,2783,1253,2769,683,681,1102,2984,2773,3016,2810
809,1442,2783,644,1063,340,1481,1064,683,1404,1443
810,1452,2783,1342,1145,1187,1186,1189,1450,1188,1183
811,1251,2783,2658,681,949,2932,1482,756,1133,1251
812,2783,253,372,178,449,294,296,217,256,409
813,1182,2783,2366,1376,995,1145,953,1068,1181,1183
814,949,2783,2647,1472,791,1133,2500,2726,2682,717
815,2163,2783,1233,1057,753,2085,1096,981,1272,2160
816,2519,2783,2847,3018,2845,2968,2887,2850,2882,2881
817,1306,2783,1183,1452,1186,1454,1032,1450,1188,1181
818,1161,2783,2153,2967,790,818,1663,1125,2081,1049
819,1278,2783,2042,1038,709,1168,751,1161,884,1049
820,1282,2783,2153,940,1276,1663,1279,1087,1160,2081
821,1355,2783,1122,2081,1055,2947,1390,1128,1087,1355
822,1215,2783,645,2697,1671,1063,644,684,1102,722
823,1328,2783,2984,683,2773,1063,2767,1366,1443,1102
824,3039,2783,382,724,192,496,989,495,3026,384
825,1291,2783,644,2697,340,1063,645,684,1102,569
826,2952,2783,1272,847,1049,1002,1162,1042,812,1312
827,1297,2783,1030,2213,1181,1065,1032,918,1183,990
828,3016,2783,2774,948,227,1064,683,340,2984,3013
829,672,2783,2967,1587,939,2081,1161,1665,1470,1241
830,1260,2783,2213,1032,1181,1027,1188,1145,918,995
831,751,2783,2044,1275,2571,1096,2160,981,2083,790
832,1663,2783,1278,1134,1161,2081,1282,1042,1163,1245
833,1068,2783,1344,2081,2211,1452,1148,1220,1188,1450
834,228,2783,720,1102,265,644,340,531,683,3016
835,2960,2783,1446,2168,2092,1521,2167,1485,2015,1522
836,1522,2783,2168,1977,2243,2092,2167,2960,2015,1484
837,899,2783,2648,677,559,783,525,752,755,2941
838,921,2783,1279,2444,840,848,2443,884,924,882
839,1204,2783,520,751,590,484,863,677,562,522
840,1253,2783,2697,646,756,2354,1102,722,645,608
841,2791,2783,2847,3018,2968,2845,2921,2886,2881,2888
842,1281,2783,2044,1057,1665,1586,978,2122,1817,1134
843,1329,2783,722,1671,1063,2013,1026,1102,683,987
844,1243,2783,2269,672,1586,939,2304,2081,1470,1625
845,1103,2783,1489,1484,952,1218,1183,991,1255,1181
846,1130,2783,2081,1277,884,751,1161,2004,1239,2079
847,722,2783,1253,1938,2697,987,342,2012,608,1064
848,2992,2783,2440,1101,879,2210,2443,2213,839,1062
849,1334,2783,1279,847,2952,1162,1718,812,1241,1161
850,1279,2783,2083,597,1096,939,599,2044,981,2160
851,1279,2783,1134,1700,789,2081,1163,1282,1161,3029
852,1057,2783,2688,3004,1817,753,2083,1744,1134,2160
853,2881,2783,2173,1409,3018,2887,2839,2850,2841,2847
854,931,2783,520,592,521,479,446,562,481,970
855,2931,2783,1484,2243,2130,2960,2244,2167,2281,2168
856,683,2783,1327,758,987,719,2938,684,756,1366
857,1900,2783,1328,1858,1899,1824,1938,1821,1936,1937
858,1253,2783,2810,645,1862,2735,719,646,2696,720
859,1017,2783,1439,525,1174,1814,1024,2932,1514,1058
860,1290,2783,646,1937,719,1862,1974,1938,644,2938
861,1915,2783,2518,2603,2598,2648,2437,2516,2517,2562
862,2243,2783,1484,2931,2168,2167,2960,2244,3034,2130
863,423,2783,533,647,536,2978,724,499,574,535
864,1253,2783,1938,379,2938,1102,1974,1824,342,1937
865,611,2783,989,1181,2978,914,3026,574,724,610
866,1328,2783,1936,1900,1858,1824,1899,1973,1328,1974
867,1290,2783,646,1937,644,2938,1862,722,645,719
868,1416,2783,1183,1680,1188,952,1450,1032,1035,1224
869,212,2783,440,2961,216,177,365,174,478,214
870,645,2783,1253,1900,3013,530,456,569,1862,683
871,1253,2783,2657,645,2241,2810,1102,2735,722,2696
872,1139,2783,532,266,228,531,2935,568,646,1100
873,2783,1305,2366,1147,1183,1149,995,2369,1188,1148
874,1253,2783,2050,606,2697,342,1102,1938,2938,2658
875,1253,2783,342,1938,1064,494,760,1821,2051,1063
876,683,2783,2768,1290,987,2810,2695,2728,2769,2773
877,531,2783,416,2935,683,568,646,644,263,570
878,2783,1374,952,1181,1484,1145,1103,913,953,1183
879,441,2783,174,2961,369,555,365,519,371,212
880,76,2783,28,31,38,152,30,73,75,35
881,884,2783,1232,843,1038,1306,886,920,880,885
882,1253,2783,1824,1974,1858,1937,1973,1253,1900,1821
883,244,2783,214,178,292,254,174,177,213,216
884,559,2783,528,295,3016,448,557,487,606,683
885,1253,2783,569,379,645,493,568,532,644,3016
886,1252,2783,1974,1900,1858,1824,1973,1253,1937,1821
887,1199,2783,883,1604,1109,886,1127,1161,847,1186
888,1307,2783,917,1682,1186,919,1181,1032,1188,883
889,174,2783,363,2961,369,479,440,519,446,371
890,1821,2783,1252,646,1824,1899,1900,2938,1898,1290
891,1162,2783,884,2182,851,731,920,1038,887,886
892,1253,2783,1938,342,3027,1974,1824,1858,2013,1937
893,1523,2783,952,2960,1255,2168,1484,1407,951,1485
894,73,2783,227,152,71,35,263,36,70,266
895,2935,2783,568,570,683,606,646,532,644,569
896,1253,2783,2658,3016,1102,645,1063,722,2735,644
897,263,2783,225,493,228,152,265,340,227,303
898,2783,1306,1035,2081,1109,1032,884,1038,1186,1033
899,2436,2783,1446,2890,2433,2514,1521,2395,2512,1409
900,567,2783,979,1780,1785,1476,715,646,1057,607
901,2783,166,155,119,78,159,164,116,196,123
902,1204,2783,1776,1051,2153,1087,819,1666,1161,1203
903,1277,2783,1776,1165,1161,1130,1666,1125,1277,1164
904,120,2783,229,123,78,154,346,195,164,155
905,1253,2783,683,2658,758,607,719,1252,646,2938
906,1253,2783,494,1936,1026,342,1900,530,1063,1102
907,1251,2783,756,987,1367,753,755,719,716,1024
908,2783,1188,1310,1183,1452,1228,1450,1186,1181,1187
909,2755,2783,2845,3018,2925,2888,2917,2886,2923,2847
910,1291,2783,1938,646,2697,1064,683,2013,644,1063
911,751,2783,1816,525,864,333,677,521,1703,754
912,1241,2783,847,1604,2081,1666,1161,2952,1121,1162
913,171,2783,216,196,440,174,201,214,177,213
914,397,2783,2961,517,201,133,3017,514,196,440
915,1187,2783,1342,1183,1452,1148,1188,1186,1189,1147
916,953,2783,1416,1903,1484,1183,2168,952,2960,1181
917,644,2783,2697,3014,340,684,1102,645,646,2658
918,1284,2783,2691,794,2085,259,488,2242,1095,2655
919,611,2783,989,536,724,2978,952,574,647,723
920,340,2783,531,227,379,3013,530,303,263,266
921,1165,2783,1334,1666,1162,1278,1129,1161,1164,1163
922,3031,2783,268,344,155,307,384,346,229,231
923,1130,2783,2421,1352,2005,1435,2647,1776,2083,2081
924,2762,2783,2882,3018,2888,2847,2887,2845,2881,2968
925,532,2783,1253,2697,1102,569,530,645,644,493
926,265,2783,796,1102,3016,228,340,683,644,227
927,1268,2783,1032,843,884,1148,1038,840,1034,1306
928,2783,1087,675,1168,709,1284,1161,1472,1017,1049
929,1253,2783,494,2013,1102,760,342,1938,1101,1026
930,70,2783,227,34,148,30,152,263,35,73
931,1240,2783,709,2153,1666,789,1049,819,1199,788
932,1278,2783,2081,709,1666,1161,789,1049,2153,1164
933,212,2783,321,440,216,362,174,178,214,254
934,1200,2783,2081,1271,1042,1282,1666,884,1128,1159
935,1064,2783,2013,1291,646,2697,1938,683,644,1063
936,35,2783,1327,2847,73,148,70,152,34,30
937,1225,2783,1308,1125,1450,1228,1149,1148,1188,1226
938,1275,2783,1168,1163,1435,1161,1164,1166,1203,1275
939,530,2783,1253,2697,2938,644,532,645,569,531
940,1088,2783,630,1242,559,1207,629,1203,561,2994
941,216,2783,315,231,174,178,313,346,292,177
942,684,2783,1251,296,987,719,605,607,683,1024
943,568,2783,1253,2771,1862,645,719,644,722,3016
944,2727,2783,1386,2080,1436,2682,1778,2081,2083,2647
945,1187,2783,1343,1145,1450,1073,1147,1188,1186,1189
946,1102,2783,2697,684,1253,340,645,644,1063,342
947,1253,2783,342,1938,2354,494,1102,608,1063,1026
948,1253,2783,494,1900,1102,342,1063,1974,1026,1937
949,2952,2783,1269,1186,1413,1228,1183,1454,1192,1188
950,1273,2783,1109,812,2952,1163,847,1335,1161,1186
951,1484,2783,2243,1826,1181,952,1103,2168,1407,2281
952,1049,2783,1298,1666,1089,1207,1301,1203,1163,1297
953,1253,2783,530,1938,722,456,1102,342,494,760
954,1312,2783,844,1678,1002,1163,812,847,1042,1161
955,2845,2783,2221,3018,2888,2839,2887,2881,2847,2968
956,709,2783,1241,1334,789,1161,1017,1049,749,1163
957,2783,1232,844,886,1109,1306,1038,843,884,885
958,1253,2783,342,2354,683,1102,1671,1063,1026,644
959,1335,2783,994,2281,1065,3023,1183,992,1181,1032
960,1255,2783,2168,1522,952,2960,1181,1407,1027,1484
961,1253,2783,532,340,1102,645,456,570,1063,342
962,630,2783,747,559,519,629,632,561,595,555
963,1278,2783,1149,2952,1162,1155,1168,1335,884,1604
964,1279,2783,1057,1663,2153,751,1282,597,940,1316
965,1671,2783,683,1367,340,1102,1443,644,1366,1063
966,219,2783,1302,759,660,488,224,758,186,2938
967,1838,2783,2636,2477,2211,2593,2716,2512,2677,2632
968,2952,2783,1193,731,1270,1148,1422,847,1419,1231
969,1374,2783,913,1181,1407,1065,1145,953,952,1183
970,2210,2783,918,2988,1145,2250,839,1032,2211,2248
971,1063,2783,2354,722,1253,2770,2166,2241,645,1102
972,1102,2783,2773,2166,683,1214,2984,3016,1063,1026
973,644,2783,1253,2697,532,683,530,2938,531,570
974,1201,2783,884,886,843,1038,847,887,883,1201
975,1404,2783,1938,719,3006,1974,683,1899,1937,1859
976,1937,2783,1478,683,3006,1671,719,1974,2013,646
977,1974,2783,1442,646,3006,719,1861,1859,1937,1938
978,1824,2783,1404,1821,1938,1937,1861,1900,1936,1858
979,683,2783,1633,2013,1442,3006,1937,719,1936,1824
980,1128,2783,1741,562,1058,1814,1476,525,1855,598
981,918,2783,1532,1680,1183,1035,917,1032,1034,1679
982,1403,2783,646,1671,531,1861,719,530,644,683
983,1532,2783,995,1643,918,1035,920,1034,1682,917
984,918,2783,1455,1643,1035,1640,1032,920,1680,1720
985,1017,2783,1476,2927,1365,1174,1859,1814,1513,1856
986,1782,2783,681,2126,1025,715,683,2128,1743,2011
987,421,2783,2092,1141,3026,989,1369,2978,1181,2129
988,164,2783,155,346,159,229,195,164,120,154
989,918,2783,1454,924,921,1032,1035,917,920,919
990,254,2783,2995,409,214,479,440,212,408,372
991,1024,2783,1555,681,2052,1671,683,756,720,722
992,1174,2783,1856,1052,525,1476,1814,567,1859,1855
993,126,2783,89,58,124,92,49,60,90,88
994,683,2783,1404,1671,1024,719,1177,1365,720,722
995,595,2783,1090,1207,629,561,1203,559,630,598
996,913,2783,1415,2960,1183,1484,1065,953,952,1181
997,2205,2783,1522,2931,2130,2243,2960,2129,2244,2167
998,954,2783,1491,1945,1183,1450,1941,1032,952,1181
999,1684,2783,1384,885,1735,1127,919,1683,1718,886
1000,2783,1253,1974,646,1938,1860,2938,1899,1862,2012
1001,2092,2783,611,2978,2986,3026,2129,2130,2167,2093
1002,302,2783,606,3013,683,2935,379,531,263,340
1003,2931,2783,1484,2893,2243,2960,2245,2244,3034,2205
1004,2168,2783,1602,2054,2960,2205,2931,2092,2167,2129
1005,2166,2783,1290,2771,683,1063,2773,1102,760,684
1006,2783,360,231,2978,155,268,305,422,346,229
1007,1324,2783,567,1822,2540,607,646,1781,719,1785
1008,1489,2783,953,2281,1182,1065,1032,952,1181,1489
1009,1186,2783,1456,1643,1684,1683,1679,1680,1720,1682
1010,2960,2783,1408,2244,3026,2130,2281,2129,2243,2167
1011,73,2783,148,30,263,34,227,152,70,35
1012,1306,2783,1125,1148,1682,1168,1226,1684,1187,1188
1013,1305,2783,1186,1188,1183,1185,1187,1148,1305,1189
1014,1611,2783,2648,2043,1063,1778,2645,2158,2643,2647
1015,722,2783,1671,1517,2051,3006,1024,719,720,683
1016,536,2783,386,989,647,610,2978,499,533,535
1017,1017,2783,1334,1127,560,1168,1300,1161,1165,1207
1018,2210,2783,1301,1181,1032,952,1450,1145,2213,1030
1019,2205,2783,3034,2893,2960,2243,2931,2168,2281,2244
1020,1253,2783,645,2013,1102,646,2012,1063,644,722
1021,386,2783,571,536,647,2978,534,533,610,535
1022,722,2783,2810,1252,568,1102,2697,645,684,2938
1023,753,2783,1243,2647,2083,1134,1778,2081,754,1057
1024,1416,2783,1145,2213,1188,1450,1181,1224,1182,1452
1025,2967,2783,1300,1088,559,1207,1334,1163,3004,1166
1026,570,2783,1252,645,530,644,3016,531,532,569
1027,3016,2783,1633,1290,2697,719,568,645,570,684
1028,1049,2783,559,1164,891,1161,1242,1163,1166,1203
1029,2647,2783,1280,753,1816,2081,2650,755,751,677
1030,570,2783,340,227,531,606,266,263,303,2935
1031,576,2783,2978,724,989,495,422,3026,383,382
1032,151,2783,1365,531,1102,189,340,262,532,228
1033,454,2783,644,2935,606,683,531,569,379,570
1034,2384,2783,2968,2847,2774,2850,2845,2887,2882,2888
1035,645,2783,1253,2697,531,569,2938,568,644,532
1036,493,2783,1252,228,1102,151,227,189,530,532
1037,2514,2783,1984,2516,2322,2556,2515,2512,2477,2517
1038,2648,2783,1091,715,2158,754,716,2650,2647,791
1039,1252,2783,2810,2938,2658,722,756,758,645,1252
1040,1511,2783,2650,679,1171,2682,2500,525,755,2932
1041,1354,2783,2463,754,1703,1058,2647,752,1317,753
1042,3016,2783,1328,569,683,568,532,644,684,607
1043,2949,2783,1186,1643,920,1035,1189,1682,1188,1680
1044,1253,2783,1900,379,2354,1064,1858,531,1936,342
1045,751,2783,1703,1242,2647,2081,1019,754,1778,2005
1046,1196,2783,919,1764,886,731,917,885,1196,883
1047,2250,2783,1532,917,1436,1181,2443,919,2210,1435
1048,1253,2783,2012,570,2697,1064,342,722,1938,1063
1049,1776,2783,1382,1130,1181,1063,1148,2081,1436,1149
1050,2692,2783,1321,1817,907,2160,1134,754,2085,1780
1051,219,2783,1042,422,472,533,3024,216,434,384
1052,1188,2783,1337,1183,1450,1186,1452,1181,1145,1220
1053,1366,2783,532,228,1102,683,530,266,531,570
1054,532,2783,1253,3013,1633,645,493,569,568,1252
1055,754,2783,2081,1053,2647,1778,1134,2083,1057,753
1056,303,2783,454,188,569,228,340,532,416,227
1057,2167,2783,1484,2960,2129,2243,2931,2244,2130,2205
1058,2043,2783,715,1315,2647,2645,755,716,751,2648
1059,340,2783,569,228,266,227,303,263,531,2935
1060,1063,2783,2697,608,1253,1633,645,683,644,1102
1061,755,2783,750,524,683,676,719,447,715,525
1062,38,2783,146,265,114,152,263,188,35,73
1063,751,2783,1470,2270,2967,2043,2647,1161,1586,2083
1064,1134,2783,1502,1113,1828,1025,1403,1247,1229,1226
1065,709,2783,1201,731,2153,1300,815,560,1276,886
1066,722,2783,1215,2810,569,646,644,568,645,570
1067,1788,2783,2243,1255,1484,1977,2168,1521,2167,2281
1068,1049,2783,713,1208,1013,709,1472,561,1168,710
1069,408,2783,703,123,552,484,521,407,590,446
1070,1252,2783,493,645,3016,532,568,644,570,569
1071,1382,2783,2211,1182,1450,1145,1223,1452,1181,2213
1072,1774,2783,1683,1311,1149,1130,1435,919,1226,1684
1073,722,2783,1633,1253,2697,342,2012,1064,1938,2938
1074,1385,2783,2603,2081,2485,2647,2562,2567,2643,2043
1075,1184,2783,1345,1129,2081,1149,1450,1186,1130,1188
1076,2935,2783,71,148,35,228,152,73,36,70
1077,1253,2783,532,1938,1064,379,683,342,608,456
1078,569,2783,2935,228,265,2935,188,266,303,263
1079,493,2783,1253,2697,683,2938,530,532,645,569
1080,2486,2783,2968,3018,2890,2845,2887,2885,2888,2847
1081,1328,2783,646,1861,530,1859,1671,456,683,644
1082,1090,2783,1741,562,1435,1057,1476,1814,525,598
1083,2949,2783,1681,920,1684,1640,1679,1720,1680,919
1084,1053,2783,559,1476,1814,1174,2927,525,595,561
1085,422,2783,913,1369,3026,1141,2978,837,989,914
1086,1253,2783,1900,1858,1936,1899,1938,1824,1821,1252
1087,1310,2783,1436,2081,1130,1739,1125,1774,1129,1776
1088,1273,2783,847,2081,779,824,1306,1161,886,887
1089,1446,2783,2167,2893,2931,2168,2243,2960,2244,2130
1090,227,2783,34,148,35,263,30,70,152,73
1091,1476,2783,1015,559,1814,630,562,595,561,598
1092,1912,2783,2875,2677,2885,2845,2887,2888,1912,2881
1093,723,2783,1372,989,724,609,1181,574,953,1410
1094,683,2783,2011,985,715,719,2126,607,646,756
1095,1938,2783,1404,3006,1859,1824,1937,1861,1936,1858
1096,1253,2783,2810,720,607,2696,683,719,646,722
1097,920,2783,1418,1720,885,884,886,883,919,1682
1098,1328,2783,607,1862,1633,568,683,1900,646,644
1099,70,2783,266,111,35,76,152,73,30,75
1100,1207,2783,1048,863,1205,932,1199,897,2977,1168
1101,1484,2783,2167,1181,2960,1598,2281,1407,1521,2243
1102,1183,2783,1493,1032,1680,952,1075,1224,1035,917
1103,1366,2783,607,1938,1936,1900,719,1899,646,683
1104,1129,2783,1309,1774,1435,2081,1739,1125,1776,1130
1105,1242,2783,1049,559,1205,2977,1203,1168,1207,1088
1106,1348,2783,824,886,1168,1161,779,822,1125,783
1107,2480,2783,2922,2845,2887,2881,2883,2968,2885,2888
1108,1514,2783,716,2011,1058,683,719,715,2126,753
1109,1188,2783,2949,1681,1071,1035,1186,1147,1075,1680
1110,2783,1253,1900,342,2354,1821,1973,456,1824,1936
1111,2977,2783,1703,752,1435,1130,1776,1203,1129,713
1112,1383,2783,779,884,824,1161,886,919,891,887
1113,1371,2783,2167,3026,2243,2960,1409,2092,1522,2281
1114,2986,2783,2167,1294,2978,2960,3026,2281,2168,2243
1115,1450,2783,1533,994,2369,1186,1183,1034,1188,1181
1116,1277,2783,2941,1659,1666,1161,1168,1888,1049,748
1117,243,2783,198,177,195,174,203,213,201,178
1118,683,2783,1862,1253,3013,530,569,456,1900,645
1119,1366,2783,1899,683,3006,1824,1938,1936,1859,646
1120,1442,2783,2690,756,1024,2773,683,2768,2733,987
1121,788,2783,1316,1666,2081,819,1058,754,784,751
1122,3034,2783,2168,2960,2243,1484,2931,2167,2130,2244
1123,1900,2783,645,1290,719,1936,1862,1899,646,2938
1124,1358,2783,716,2763,1058,719,753,755,754,715
1125,152,2783,226,493,303,227,2935,266,263,189
1126,1252,2783,645,568,605,684,719,646,683,607
1127,1161,2783,919,1424,824,885,653,1306,883,843
1128,1253,2783,2012,646,2697,1862,2938,683,644,719
1129,1343,2783,1148,1450,1183,1188,1073,1145,1187,1147
1130,323,2783,2961,214,440,371,254,479,174,212
1131,60,2783,572,88,461,89,49,92,21,19
1132,1183,2783,1342,1187,1450,1032,1188,1181,1260,1186
1133,1035,2783,1343,1684,1185,920,1681,1075,1071,1188
1134,1145,2783,689,840,724,989,653,917,3026,3023
1135,840,2783,1335,2369,994,2213,1183,1035,918,1034
1136,285,2783,2961,177,440,174,254,214,365,216
1137,2935,2783,569,227,340,379,263,266,606,303
1138,715,2783,2650,1016,1816,1057,525,2647,755,2648
1139,1241,2783,2081,751,884,1199,789,848,2005,1162
1140,2847,2783,1961,3018,2888,2774,2845,2887,2882,2968
1141,605,2783,1215,570,683,531,646,568,532,569
1142,177,2783,322,292,362,174,400,216,330,214
1143,2783,752,1051,560,666,525,557,562,598,713
1144,1382,2783,1149,1032,1183,1450,1229,918,1187,1181
1145,713,2783,1051,750,1161,1168,1203,2941,1017,1049
1146,1253,2783,491,2050,301,760,1064,2938,342,756
1147,646,2783,1253,2241,1671,340,1063,645,1102,644
1148,1338,2783,2213,1182,1188,1450,1224,1452,1145,1181
1149,1253,2783,456,1900,3013,569,645,1898,530,683
1150,1087,2783,559,2967,975,933,1199,1207,863,1205
1151,494,2783,1253,1900,3013,342,379,530,1899,456
1152,646,2783,2810,1253,719,568,722,644,2938,683
1153,2783,645,1253,569,530,532,570,644,3016,531
1154,530,2783,1253,1900,1026,342,494,379,1102,1937
1155,1253,2783,379,532,3013,683,493,530,645,569
1156,2129,2783,421,1369,3026,2053,2978,1522,2167,2130
1157,1277,2783,1334,1165,1161,1300,1163,1166,1203,1164
1158,340,2783,606,569,303,263,531,568,3016,570
1159,1518,2783,530,227,1102,683,570,531,532,228
1160,1145,2783,2366,1345,1188,994,2213,2369,1183,1184
1161,3034,2783,2243,2960,2168,1484,1598,2167,1977,2281
1162,1026,2783,2012,608,1253,2697,342,1938,722,1064
1163,2354,2783,1215,646,1671,340,1063,644,1102,645
1164,2783,1390,2716,755,2650,2720,716,2677,2718,2678
1165,756,2783,2763,1326,987,1133,719,1367,683,755
1166,1139,2783,532,3013,605,646,568,569,570,683
1167,1309,2783,2598,2081,2643,2481,2647,2603,2601,2517
1168,435,2783,161,195,168,474,159,204,164,198
1169,1102,2783,456,1976,1253,760,3027,342,531,379
1170,287,2783,2961,213,371,216,365,174,214,440
1171,198,2783,398,168,474,346,161,195,164,159
1172,1126,2783,1310,886,919,860,1168,891,884,1161
1173,1827,2783,1103,2281,1484,952,2322,1181,2320,991
1174,1181,2783,1303,2366,1186,1450,2213,1145,1073,1188
1175,532,2783,1253,2697,645,530,569,644,2938,531
1176,646,2783,3014,2354,1671,340,1102,1063,644,645
1177,531,2783,1253,1900,3013,645,379,1102,568,684
1178,2783,644,1215,265,1102,646,3013,1214,645,340
1179,1252,2783,607,684,568,719,644,645,646,683
1180,1344,2783,2213,1148,1188,1184,2366,1145,1183,1189
1181,2935,2783,569,3013,606,340,263,379,531,570
1182,35,2783,75,68,73,30,70,76,152,38
1183,441,2783,216,408,174,332,213,177,214,254
1184,2657,2783,1253,645,1102,2735,722,644,646,2697
1185,919,2783,1305,1186,1181,1035,918,1032,1306,879
1186,242,2783,216,426,123,292,178,254,427,177
1187,1215,2783,265,645,1102,228,3016,340,644,1214
1188,753,2783,1249,2540,1785,719,646,755,607,2578
1189,1252,2783,684,3013,605,266,1102,645,1253,646
1190,1253,2783,2658,2938,2013,1102,2810,606,722,2012
1191,1253,2783,530,266,570,1102,645,1291,531,532
1192,2167,2783,1446,2893,2960,2130,2931,2282,3034,2129
1193,2783,1379,2213,1182,1450,1187,1032,1223,2211,1181
1194,2935,2783,3016,228,532,340,188,266,569,570
1195,1089,2783,1300,1297,1207,1163,1161,1049,1203,1301
1196,1253,2783,2772,683,1102,681,2768,2773,3016,2769
1197,3034,2783,2092,2243,2960,2168,3034,2281,1977,2167
1198,1051,2783,1334,559,1206,1300,1017,1203,562,1049
1199,683,2783,1822,2810,2051,2734,722,2771,2052,2695
1200,2515,2783,2885,2677,3018,2510,2845,2888,2881,2674
1201,2212,2783,2515,2881,2512,2594,2477,2552,2514,2554
1202,1415,2783,1145,1681,1413,1224,1181,1452,1183,1222
1203,559,2783,1012,1199,665,1207,863,1390,971,1049
1204,1168,2783,2988,2420,1277,1435,1297,1161,1300,1298
1205,936,2783,2043,673,2932,2421,751,981,561,675
1206,2768,2783,1286,683,2774,2964,2727,2769,2730,2690
1207,2967,2783,2267,2044,1653,1665,1134,1586,2647,2269
1208,1316,2783,750,1776,1130,2081,1161,1666,2941,752
1209,2461,2783,1133,1395,679,949,752,1247,2498,2932
1210,1103,2783,1448,952,1181,1255,1484,1183,913,1218
1211,1344,2783,1148,1643,1145,1188,1146,1382,1149,1183
1212,1064,2783,2012,379,1253,2697,722,1938,342,456
1213,2697,2783,645,1215,532,570,568,569,2938,644
1214,646,2783,2772,1215,1102,683,1063,644,1215,2773
1215,263,2783,570,227,188,2935,228,569,266,532
1216,1203,2783,630,1088,598,1206,1161,557,666,561
1217,352,2783,2978,432,231,313,422,305,346,385
1218,302,2783,228,532,266,2935,188,227,303,340
1219,684,2783,2735,1253,1102,645,1063,2697,2658,722
1220,2458,2783,1012,791,2645,2081,981,2461,751,2647
1221,1253,2783,569,2697,1102,645,568,532,684,644
1222,1278,2783,847,2952,1666,1282,812,1718,1390,1162
1223,2026,2783,2518,2485,2515,2562,2483,2598,2556,2516
1224,1195,2783,846,653,886,843,1038,844,845,884
1225,2421,2783,1127,1653,1246,1159,2081,1472,1017,1161
1226,1409,2783,952,1181,1103,1183,1407,1027,913,953
1227,1282,2783,2081,939,2967,973,597,1161,2153,2044
1228,2783,1328,569,266,1102,493,683,530,532,1328
1229,154,2783,83,49,92,78,88,116,155,90
1230,2960,2783,3034,2243,2130,2931,2167,2244,2129,1484
1231,340,2783,1102,228,378,530,151,379,531,227
1232,568,2783,227,1102,532,379,228,340,493,151
1233,1089,2783,2382,1168,1435,1161,1017,1203,1049,1207
1234,1447,2783,2960,952,1181,2168,1255,1407,1484,913
1235,1109,2783,1313,1129,1337,884,1149,1161,1453,1226
1236,554,2783,254,174,330,178,255,217,292,216
1237,72,2783,148,30,263,75,70,35,152,73
1238,1289,2783,2464,681,2086,2696,1133,2463,683,2503
1239,1252,2783,2658,645,2810,2697,722,2735,2657,2938
1240,1099,2783,645,266,1215,569,1102,340,684,644
1241,2158,2783,1689,2562,2722,2603,2485,2043,2598,2647
1242,2783,292,410,216,174,295,449,372,254,447
1243,3034,2783,2167,2931,2243,2960,2130,2281,2244,2168
1244,1109,2783,1343,1450,1183,1188,1032,1148,1181,1149
1245,276,2783,177,385,231,174,305,422,346,292
1246,645,2783,1213,1633,987,756,568,684,722,758
1247,303,2783,36,152,228,302,263,266,188,227
1248,725,2783,2167,2978,2960,2986,3026,2168,2243,2244
1249,884,2783,1191,615,622,844,886,656,805,653
1250,1253,2783,2984,683,1101,1443,3016,1026,1102,760
1251,1253,2783,530,645,569,532,644,2938,531,3016
1252,1125,2783,1310,919,1129,1338,1435,1161,1127,1311
1253,1130,2783,1309,1226,2211,2081,1450,1454,1148,1149
1254,119,2783,125,155,86,78,123,164,116,120
1255,1165,2783,1297,1666,1316,1161,1300,1049,1164,1163
1256,424,2783,457,495,460,536,2978,3026,458,499
1257,2468,2783,1325,1898,3013,683,945,1102,2653,2389
1258,1103,2783,1375,2250,1189,1032,1450,1183,952,1181
1259,1297,2783,952,1183,1032,1065,1181,1027,953,951
1260,1090,2783,595,1207,1508,630,1161,561,598,1049
1261,1189,2783,1183,1305,1450,1186,1181,1145,1184,1188
1262,753,2783,1282,1817,1096,2123,1744,1057,755,1094
1263,1253,2783,3016,493,683,530,532,684,645,569
1264,1252,2783,569,645,1102,493,530,532,1253,570
1265,569,2783,1252,645,1102,530,493,1253,3016,532
1266,1424,2783,2643,2081,2598,2647,2562,2567,2722,2603
1267,2055,2783,1181,2514,2395,2248,1484,2281,1255,1183
1268,2938,2783,1253,2697,1938,530,569,645,531,683
1269,1316,2783,2081,709,1055,1666,1161,1390,1049,1083
1270,2783,2645,1621,2716,2727,2761,2676,2680,2639,2721
1271,569,2783,1253,2697,1102,568,532,645,644,570
1272,517,2783,408,174,629,522,519,212,555,446
1273,1291,2783,646,1102,1671,1443,644,683,1063,1026
1274,174,2783,519,446,556,522,408,555,212,371
1275,2783,3004,2160,1096,1817,1589,869,1744,2085,1320
1276,1125,2783,1309,1148,1435,1130,1226,1161,1129,1149
1277,224,2783,340,227,152,266,263,228,265,303
1278,1161,2783,1337,2081,1354,1049,1186,1128,1162,1163
1279,1315,2783,1181,1454,1188,1032,1450,952,1452,1183
1280,1149,2783,1305,1452,1183,1454,1189,1450,1186,1188
1281,1185,2783,1307,1643,1187,1797,1148,1307,1188,1682
1282,1307,2783,2081,1149,1130,1450,1181,1125,1453,1148
1283,947,2783,2774,340,645,1063,2984,644,722,1102
1284,1776,2783,2382,1317,2043,2647,1436,1129,2421,1778
1285,1272,2783,1678,1038,2081,1134,2211,1149,1454,883
1286,645,2783,1405,340,1063,1671,644,1480,1102,646
1287,2727,2783,1247,2211,2086,679,2769,2763,2767,1285
1288,1282,2783,1279,1700,941,1161,1277,981,1163,1663
1289,1279,2783,2081,789,1134,1161,1738,2153,1282,1163
1290,1267,2783,1452,1186,1456,1188,1183,1450,1454,1228
1291,1161,2783,1204,1352,824,1659,897,1163,1313,1168
1292,2102,2783,2875,2674,2587,2845,2677,2886,2881,2874
1293,1089,2783,598,1204,1207,1164,1203,2977,2994,1125
1294,1442,2783,2691,683,2512,2468,1102,945,1325,2466
1295,1253,2783,569,1900,3013,456,645,568,1899,1862
1296,128,2783,426,88,58,124,90,92,49,89
1297,758,2783,2810,1290,722,2696,2769,683,681,720
